id,hip,hd,hr,gl,bf,proper,dist,mag,absmag,spect,ci,x,y,z,bayer,flam,con,comp,comp_primary,base,lum,var
0,,,,,,Sol,0,-1,4.85,G2V,0.656,5.00E-06,0,0,,,,1,0,,1,
1,88,224834,9081,,Tau Phe,,181.8182,5.71,-0.588,G8III,0.911,119.736878,0.562356,-136.823418,Tau,,Phe,1,88,,149.6924857,
2,122,224889,9084,,The Oct,,66.5779,4.78,0.663,K2III,1.254,14.902031,0.103716,-64.888859,The,,Oct,1,122,,47.29334149,
3,145,224926,9087,,29    Psc,,139.2758,5.13,-0.589,B7III-IV,-0.128,139.077212,1.106982,-7.355907,,29,Psc,1,145,,149.8304211,
4,154,224935,9089,,30    Psc,,132.4503,4.37,-1.24,M3III,1.631,131.716394,1.126662,-13.877167,,30,Psc,1,154,,272.8977783,YY
5,171,224930,9088,Gl 914A,85    Peg,,12.1699,5.8,5.374,G3V,0.69,10.834733,0.102555,5.540428,,85,Peg,1,171,Gl 914,0.617163168,
6,183,224990,9091,,Zet Scl,,154.0832,5.04,-0.899,B4V,-0.15,133.807455,1.36158,-76.389577,Zet,,Scl,1,183,,199.3425456,
7,186,224995,9092,,31    Psc,,122.8501,6.33,0.883,A6V,0.182,121.345487,1.272247,19.126563,,31,Psc,1,186,,38.61890894,
8,194,225003,9093,,32    Psc,,36.9004,5.7,2.865,F0V,0.315,36.494389,0.397318,5.44498,,32,Psc,1,194,,6.223002852,
9,301,225132,9098,,2    Cet,,83.4725,4.55,-0.058,B9IVn,-0.047,79.670013,1.300177,-24.872663,,2,Cet,1,300,,91.87556017,
10,330,225180,9100,,9    Cas,,100000,5.9,-14.1,A1III,0.274,46495.3549,857.790357,88529.35184,,9,Cas,1,330,,38018939.63,
11,355,225212,9103,,3    Cet,,641.0256,4.99,-4.044,K3Ibvar,1.619,630.150175,12.379991,-116.922329,,3,Cet,1,355,,3610.771451,
12,443,28,3,,33    Psc,,39.4945,4.61,1.627,K1III,1.029,39.287997,0.914841,-3.927804,,33,Psc,1,441,,19.46256159,BC
13,476,87,4,,86    Peg,,114.2857,5.55,0.26,G5III,0.901,111.141705,2.764456,26.478222,,86,Peg,1,475,,68.54882265,
14,531,144,7,,10    Cas,,265.9574,5.57,-1.554,B9III,-0.023,115.723206,3.253833,239.438695,,10,Cas,1,530,,364.4181508,
15,677,358,15,,21Alp And,Alpheratz,29.7442,2.07,-0.297,B9p,-0.038,25.974572,0.951042,14.461264,Alp,21,And,1,676,,114.4985535,Alp
16,729,448,22,,87    Peg,,87.4126,5.57,0.862,G9III,1.043,82.969037,3.274515,27.319281,,87,Peg,1,727,,39.37313537,
17,746,432,21,Gl 8,11Bet Cas,Caph,16.7842,2.28,1.155,F2III-IV,0.38,8.600014,0.344589,14.409503,Bet,11,Cas,1,744,,30.06076303,Bet
18,761,493,24,,Kap1Scl,,77.4593,5.42,0.975,F3V,0.414,68.343305,2.790097,-36.350566,Kap-1,,Scl,1,759,,35.48133892,
19,765,496,25,Gl 9.1,Eps Phe,,44.2087,3.88,0.652,K0III,1.013,30.82377,1.266396,-31.665333,Eps,,Phe,1,763,,47.77492347,
20,813,560,26,,34    Psc,,93.633,5.54,0.683,B9V,-0.064,91.778975,4.021883,18.099895,,34,Psc,1,811,,46.43014073,
21,814,636,30,,Gam3Oct,,78.064,5.29,0.828,K1/K2III,1.049,10.551931,0.46238,-77.346312,Gam-3,,Oct,1,812,,40.62561982,
22,841,571,27,,22    And,,377.3585,5.01,-2.874,F2II,0.405,261.527194,11.785276,271.779391,,22,And,1,839,,1229.136173,
23,910,693,33,Gl 10,6    Cet,,18.7477,4.89,3.525,F5V,0.487,18.046958,0.887717,-5.000042,,6,Cet,1,908,,3.388441561,
24,930,720,34,,Kap2Scl,,243.309,5.41,-1.521,K2III,1.346,214.952607,10.864269,-113.475053,Kap-2,,Scl,1,928,,353.5086134,
25,950,739,35,GJ 3013,The Scl,,21.2766,5.24,3.6,F3/F5V,0.459,17.377471,0.890451,-12.244148,The,,Scl,1,948,,3.16227766,
26,1067,886,39,,88Gam Peg,Algenib,120.048,2.83,-2.567,B2IV,-0.19,115.664183,6.687324,31.442127,Gam,88,Peg,1,1065,,926.4031007,Gam
27,1086,905,41,,23    And,,34.904,5.71,2.996,F0IV,0.331,26.282289,1.551559,22.915172,,23,And,1,1084,,5.515691913,
28,1168,1013,45,,89Chi Peg,,112.8668,4.79,-0.473,M2III,1.572,105.704826,6.744268,38.98495,Chi,89,Peg,1,1166,,134.6480288,
29,1170,1038,48,,7    Cet,,137.1742,4.44,-1.246,M1III,1.64,129.488149,8.283,-44.507481,,7,Cet,1,1169,,274.4100418,AE
30,1196,1061,50,,35    Psc,,77.7605,6.02,1.566,F0IV,0.312,76.676686,5.019156,11.92437,,35,Psc,1,1194,,20.58732877,UU
31,1319,1227,59,,36    Psc,,125,6.12,0.635,G8II-III,0.919,123.386422,8.935011,17.915321,,36,Psc,1,1317,,48.52885002,
32,1366,1280,63,,24The And,,94.697,4.61,-0.272,A2V,0.059,73.717927,5.507828,59.184918,The,24,And,1,1363,,111.8922482,
33,1473,1404,68,,25Sig And,,41.3223,4.51,1.429,A2V,0.054,32.988623,2.643715,24.744457,Sig,25,And,1,1470,,23.35608247,
34,1475,1326,,Gl 15A,,Groombridge 34,3.5873,8.09,10.316,M1V,1.56,2.571275,0.20667,2.493057,,,And,1,1472,Gl  15,0.006510285,GX
35,1501,1438,70,,26    And,,202.8398,6.1,-0.436,B8V,-0.074,145.93616,11.935836,140.371588,,26,And,1,1498,,130.136763,
36,1547,1502,,,,Citadelle,159.2357,8.36,2.35,K0,0.92,153.922235,12.982322,38.670219,,,Psc,1,1544,,10,
37,1562,1522,74,,8Iot Cet,,84.1751,3.56,-1.066,K2III,1.214,82.880324,7.042663,-12.912353,Iot,8,Cet,1,1559,,232.4877102,
38,1599,1581,77,Gl 17,Zet Tuc,,8.5866,4.23,4.561,F9V,0.576,3.631914,0.318885,-7.774227,Zet,,Tuc,1,1595,,1.304968414,
39,1645,1635,80,,41    Psc,,125,5.38,-0.105,K3III,1.343,123.225843,11.104763,17.807629,,41,Psc,1,1641,,95.94006315,
40,1647,1685,83,,Pi  Tuc,,97.561,5.5,0.554,B9V,-0.046,33.829515,3.056494,-91.457047,Pi,,Tuc,1,1643,,52.28775553,
41,1686,1671,82,,27Rho And,,48.5437,5.16,1.729,F5III,0.442,38.106993,3.521856,29.865569,Rho,27,And,1,1682,,17.7174004,
42,1708,1737,84,,Iot Scl,,101.3171,5.18,0.152,K0III,1.006,88.239543,8.310005,-49.090933,Iot,,Scl,1,1704,,75.71815097,
43,1772,1796,86,,42    Psc,,153.8462,6.25,0.315,K3III,1.225,148.890825,14.61509,35.868965,,42,Psc,1,1768,,65.16283941,
44,1803,1835,88,Gl 17.3,9    Cet,,20.8638,6.39,4.793,G3V,0.659,20.290476,2.030904,-4.412393,,9,Cet,1,1799,,1.053901445,BE
45,1960,2011,93,,12    Cas,,215.0538,5.38,-1.283,B9III,0.008,100.927665,10.96058,189.582683,,12,Cas,1,1955,,283.9226239,
46,2006,2114,97,,44    Psc,,144.0922,5.77,-0.023,G5III,0.855,143.125834,15.92987,4.877167,,44,Psc,1,2000,,88.96107044,
47,2021,2151,98,Gl 19,Bet Hyi,,7.4588,2.82,3.457,G2IV,0.618,1.635267,0.184517,-7.275205,Bet,,Hyi,1,2016,,3.607447339,
48,2072,2262,100,Gl 20,Kap Phe,,23.8095,3.93,2.046,A7V,0.175,17.106924,1.964466,-16.443574,Kap,,Phe,1,2069,,13.23122333,
49,2081,2261,99,,Alp Phe,Ankaa,25.974,2.4,0.327,K0III...,1.083,19.083654,2.198282,-17.483284,Alp,,Phe,1,2076,,64.44659847,
50,2100,2273,101,,10    Cet,,138.3126,6.16,0.456,G8III,0.893,137.380141,16.031246,-0.119572,,10,Cet,1,2095,,57.22687092,
51,2210,2429,105,,Eta Scl,,138.5042,4.86,-0.847,M2/M3III,1.634,115.288699,14.119065,-75.449377,Eta,,Scl,1,2204,,190.0203003,Eta
52,2219,2411,103,,47    Psc,,162.0746,5.01,-1.039,M3IIIvar,1.584,153.081675,18.829007,49.79621,,47,Psc,1,2213,,226.7775192,TV
53,2224,2436,106,,48    Psc,,233.6449,6.05,-0.793,K5III,1.58,222.391169,27.51478,66.143898,,48,Psc,1,2218,,180.8006552,
54,2247,,,,,Felixvarela,35.7015,9.62,6.857,K5V,1.128,34.013301,4.262471,-9.976163,,,Cet,1,2241,,0.157470788,
55,2353,2637,117,,12    Cet,,173.913,5.72,-0.482,M0III,1.545,172.0102,22.675579,-12.00236,,12,Cet,1,2347,,135.7688064,
56,2355,2628,114,,28    And,,62.7746,5.2,1.211,A7III,0.271,54.029838,7.142605,31.151228,,28,And,1,2349,,28.54959817,GN
57,2472,2834,125,,Lam1Phe,,52.9661,4.76,1.14,A0V,0.018,34.558503,4.767165,-39.85461,Lam-1,,Phe,1,2466,,30.4789499,
58,2474,2729,121,,13    Cas,,233.1002,6.18,-0.658,B6V,-0.1,92.003789,12.693144,213.798617,,13,Cas,1,2468,,159.6614246,
59,2484,2884,126,,Bet1Tuc,,41.4079,4.36,1.275,B9V,-0.064,18.64771,2.582977,-36.881102,Bet-1,,Tuc,1,2478,,26.91534804,
60,2487,2885,127,,Bet2Tuc,,51.6529,4.53,0.965,A2V,0.147,23.255404,3.222589,-46.009047,Bet-2,,Tuc,1,2479,,35.80964371,
61,2505,2772,123,,14Lam Cas,,115.7407,4.74,-0.577,B8Vn,-0.098,66.52975,9.282854,94.252351,Lam,14,Cas,1,2499,,148.1835518,
62,2548,2913,132,,51    Psc,,80.9717,5.69,1.148,B9.5V,-0.014,79.574268,11.323808,9.805512,,51,Psc,1,2543,,30.25519804,
63,2568,2910,131,,52    Psc,,80,5.38,0.865,K0III,1.069,74.276339,10.634394,27.747369,,52,Psc,1,2562,,39.26449354,
64,2578,3003,136,GJ 9015A,Bet3Tuc,,45.5581,5.07,1.777,A0V,0.038,20.450292,2.940715,-40.603969,Bet-3,,Tuc,1,2572,GJ 9015,16.95118252,
65,2599,2905,130,,15Kap Cas,,100000,4.17,-15.83,B1Ia,0.13,45034.19186,6529.619087,89046.53634,Kap,15,Cas,1,2592,,187068214,Kap
66,2629,3112,139,,The Tuc,,130.039,6.11,0.54,A7IV,0.265,41.322307,6.063137,-123.149711,The,,Tuc,1,2623,,52.96634439,The
67,2707,3038,137,,16    Cas,,189.7533,6.47,0.079,B9III,-0.049,74.059894,11.205582,174.343992,,16,Cas,1,2701,,80.98414473,
68,2762,3196,142,Gl 23A,13    Cet,,21.254,5.2,3.563,F8V...,0.567,20.961944,3.249574,-1.331907,,13,Cet,1,2756,Gl  23,3.271899836,BU
69,2787,3229,143,,14    Cet,,54.4959,5.94,2.258,F5IV,0.444,53.839659,8.418363,-0.480897,,14,Cet,1,2781,,10.88428738,
70,2802,3302,147,GJ 3041,Lam2Phe,,34.8189,5.51,2.801,F6V,0.461,23.016158,3.613111,-25.875905,Lam-2,,Phe,1,2796,,6.60085207,
71,2903,3379,155,,53    Psc,,318.4713,5.89,-1.625,B2.5IV,-0.146,303.333338,49.113713,83.669867,,53,Psc,1,2897,,389.045145,AG
72,2912,3369,154,,29Pi  And,,183.4862,4.34,-1.978,B5V,-0.123,150.645938,24.453844,101.857872,Pi,29,And,1,2906,,538.517722,
73,2920,3360,153,,17Zet Cas,Fulu,181.8182,3.69,-2.608,B2IV,-0.196,105.743565,17.207892,146.901502,Zet,17,Cas,1,2914,,962.0552192,
74,3031,3546,163,,30Eps And,,50.226,4.34,0.835,G5III...,0.871,43.176578,7.332959,24.588338,Eps,30,And,1,3025,,40.3645393,
75,3092,3627,165,,31Del And,,32.352,3.27,0.72,K3III...,1.268,27.363473,4.742224,16.595166,Del,31,And,1,3086,,44.87453899,
76,3093,3651,166,Gl 27,54    Psc,,11.0595,5.88,5.661,K0V,0.85,10.155576,1.761632,4.008362,,54,Psc,1,3087,,0.473805393,
77,3138,3690,167,,55    Psc,,127.0648,5.36,-0.16,F3V...,1.16,116.482876,20.500398,46.442414,,55,Psc,1,3132,,100.9252886,
78,3179,3712,168,,18Alp Cas,Schedar,69.979,2.24,-1.985,K0II-IIIvar,1.17,37.984817,6.784483,58.379619,Alp,18,Cas,1,3172,,542.0008904,Alp
79,3231,3817,175,,32    And,,108.8139,5.3,0.117,G8III,0.891,82.664742,14.992827,69.15353,,32,And,1,3224,,78.19878404,
80,3245,3919,180,,Mu  Phe,,75.358,4.59,0.204,G8III,0.953,51.420268,9.373821,-54.285737,Mu,,Phe,1,3238,,72.17719497,
81,3277,3980,183,,Xi  Phe,,67.0241,5.72,1.589,Ap,0.131,36.379065,6.705245,-55.891371,Xi,,Phe,1,3271,,20.15579813,Xi
82,3300,3901,179,,19Xi  Cas,,438.5965,4.8,-3.41,B2.5V,-0.105,274.222888,50.904565,338.492753,Xi,19,Cas,1,3293,,2013.72425,
83,3330,4089,187,,Rho Tuc,,41.0341,5.38,2.314,F6V,0.515,16.745713,3.139387,-37.330055,Rho,,Tuc,1,3323,,10.33713052,
84,3356,4065,185,,Lam1Scl,,145.1379,6.05,0.241,B9.5V,-0.024,111.67562,21.058364,-90.278111,Lam-1,,Scl,1,3347,,69.75896043,
85,3405,4150,191,,Eta Phe,,75.5287,4.36,-0.031,A0IV,0.024,39.897951,7.638724,-63.674097,Eta,,Phe,1,3398,,89.61898069,
86,3414,4058,184,,20Pi  Cas,,53.6769,4.95,1.301,A5V,0.17,35.934654,6.898434,39.272564,Pi,20,Cas,1,3407,,26.27846541,Pi
87,3419,4128,188,Gl 31,16Bet Cet,Diphda,29.5334,2.04,-0.312,K0III,1.019,27.583638,5.310463,-9.119792,Bet,16,Cet,1,3413,,116.091387,
88,3455,4188,194,,17Phi1Cet,,71.6332,4.77,0.494,K0IIIvar,0.998,69.103848,13.491898,-13.188762,Phi-1,17,Cet,1,3448,,55.25861556,
89,3456,4211,195,,Lam2Scl,,103.8422,5.9,0.818,K1III,1.144,79.84779,15.593763,-64.532299,Lam-2,,Scl,1,3449,,41.00152405,
90,3479,4208,,GJ 9024,,Cocibolca,32.3729,7.78,5.229,G5V,0.664,28.425119,5.582477,-14.452867,,,Scl,1,3472,,0.705342414,
91,3504,4180,193,,22Omi Cas,,215.5172,4.48,-2.187,B5III,-0.069,140.690195,27.809754,160.874126,Omi,22,Cas,1,3496,,652.8298442,Omi
92,3559,4307,203,GJ 1020,18    Cet,,30.9981,6.15,3.693,G2V,0.603,29.624957,5.957047,-6.910183,,18,Cet,1,3551,,2.90268561,
93,3572,4161,192,,21    Cas,,93.0233,5.64,0.797,A2IV,0.078,23.618496,4.767825,89.848671,,21,Cas,1,3564,,41.8022829,YZ
94,3632,4408,211,,57    Psc,,238.0952,5.36,-1.524,M4III,1.559,224.74591,46.286311,63.530014,,57,Psc,1,3624,,354.4867445,EL
95,3675,4482,213,,58    Psc,,86.8056,5.51,0.817,G8II,0.987,83.135681,17.301446,18.009142,,58,Psc,1,3667,,41.03930525,
96,3685,4490,214,,59    Psc,,100.6036,6.11,1.097,F0Vn,0.27,92.781521,19.394526,33.712404,,59,Psc,1,3677,,31.71027439,XX
97,3693,4502,215,,34Zet And,Shimu,58.0046,4.08,0.263,K1II,1.1,51.755023,10.844894,23.839349,Zet,34,And,1,3685,,68.35967668,Zet
98,3697,4526,216,,60    Psc,,141.2429,5.98,0.23,G8III,0.941,137.278099,28.800101,16.579198,,60,Psc,1,3689,,70.4693069,
99,3721,4382,208,,23    Cas,,236.4066,5.42,-1.448,B8III,-0.066,60.456458,12.786343,228.187629,,23,Cas,1,3713,,330.5217169,
100,3730,4568,217,,61    Psc,,57.0451,6.51,2.729,F8V,0.521,52.122595,11.058513,20.373731,,61,Psc,1,3722,,7.053424143,
101,3760,4627,221,,62    Psc,,177.6199,5.92,-0.327,G8III,1.104,172.283739,36.848083,22.568981,,62,Psc,1,3752,,117.7063791,
102,3765,4628,222,Gl 33,,96 G. Psc,7.4549,5.74,6.378,K2V,0.89,7.258368,1.555495,0.686093,,,Psc,1,3759,,0.244793567,
103,3781,4815,236,,Lam Hyi,,64.9351,5.09,1.028,K5III,1.345,16.512027,3.554214,-62.699898,Lam,,Hyi,1,3773,,33.79091874,
104,3786,4656,224,,63Del Psc,,95.4198,4.44,-0.458,K5III,1.5,92.459279,19.940749,12.595285,Del,63,Psc,1,3778,,132.8005886,
105,3801,4636,223,,25Nu  Cas,,126.2626,4.9,-0.606,B9III,-0.091,77.715955,16.814743,98.08037,Nu,25,Cas,1,3793,,152.1948651,
106,3810,4676,225,Gl 34.1,64    Psc,,23.4522,5.07,3.219,F8V...,0.502,21.92421,4.758056,6.833532,,64,Psc,1,3802,,4.491588901,
107,3821,4614,219,Gl 34A,24Eta Cas,Achird,5.9531,3.46,4.586,G0V SB,0.587,3.098462,0.674227,5.038376,Eta,24,Cas,1,3814,Gl  34,1.275263706,Eta
108,3829,,,Gl 35,,Van Maanen's Star,4.2626,12.37,14.222,DG,0.554,4.146957,0.903519,0.400348,,,Psc,1,3820,,0.00017832,
109,3881,4727,226,,35Nu  And,,189.3939,4.53,-1.857,B5V SB,-0.136,139.406857,30.787155,124.45018,Nu,35,And,1,3871,,481.7259036,
110,3885,4757,230,,65    Psc,,88.574,5.55,0.813,F5III+...,0.398,76.565167,16.93417,41.187019,,65,Psc,1,3875,,41.19077849,
111,3909,4813,235,Gl 37,19Phi2Cet,,15.753,5.17,4.183,F7IV-V,0.514,15.113168,3.359263,-2.909778,Phi-2,19,Cet,1,3899,,1.848417195,
112,3949,4919,242,,Rho Phe,,74.239,5.24,0.887,F2III,0.356,45.595244,10.251595,-57.683939,Rho,,Phe,1,3939,,38.47689339,Rho
113,4084,5190,252,,Lam1Tuc,,63.2911,6.67,2.663,F7IV/V,0.518,21.584297,5.023683,-59.28472,Lam-1,,Tuc,1,4075,,7.495489498,
114,4147,5112,248,,20    Cet,,179.8561,4.78,-1.495,M0III,1.55,175.031944,41.221192,-3.591689,,20,Cet,1,4137,,345.1437393,
115,4257,5268,255,,21    Cet,,131.406,6.15,0.557,G5IV,0.911,126.25279,30.481502,-19.968818,,21,Cet,1,4247,,52.14347854,
116,4267,5267,254,,66    Psc,,108.1081,5.8,0.631,A1Vn,-0.016,99.219532,24.089496,35.532538,,66,Psc,1,4257,,48.70796665,
117,4288,5286,258,,36    And,,37.9795,5.46,2.562,K1IV,1.012,33.799462,8.265744,15.222273,,36,And,1,4278,,8.226213939,
118,4292,5234,253,,26Ups1Cas,,100.7049,4.83,-0.185,K2III,1.216,50.420166,12.338344,86.296046,Ups-1,26,Cas,1,4282,,103.2761406,
119,4293,5457,270,,Lam2Tuc,,68.0272,5.45,1.287,G7III,1.095,23.111518,5.655909,-63.730483,Lam-2,,Tuc,1,4283,,26.61950651,
120,4366,5382,262,,67    Psc,,77.7605,6.08,1.626,A5IV,0.133,67.103175,16.722974,35.555454,,67,Psc,1,4356,,19.48049553,
121,4371,5437,267,,22Phi3Cet,,168.9189,5.35,-0.788,K4III,1.505,160.738174,40.095029,-33.002182,Phi-3,22,Cet,1,4361,,179.9699517,
122,4422,5395,265,,28Ups2Cas,Castula,61.2745,4.62,0.684,G8III-IV,0.957,30.437701,7.68286,52.6216,Ups-2,28,Cas,1,4412,,46.38739668,
123,4427,5394,264,,27Gam Cas,Cih,168.3502,2.15,-3.981,B0IV:evar,-0.046,79.836717,20.168018,146.837047,Gam,27,Cas,1,4417,,3407.218617,Gam
124,4436,5448,269,,37Mu  And,,39.7772,3.86,0.862,A5V,0.13,30.180673,7.630372,24.761577,Mu,37,And,1,4426,,39.37313537,
125,4463,5516,271,,38Eta And,Kui,70.4225,4.4,0.161,G8III-IV,0.94,62.61915,15.963361,27.988017,Eta,38,And,1,4453,,75.09309425,
126,4510,5575,274,,68    Psc,,198.8072,5.44,-1.052,G6III,1.076,168.38599,43.418942,96.360017,,68,Psc,1,4500,,229.5091476,
127,4577,5737,280,,Alp Scl,,238.0952,4.3,-2.584,B7IIIp,-0.154,200.770598,52.489589,-116.727788,Alp,,Scl,1,4567,,941.0224835,Alp
128,4587,5722,279,,23Phi4Cet,,98.0392,5.62,0.663,G7III,0.949,92.972978,24.361145,-19.344545,Phi-4,23,Cet,1,4577,,47.29334149,
129,4770,6055,288,,Xi  Scl,,157.4803,5.59,-0.396,K1III,1.185,118.171698,32.386093,-98.926985,Xi,,Scl,1,4760,,125.4295892,
130,4829,6192,295,,Ome Phe,,120.6273,6.12,0.713,G8III,0.935,63.302589,17.564389,-101.169404,Ome,,Phe,1,4819,,45.16479049,
131,4852,6178,293,,Sig Scl,,71.2251,5.5,1.237,A1/A2IV,0.083,58.456761,16.332571,-37.270081,Sig,,Scl,1,4842,,27.8740452,Sig
132,4889,6118,291,,69Sig Psc,,132.9787,5.5,-0.119,B9.5V,-0.043,108.793748,30.58991,70.082353,Sig,69,Psc,1,4879,,97.18517029,
133,4903,6116,290,,39    And,,107.2961,5.95,0.797,A5m,0.161,77.536715,21.832696,70.879137,,39,And,1,4893,,41.8022829,
134,4906,6186,294,,71Eps Psc,,55.7414,4.27,0.539,K0III,0.952,53.144471,14.974142,7.651854,Eps,71,Psc,1,4896,,53.01515067,
135,4914,6203,296,,25    Cet,,102.2495,5.4,0.352,K0III-IV,1.106,98.055173,27.673943,-8.621115,,25,Cet,1,4904,,62.97961479,
136,4979,6288,301,,26    Cet,,60.1323,6.06,2.164,F1V,0.271,57.799684,16.523894,1.43438,,26,Cet,1,4970,,11.86861385,
137,5054,6434,,GJ 9037,,Nenque,41.3736,7.72,4.636,G3IV,0.613,30.667693,8.890809,-26.310407,,,Phe,1,5044,,1.217867385,
138,5074,6386,307,,73    Psc,,199.6008,6.03,-0.471,K5III,1.525,190.723312,55.48,19.672665,,73,Psc,1,5064,,134.4002263,
139,5081,6397,308,,72    Psc,,54.5852,5.64,1.955,F4II-III,0.42,50.625883,14.777494,14.078123,,72,Psc,1,5071,,14.38798578,
140,5121,6482,315,,27    Cet,,92.9368,6.09,1.249,K0III,1.012,87.805122,25.848577,-16.105294,,27,Cet,1,5111,,27.5676661,
141,5131,6456,310,,74Psi1Psc,,84.317,5.33,0.7,A1Vn,0.003,75.264054,22.18089,30.865551,Psi-1,74,Psc,1,5121,,45.70881896,
142,5132,6457,311,,74Psi1Psc,,85.9107,5.55,0.88,A0Vn,-0.048,76.689465,22.605555,31.438147,Psi-1,74,Psc,1,5122,,38.72576449,
143,5141,6479,313,,77    Psc,,40.6339,6.35,3.306,F4V...,0.383,38.826644,11.467903,3.476733,,77,Psc,1,5130,,4.145720318,
144,5144,6480,314,,77    Psc,,42.9553,7.26,4.095,F6V,0.484,41.042762,12.129628,3.67613,,77,Psc,1,5135,,2.004472027,
145,5165,6595,322,,Bet Phe,,100000,3.32,-16.68,G8IIIvar,0.885,65728.03719,19495.7741,-72799.31262,Bet,,Phe,1,5154,,409260659.7,
146,5164,6530,317,,28    Cet,,180.8318,5.58,-0.706,A1V,0.009,170.81587,50.667538,-30.901693,,28,Cet,1,5155,,166.8783511,
147,5204,6557,319,,75    Psc,,133.3333,6.14,0.515,G8III,0.962,124.497478,37.209234,29.893795,,75,Psc,1,5192,,54.20008904,
148,5268,6793,332,,Iot Tuc,,93.2836,5.36,0.511,G5III,0.884,42.22755,12.77158,-82.192076,Iot,,Tuc,1,5257,,54.40013782,Iot
149,5296,6706,329,,30    Cet,,47.1476,5.71,2.343,F7IV,0.446,44.445274,13.539556,-8.013286,,30,Cet,1,5285,,10.06468066,
150,5300,6767,331,,Ups Phe,,56.9476,5.21,1.433,A3V,0.159,40.806905,12.436518,-37.724964,Ups,,Phe,1,5289,,23.27019379,
151,5310,6695,328,,79Psi2Psc,,47.3037,5.56,2.186,A3V,0.121,42.308177,12.925365,16.750865,Psi-2,79,Psc,1,5299,,11.63054323,
152,5317,6658,324,,41    And,,58.9623,5.04,1.187,A3m,0.109,40.599499,12.415253,40.915823,,41,And,1,5306,,29.18770848,
153,5319,6680,327,,78    Psc,,41.3907,6.23,3.145,F5IV,0.398,33.562201,10.264583,21.941226,,78,Psc,1,5308,,4.808393484,
154,5336,6582,321,Gl 53A,30Mu  Cas,,7.554,5.17,5.779,G5Vp,0.704,4.149699,1.274102,6.181126,Mu,30,Cas,1,5325,Gl  53,0.425010833,
155,5346,6763,330,,80    Psc,,35.2113,5.51,2.777,F0III-IV,0.334,33.492635,10.298877,3.466496,,80,Psc,1,5335,,6.748387309,
156,5348,6882,338,,Zet Phe,Wurren,91.5751,3.94,-0.869,B6V + B0V,-0.12,49.896436,15.346501,-75.238648,Zet,,Phe,1,5337,,193.9099079,Zet
157,5364,6805,334,GJ 3075,31Eta Cet,,37.9939,3.46,0.561,K2III,1.161,35.733354,11.025427,-6.716585,Eta,31,Cet,1,5353,,51.9517283,
158,5434,6811,335,,42Phi And,,219.7802,4.26,-2.45,B7III,0.012,142.401313,44.559066,161.368161,Phi,42,And,1,5423,,831.7637711,
159,5447,6860,337,Gl 53.3,43Bet And,Mirach,60.5327,2.07,-1.84,M0IIIvar,1.576,46.946371,14.741814,35.255129,Bet,43,And,1,5436,,474.2419853,
160,5454,6903,339,,81Psi3Psc,,115.4734,5.57,0.258,G0III,0.697,103.735655,32.618191,38.846583,Psi-3,81,Psc,1,5443,,68.67521061,
161,5485,6976,346,,32    Cet,,118.624,6.4,1.029,K0III,1.029,111.738871,35.337891,-18.364886,,32,Cet,1,5474,,33.75981049,
162,5493,6920,340,,44    And,,52.2739,5.67,2.079,F8V,0.603,36.985639,11.716968,35.033206,,44,And,1,5482,,12.83512197,
163,5510,7014,347,,33    Cet,,235.2941,5.97,-0.888,K4III,1.491,224.026394,71.236677,10.040475,,33,Cet,1,5498,,197.333128,
164,5518,6829,336,,31    Cas,,84.8896,5.32,0.676,A0Vnn,-0.014,29.278984,9.323761,79.133143,,31,Cas,1,5506,,46.73045396,
165,5529,7199,,,,Emiw,35.2983,8.06,5.321,K0IV/V,0.849,13.576752,4.332049,-32.293578,,,Tuc,1,5517,,0.648037294,
166,5542,6961,343,,33The Cas,,40.95,4.34,1.279,A7Vvar,0.17,22.283015,7.143859,33.605678,The,33,Cas,1,5530,,26.81637067,
167,5544,7034,349,,82    Psc,,147.2754,5.15,-0.691,F0V,0.261,119.672435,38.372388,76.786175,,82,Psc,1,5532,,164.5886943,
168,5550,7019,348,,45    And,,242.1308,5.8,-1.12,B7III-IV,-0.095,182.356513,58.523074,148.150167,,45,And,1,5537,,244.3430553,
169,5571,7087,351,,84Chi Psc,,117.6471,4.66,-0.693,K0III,1.024,104.513869,33.683383,42.227416,Chi,84,Psc,1,5559,,164.8921573,
170,5586,7106,352,,83Tau Psc,,51.7598,4.51,0.94,K0III-IV...,1.092,42.613504,13.776233,25.950131,Tau,83,Psc,1,5574,,36.64375746,
171,5589,6972,345,,32    Cas,,119.0476,5.57,0.191,B9IV,-0.072,47.836454,15.471508,107.9103,,32,Cas,1,5577,,73.04659895,RU
172,5594,7147,353,,34    Cet,,171.8213,5.93,-0.245,K4III,1.403,163.349095,52.85884,-6.748903,,34,Cet,1,5582,,109.1440336,
173,5737,7344,361,,86Zet Psc,Revati,53.3049,5.21,1.576,A7IV,0.32,50.128801,16.707567,7.027196,Zet,86,Psc,1,5725,,20.398583,
174,5742,7318,360,,85Phi Psc,,136.7989,4.67,-1.01,K0III...,1.047,118.013398,39.343134,56.911417,Phi,85,Psc,1,5730,,220.8004733,
175,5743,7345,362,,86Zet Psc,Revati B,93.985,6.44,1.575,F7V,0.492,88.381439,29.46675,12.394783,Zet,86,Psc,1,5731,,20.41737945,
176,5778,7374,364,,87    Psc,,139.47,5.97,0.248,B8III,-0.082,127.030055,42.582048,38.755325,,87,Psc,1,5766,,69.31065451,
177,5799,7439,366,Gl 54.2A,37    Cet,,23.3863,5.14,3.295,F5V,0.448,21.953382,7.3882,-3.223573,,37,Cet,1,5786,Gl  54.2,4.187935651,
178,5824,7446,367,,88    Psc,,159.2357,6.04,0.03,G6III:,1.081,149.727568,50.611934,19.392524,,88,Psc,1,5811,,84.72274141,
179,5833,7476,368,,38    Cet,,42.9185,5.7,2.537,F5V,0.428,40.646021,13.761781,-0.729408,,38,Cet,1,5820,,8.417827077,
180,5862,7570,370,Gl 55,Nu  Phe,,15.1149,4.97,4.073,F8V,0.571,10.023612,3.411601,-10.786636,Nu,,Phe,1,5849,,2.045502431,
181,5896,7788,377,Gl 55.3A,Kap Tuc,,20.9556,4.25,2.643,F6IV,0.48,7.143194,2.45156,-19.547464,Kap,,Tuc,1,5884,Gl  55.3,7.634841052,
182,5951,7672,373,,39    Cet,,80.5802,5.42,0.889,G5III-IVe,0.888,76.04794,26.410089,-3.515369,,39,Cet,1,5939,,38.40608157,AY
183,6061,7804,378,,89    Psc,,75.3012,5.13,0.746,A3V,0.071,70.862829,25.024015,4.747178,,89,Psc,1,6048,,43.8126982,
184,6193,7964,383,,90Ups Psc,,94.4287,4.74,-0.136,A3V,0.032,78.942697,28.524892,43.257068,Ups,90,Psc,1,6179,,98.71883011,
185,6226,8036,385,,42    Cet,,100.7049,5.87,0.855,A7V...,0.635,94.657317,34.361228,-0.894675,,42,Cet,1,6212,,39.62780343,
186,6242,7927,382,,34Phi Cas,,100000,4.95,-15.05,F0Ia,0.683,49467.137,18024.59619,85018.32888,Phi,34,Cas,1,6228,,91201083.94,
187,6312,8003,384,,35    Cas,,78.125,6.33,1.866,A2Vnn,0.113,31.367634,11.585782,70.606911,,35,Cas,1,6298,,15.61708593,
188,6315,8126,389,,91    Psc,,107.4114,5.23,0.075,K5III,1.396,88.342118,32.644952,51.644139,,91,Psc,1,6301,,81.28305162,
189,6411,8207,390,,46Xi  And,Adhil,65.7462,4.87,0.781,K0III-IV,1.077,43.117698,16.194066,46.916563,Xi,46,And,1,6397,,42.42286549,
190,6429,8335,393,,43    Cet,,137.3626,6.5,0.811,K0III:,1.079,128.537627,48.429688,-1.07805,,43,Cet,1,6415,,41.26672463,
191,6514,8374,395,,47    And,,63.857,5.6,1.574,A1m,0.276,47.18535,18.036484,39.063529,,47,And,1,6500,,20.43619321,
192,6537,8512,402,,45The Cet,,34.8918,3.6,0.886,K0III,1.065,32.241501,12.380133,-4.96651,The,45,Cet,1,6523,,38.51234824,
193,6539,8511,401,,44    Cet,,67.5219,6.21,2.063,F0V,0.235,62.418139,23.973304,-9.405894,,44,Cet,1,6526,,13.02566786,AV
194,6643,8574,,,,Bélénos,44.5633,7.12,3.875,F8,0.577,36.464195,14.218374,21.309341,,,Psc,1,6629,,2.454708916,
195,6670,8705,412,,46    Cet,,88.1834,4.9,0.173,K2III,1.231,79.449924,31.144316,-22.226489,,46,Cet,1,6656,,74.26770437,
196,6686,8538,403,,37Del Cas,Ruchbah,30.4785,2.66,0.24,A5Vv SB,0.16,14.082378,5.53413,26.457567,Del,37,Cas,1,6672,,69.82324041,Del
197,6692,8491,399,,36Psi Cas,,59.8086,4.72,0.836,K0III,1.047,20.730917,8.159197,55.504166,Psi,36,Cas,1,6678,,40.3273793,
198,6706,8723,413,,93Rho Psc,,25.2143,5.35,3.342,F2V:var,0.395,22.148856,8.753076,8.280622,Rho,93,Psc,1,6692,,4.010513661,
199,6732,8763,414,,94    Psc,,85.5432,5.5,0.839,K1III,1.106,75.054884,29.828005,28.189168,,94,Psc,1,6718,,40.21610443,
200,6748,8829,421,,47    Cet,,37.4672,5.51,2.642,F0V,0.321,33.908607,13.504058,-8.464309,,47,Cet,1,6734,,7.64187624,
201,6813,8799,417,,48Ome And,,28.6205,4.83,2.547,F5IV,0.421,18.641784,7.499275,20.380957,Ome,48,And,1,6799,,8.340651974,
202,6867,9053,429,,Gam Phe,,71.6332,3.41,-0.866,K5II-III,1.542,48.291055,19.600485,-49.144111,Gam,,Phe,1,6853,,193.3748545,Gam
203,6960,9132,433,,48    Cet,,71.3776,5.11,0.842,A0V,0.028,61.345007,25.285292,-26.30983,,48,Cet,1,6946,,40.10513661,
204,6981,9100,432,,97    Psc,,146.1988,6.01,0.185,A4IV,0.162,128.22528,53.034701,46.040174,,97,Psc,1,6967,,73.45138682,VX
205,6999,9057,430,,49    And,,90.1713,5.27,0.495,K0III,0.999,56.797277,23.555739,65.954848,,49,And,1,6985,,55.20774393,
206,7007,9138,434,,98Mu  Psc,,93.1966,4.84,-0.007,K4III,1.372,85.579481,35.529252,9.974354,Mu,98,Psc,1,6993,,87.65970403,
207,7078,9021,427,,38    Cas,,28.9771,5.82,3.51,F6V,0.489,9.019863,3.792957,27.275089,,38,Cas,1,7064,,3.435579479,
208,7083,9362,440,,Del Phe,,43.573,3.93,0.734,K0III-IV,0.972,26.31178,11.067445,-32.92116,Del,,Phe,1,7068,,44.29961991,
209,7097,9270,437,,99Eta Psc,Alpherg,107.1811,3.62,-1.531,G8III,0.974,95.233975,40.171366,28.364911,Eta,99,Psc,1,7083,,356.7795883,
210,7294,9408,442,,39Chi Cas,,63.8162,4.68,0.655,K0III,0.991,29.942244,13.008585,54.833867,Chi,39,Cas,1,7280,,47.64309868,
211,7345,9672,451,,49    Cet,,59.3824,5.62,1.752,A1V,0.066,52.36884,22.941901,-16.045336,,49,Cet,1,7331,,17.34602628,
212,7436,9766,455,,101    Psc,,476.1905,6.23,-2.159,B9.5III,-0.036,421.041068,186.962385,120.526932,,101,Psc,1,7422,,636.2092806,
213,7450,9856,459,,50    Cet,,167.5042,5.41,-0.71,K1III,1.226,147.533468,65.672875,-44.482337,,50,Cet,1,7436,,167.4942876,
214,7463,9906,462,,Tau Scl,,69.3481,5.69,1.485,F2V,0.335,54.90106,24.484247,-34.576877,Tau,,Scl,1,7449,,22.1819642,
215,7513,9826,458,Gl 61,50Ups And,Titawin,13.4916,4.1,3.45,F8V,0.536,9.229933,4.147969,8.92295,Ups,50,And,1,7499,,3.630780548,
216,7535,9919,463,,102Pi  Psc,,35.0877,5.54,2.814,F0V,0.347,31.26994,14.102269,7.3799,Pi,102,Psc,1,7521,,6.522288425,
217,7588,10144,472,,Alp Eri,Achernar,42.7533,0.45,-2.705,B3Vp,-0.158,21.065573,9.568417,-35.951967,Alp,,Eri,1,7574,,1051.961874,Alp
218,7607,9927,464,,51    And,Nembus,54.3183,3.59,-0.085,K3III,1.275,32.669331,14.886999,40.762548,,51,And,1,7593,,94.18895965,
219,7650,9774,456,,40    Cas,,140.4494,5.28,-0.458,G8II-IIIvar,0.972,37.242407,17.073572,134.34105,,40,Cas,1,7635,,132.8005886,
220,7719,10072,469,,52Chi And,,76.746,5.01,0.585,G8III...,0.883,49.772829,23.037829,53.683165,Chi,52,And,1,7703,,50.81594426,
221,7740,10164,475,,105    Psc,,120.1923,5.98,0.581,K2III,1.119,104.564097,48.581576,33.9471,,105,Psc,1,7725,,51.0035024,
222,7751,10360,486,Gl 66B,,p Eridani,7.8223,5.76,6.293,K0V,0.88,3.945945,1.835674,-6.500103,,,Eri,2,118084,Gl 66,0.264728074,
223,7818,10205,477,,53Tau And,,218.3406,4.96,-1.736,B8III,-0.068,150.121031,70.465886,142.023934,Tau,53,And,1,7803,,430.9233228,
224,7879,10859,516,,Tau1Hyi,,120.7729,6.33,0.92,G6/G8III,0.947,20.550182,9.731347,-118.613189,Tau-1,,Hyi,1,7864,,37.32501578,
225,7884,10380,489,,106Nu  Psc,,111.3586,4.45,-0.784,K3III,1.347,100.168039,47.473101,10.649285,Nu,106,Psc,1,7869,,179.3081377,
226,7955,10537,497,,Pi  Scl,,65.8762,5.25,1.156,K1II/III,1.044,50.228449,23.996286,-35.227357,Pi,,Scl,1,7940,,30.03308879,
227,7965,10221,478,,43    Cas,,119.1895,5.57,0.189,A0p SiSr,-0.049,40.19611,19.246268,110.544116,,43,Cas,1,7950,,73.18127977,V557
228,7981,10476,493,Gl 68,107    Psc,,7.5324,5.24,5.855,K1V,0.836,6.370804,3.055661,2.60927,,107,Psc,1,7966,,0.396278034,
229,8016,10250,480,,42    Cas,,85.1064,5.18,0.53,B9V,-0.022,25.437151,12.259994,80.285443,,42,Cas,1,8001,,53.45643594,
230,8046,10425,491,,44    Cas,,320.5128,5.78,-1.749,B8IIIn,-0.01,141.831666,68.662794,279.101173,,44,Cas,1,8031,,436.1139714,
231,8068,10516,496,,Phi Per,,220.2643,4.01,-2.705,B2Vpe,-0.098,125.512408,60.986585,170.421939,Phi,,Per,1,8053,,1051.961874,Phi
232,8102,10700,509,Gl 71,52Tau Cet,,3.6502,3.49,5.678,G8V,0.727,3.154083,1.539508,-1.00226,Tau,52,Cet,1,8087,,0.466444525,
233,8159,10697,508,,109    Psc,,32.5733,6.27,3.706,G5IV,0.72,27.441525,13.522305,11.184998,,109,Psc,1,8144,,2.868137713,
234,8198,10761,510,,110Omi Psc,Torcular,85.6898,4.26,-0.405,K0III,0.942,75.808974,37.546943,13.637807,Omi,110,Psc,1,8183,,126.4736347,
235,8209,10830,514,,Eps Scl,,28.1136,5.29,3.045,F2IV,0.395,22.810411,11.328887,-11.904768,Eps,,Scl,1,8194,,5.272298614,
236,8366,11604,550,,Tau2Hyi,,61.8429,6.05,2.094,F0III,0.338,9.406165,4.781006,-60.93639,Tau-2,,Hyi,1,8351,,12.65901749,
237,8387,10982,522,,4    Ari,,84.3882,5.86,1.229,B9.5V,-0.039,71.892913,36.703322,24.610134,,4,Ari,1,8372,,28.08018728,
238,8497,11171,531,GJ 9061A,53Chi Cet,,23.1857,4.66,2.834,F3III,0.333,20.228295,10.483677,-4.299405,Chi,53,Cet,1,8481,GJ 9061,6.403243245,
239,8544,11154,530,,1    Ari,,179.5332,5.83,-0.441,K1III+...,0.743,147.315872,76.804535,68.053486,,1,Ari,1,8527,,130.737447,
240,8645,11353,539,,55Zet Cet,Baten Kaitos,72.0461,3.74,-0.548,K2III,1.136,62.65906,33.12747,-12.925362,Zet,55,Cet,1,8628,,144.2779623,
241,8704,11241,533,,1    Per,,396.8254,5.53,-2.463,B1.5V,-0.175,200.233729,106.453463,325.644731,,1,Per,1,8687,,841.7827077,V436
242,8714,11291,536,,2    Per,,147.929,5.7,-0.15,B9p...,-0.067,82.534437,43.956512,114.625073,,2,Per,1,8696,,100,
243,8796,11443,544,Gl 78.1,2Alp Tri,Mothallah,19.4175,3.42,1.979,F6IV,0.488,14.872602,7.99818,9.584806,Alp,2,Tri,1,8777,,14.07343138,Alp
244,8814,11428,543,,55    And,,193.4236,5.42,-1.013,K1III,1.311,129.029325,69.539836,126.207405,,55,And,1,8795,,221.4114112,
245,8832,11502,546,,5Gam2Ari,Mesarthim,50.3018,3.88,0.372,A1p Si,-0.047,41.769649,22.568336,16.620371,Gam-2,5,Ari,1,8813,,61.83010728,Gam
246,8833,11559,549,,111Xi  Psc,,54.9149,4.61,0.912,K0III SB,0.928,48.236339,26.069281,3.053521,Xi,111,Psc,1,8814,,37.60105237,
247,8837,11695,555,,Psi Phe,,104.8218,4.39,-0.712,M4III SB,1.597,63.693781,34.455513,-75.786103,Psi,,Phe,1,8818,,167.8031078,Psi
248,8882,11753,558,,Phi Phe,,94.0734,5.12,0.253,A3V,-0.06,60.903095,33.194145,-63.551448,Phi,,Phe,1,8863,,68.99220098,
249,8886,11415,542,,45Eps Cas,Segin,126.2626,3.35,-2.156,B2pvar,-0.15,49.169644,26.806887,113.163436,Eps,45,Cas,1,8867,,634.4537958,
250,8903,11636,553,Gl 80,6Bet Ari,Sheratan,17.9856,2.64,1.365,A5V...,0.165,14.752622,8.063457,6.389157,Bet,6,Ari,1,8884,,24.77422058,
251,8928,11977,570,,Eta2Hyi,,67.0691,4.68,0.547,G5III,0.931,22.365936,12.262188,-62.029417,Eta-2,,Hyi,1,8909,,52.62595621,
252,8991,12363,593,,Sig Hyi,,40.6174,6.15,3.106,F5/F6IV/V,0.448,7.177237,3.971961,-39.780502,Sig,,Hyi,1,8972,,4.984252094,
253,8993,11763,559,,7    Ari,,170.9402,5.76,-0.404,K1III,1.185,137.0765,75.866022,68.373787,,7,Ari,1,8974,,126.3572019,RR
254,9007,11937,566,Gl 81A,Chi Eri,,17.8508,3.69,2.432,G5IV,0.844,9.696827,5.372709,-13.991232,Chi,,Eri,1,8989,Gl  81,9.272567426,
255,9009,11529,548,,46Ome Cas,,215.0538,4.97,-1.693,B8III,-0.084,68.369027,37.897739,200.343411,Ome,46,Cas,1,8990,,414.1903726,
256,9021,11749,557,,56    And,,96.9932,5.69,0.756,G8III...,1.06,67.499796,37.475858,58.712186,,56,And,1,9002,,43.41102097,
257,9061,11930,565,,56    Cet,,108.2251,4.92,-0.252,K3III,1.434,87.291762,48.720739,-41.462783,,56,Cet,1,9042,,109.8499845,
258,9110,11909,563,,8Iot Ari,,159.4896,5.09,-0.924,K1p...,0.921,132.365839,74.39489,48.801672,Iot,8,Ari,1,9091,,203.98583,
259,9153,11973,569,,9Lam Ari,,39.4945,4.79,1.807,F0V,0.29,31.505782,17.812162,15.809093,Lam,9,Ari,1,9135,,16.48921573,
260,9222,11949,568,,3    Per,,75.0188,5.7,1.324,K0IV,1.005,42.601126,24.239773,56.792581,,3,Per,1,9203,,25.72764295,
261,9236,12311,591,Gl 83,Alp Hyi,,22.0119,2.86,1.147,F0V,0.29,9.103629,5.191033,-19.357346,Alp,,Hyi,1,9217,,30.28307694,
262,9326,12255,583,,57    Cet,,180.5054,5.43,-0.852,M0/M1III,1.64,146.194756,84.210066,-64.170938,,57,Cet,1,9307,,190.8973941,
263,9347,12274,585,,59Ups Cet,,89.7666,3.99,-0.776,K5/M0III,1.554,72.537969,41.881981,-32.283342,Ups,59,Cet,1,9328,,177.991802,
264,9353,12235,582,,112    Psc,,33.5008,5.89,3.265,G2IV,0.61,28.958891,16.745153,1.809933,,112,Psc,1,9334,,4.305266105,
265,9440,12438,594,,Pi  For,,90.2527,5.34,0.563,G8III,0.883,67.475079,39.44718,-45.128954,Pi,,For,1,9420,,51.85611777,
266,9459,12524,602,,Chi Phe,,115.0748,5.15,-0.155,K5III,1.471,70.51357,41.414029,-80.962092,Chi,,Phe,1,9439,,100.461579,
267,9480,12111,575,,48    Cas,,35.2609,4.49,1.754,A3IV,0.164,9.93903,5.852056,33.32112,,48,Cas,1,9460,,17.31410313,
268,9487,12446,595,,113Alp Psc,Alrescha,46.1681,3.82,0.498,A2,0.024,39.728779,23.413015,2.226137,Alp,113,Psc,1,9467,,55.05540985,Alp
269,9505,12303,590,,4    Per,,223.2143,4.99,-1.754,B8III,-0.071,111.632689,65.954843,181.694021,,4,Per,1,9485,,438.126982,
270,9564,12279,586,,52    Cas,,83.8926,6,1.381,A1Vn,0.029,30.59206,18.177708,75.971229,,52,Cas,1,9544,,24.41181106,
271,9570,12471,599,,3Eps Tri,,120.048,5.5,0.103,A2V,0.029,86.25359,51.298133,65.881321,Eps,3,Tri,1,9550,,79.21364542,
272,9573,12301,589,,53    Cas,,537.6344,5.59,-3.062,B8Ib,0.325,199.714593,118.82138,484.815549,,53,Cas,1,9553,,1461.503972,
273,9589,12573,607,,60    Cet,,86.1326,5.42,0.744,A5III,0.146,73.985486,44.101649,0.193184,,60,Cet,1,9568,,43.89347855,
274,9598,12216,580,,50    Cas,,48.1696,3.95,0.536,A2V,-0.002,12.488444,7.46198,45.920103,,50,Cas,1,9577,,53.16183951,
275,9621,12558,605,,10    Ari,,48.7092,5.64,2.202,F8IV,0.537,37.580936,22.504141,21.303451,,10,Ari,1,9600,,11.46040591,
276,9631,12641,610,,61    Cet,,110.9878,5.96,0.734,G5V...,0.851,95.182756,57.08019,-0.659098,,61,Cet,1,9609,,44.29961991,
277,9640,12533,603,,57Gam1And,Almach,120.4819,2.1,-3.305,B8V,1.37,76.368059,45.840864,81.131974,Gam-1,57,And,1,9618,,1828.100216,
278,9677,12767,612,,Nu  For,,113.7656,4.68,-0.6,B9.5p (Si),-0.156,84.934027,51.281306,-55.669463,Nu,,For,1,9655,,151.3561248,Nu
279,9727,12230,581,,47    Cas,,33.1565,5.27,2.667,F0Vn,0.345,6.238652,3.790315,32.342708,,47,Cas,1,9706,,7.467925899,
280,9763,12339,592,,49    Cas,,122.6994,5.22,-0.224,G8III,0.954,25.137365,15.332746,119.114073,,49,Cas,1,9741,,107.0532854,
281,9836,12869,613,,12Kap Ari,,55.6793,5.03,1.302,A2m,0.121,43.747169,26.956985,21.440676,Kap,12,Ari,1,9814,,26.25427319,
282,9859,12885,615,,11    Ari,,268.8172,6.01,-1.137,B9IV-Vn,-0.03,206.068346,127.295972,116.594236,,11,Ari,1,9837,,248.1989844,
283,9884,12929,617,Gl 84.3,13Alp Ari,Hamal,20.1776,2.01,0.486,K2III,1.151,15.731986,9.751722,8.03361,Alp,13,Ari,1,9861,,55.66727982,
284,9977,13041,620,,58    And,,58.6854,4.78,0.937,A5IV-V,0.12,39.240709,24.636572,36.016533,,58,And,1,9954,,36.74514792,
285,10053,13174,623,,14    Ari,,88.4956,4.98,0.245,F2III,0.339,67.224647,42.588967,38.710457,,14,Ari,1,10030,,69.50243176,
286,10064,13161,622,,4Bet Tri,,38.8954,3,0.051,A5III,0.14,26.909766,17.068198,22.302471,Bet,4,Tri,1,10041,,83.0998041,
287,10155,13325,631,,15    Ari,,171.2329,5.68,-0.488,M3III,1.641,135.89537,87.098165,57.159847,,15,Ari,1,10133,,136.5211695,AV
288,10176,13294,628,,59    And,,139.6648,6.09,0.365,B9V,-0.054,91.265902,58.636931,87.968768,,59,And,1,10153,,62.23002852,
289,10180,13295,629,,59    And,,100000,6.82,-13.18,A1Vn,0.081,65340.34297,41985.79713,62990.73302,,59,And,1,10157,,16292960.33,
290,10203,13363,633,,16    Ari,,235.2941,6.01,-0.848,K4III,1.365,177.858548,114.623009,102.913245,,16,Ari,1,10180,,190.195396,
291,10212,13421,635,,64    Cet,,40.7166,5.64,2.591,G0IV,0.569,33.828352,21.832511,6.067329,,64,Cet,1,10189,,8.009400305,
292,10220,13372,634,,5    Tri,,108.2251,6.24,1.068,A1m,0.112,77.495822,50.046586,56.59002,,5,Tri,1,10197,,32.56866822,
293,10227,13267,627,,5    Per,,100000,6.38,-13.62,B5Ia,0.298,44947.1,29046.03407,84475.35763,,5,Per,1,10204,,24434305.53,
294,10234,13468,639,,63    Cet,,119.0476,5.94,0.561,G9III:,0.967,99.905021,64.629756,-3.792195,,63,Cet,1,10211,,51.9517283,
295,10280,13480,642,,6    Tri,,89.1266,4.94,0.19,F5V comp SB,0.77,64.466842,42.013918,44.970869,,6,Tri,1,10256,,73.11390835,TZ
296,10305,13612,650,Gl 87.1A,66    Cet,,39.6983,5.65,2.656,F8V,0.546,33.189816,21.717227,-1.657986,,66,Cet,1,10281,Gl  87.1,7.543970822,
297,10306,13555,646,GJ 1043,17Eta Ari,,28.8684,5.23,2.928,F5V,0.457,22.519531,14.736568,10.444706,Eta,17,Ari,1,10282,,5.87218866,
298,10320,13709,652,Gl 89,Mu  For,,98.2318,5.27,0.309,A0V,-0.013,70.638004,46.271701,-50.186714,Mu,,For,1,10296,,65.5239394,
299,10324,13611,649,,65Xi 1Cet,,117.5088,4.36,-0.99,G8II:,0.878,97.101875,63.662733,18.071856,Xi-1,65,Cet,1,10300,,216.7704105,
300,10328,13596,648,,19    Ari,,146.8429,5.72,-0.114,M0III,1.551,118.443118,77.695424,38.698147,,19,Ari,1,10304,,96.738645,
301,10340,13520,643,,60    And,,162.6016,4.84,-1.216,K4III,1.476,97.371981,63.974858,113.424253,,60,And,1,10316,,266.9316064,
302,10418,14141,667,,Pi 1Hyi,,238.0952,5.57,-1.314,M1III,1.556,74.832739,49.644594,-220.510568,Pi-1,,Hyi,1,10394,,292.1460374,
303,10438,13474,640,,55    Cas,,218.8184,6.05,-0.65,B9V+...,0.641,72.586227,48.264939,200.706703,,55,Cas,1,10414,,158.4893192,
304,10513,14287,678,,Pi 2Hyi,,149.7006,5.67,-0.206,K2III,1.306,47.072649,31.594872,-138.550514,Pi-2,,Hyi,1,10489,,105.2931213,
305,10535,13872,657,,21    Ari,,51.0725,5.57,2.029,F6V,0.52,38.392625,25.826248,21.618772,,21,Ari,1,10510,,13.44002263,
306,10540,13871,656,,20    Ari,,42.1053,5.79,2.668,F6IV-V,0.439,31.453504,21.169262,18.314347,,20,Ari,1,10517,,7.461050852,
307,10559,13869,655,,7    Tri,,86.0585,5.25,0.576,A0V,-0.004,59.601842,40.178525,47.321987,,7,Tri,1,10535,,51.23892387,
308,10602,14228,674,,Phi Eri,,47.1254,3.56,0.194,B8IV-V,-0.12,24.277871,16.454316,-36.88702,Phi,,Eri,1,10578,,72.84504233,
309,10642,14129,666,,67    Cet,,102.0408,5.51,0.466,G8III,0.962,83.820612,57.062896,-11.413527,,67,Cet,1,10618,,56.70221182,
310,10644,13974,660,Gl 92,8Del Tri,Deltoton,10.784,4.84,4.676,G0V,0.607,7.36921,5.020051,6.065246,Del,8,Tri,1,10620,,1.173815932,
311,10670,14055,664,,9Gam Tri,,34.4353,4.03,1.345,A1Vnn,0.019,23.617959,16.128369,19.179839,Gam,9,Tri,1,10645,,25.23480772,
312,10718,13982,661,,8    Per,,125.9446,5.75,0.249,K3III,1.175,55.15671,37.907493,106.690245,,8,Per,1,10692,,69.24684643,
313,10729,13994,662,,7    Per,,251.2563,5.99,-1.011,G7III,1.039,111.181677,76.467643,211.945779,,7,Per,1,10703,,221.0039317,
314,10732,14191,669,,22The Ari,,137.1742,5.58,-0.106,A1Vn,0.011,106.257697,73.114668,46.69393,The,22,Ari,1,10706,,96.02846792,
315,10793,14252,675,,10    Tri,,115.4734,5.29,-0.022,A2V,0.037,83.280388,57.746692,55.351685,,10,Tri,1,10766,,88.87917199,
316,10819,14212,670,,62    And,,75.358,5.31,0.924,A1V,0.006,41.890805,29.136541,55.452774,,62,And,1,10793,,37.18775833,
317,10826,14386,681,,68Omi Cet,Mira,91.659,6.47,1.659,M5e-M9e,0.966,75.131148,52.288786,-4.761374,Omi,68,Cet,1,10800,,18.89731054,Omi
318,10944,14392,682,,63    And,,120.3369,5.57,0.168,B9p Si,-0.089,62.974654,44.493783,92.387561,,63,And,1,10918,,74.61050852,PZ
319,11001,15008,705,Gl 97.1,Del Hyi,,42.8266,4.08,0.921,A3V,0.034,12.697968,9.036411,-39.890188,Del,,Hyi,1,10975,,37.290654,
320,11021,14652,689,,69    Cet,,330.033,5.29,-2.303,M2III,1.648,268.725746,191.580781,2.279138,,69,Cet,1,10995,,726.4404186,
321,11046,14690,691,,70    Cet,,80.1282,5.42,0.901,F0Vn,0.335,65.184008,46.58402,-1.23742,,70,Cet,1,11020,,37.98393902,
322,11060,14489,685,,9    Per,,100000,5.16,-14.84,A2Ia,0.369,45655.53938,32673.27372,82752.81797,,9,Per,1,11034,,75162289.4,V474
323,11072,14802,695,Gl 97,Kap For,,21.9635,5.19,3.481,G2V,0.608,16.330638,11.706947,-8.869059,Kap,,For,1,11046,,3.528580258,
324,11095,15248,715,,Kap Hyi,,97.2763,5.99,1.05,K0III,1.088,22.238448,15.990505,-93.340624,Kap,,Hyi,1,11069,,33.11311215,
325,11220,14770,694,,64    And,,122.399,5.19,-0.249,G8III,0.979,63.558061,46.353822,93.771972,,64,And,1,11193,,109.5468767,
326,11249,14951,702,,24Xi  Ari,,267.3797,5.48,-1.656,B7IV,-0.098,212.063638,155.232137,49.233324,Xi,24,Ari,1,11222,,400.3132822,
327,11258,15233,714,,Lam Hor,,49.3827,5.36,1.892,F2III,0.395,19.73056,14.453615,-42.900518,Lam,,Hor,1,11231,,15.24754768,
328,11261,15004,704,,71    Cet,,273.9726,6.34,-0.849,A0III,-0.011,220.702737,161.786192,-13.288129,,71,Cet,1,11234,,190.3706532,FR
329,11279,14818,696,,10    Per,,100000,6.25,-13.75,B2Ia,0.249,44343.7169,32593.70472,83494.22197,,10,Per,1,11252,,27542287.03,V554
330,11313,14872,699,,65    And,,113.2503,4.73,-0.54,K4III,1.532,58.248225,42.953597,87.10771,,65,And,1,11286,,143.2187899,
331,11345,15130,708,,72Rho Cet,,139.8601,4.88,-0.848,A0V,-0.027,109.868541,81.261421,-29.771764,Rho,72,Cet,1,11318,,190.195396,
332,11407,15371,721,,Kap Eri,,155.7632,4.24,-1.722,B5IV,-0.136,83.993856,62.712836,-115.214518,Kap,,Eri,1,11380,,425.4024629,
333,11432,15176,712,,11    Tri,,85.2515,5.55,0.896,K1III:,1.114,57.965834,43.467764,44.925206,,11,Tri,1,11405,,38.15926491,
334,11465,15138,709,,66    And,,56.5291,6.16,2.399,F4V,0.435,28.686811,21.590183,43.663097,,66,And,1,11438,,9.558725719,
335,11477,15427,724,,Phi For,,46.5983,5.13,1.788,A2/A3V,0.089,30.918372,23.304669,-25.929985,Phi,,For,1,11449,,16.78031078,
336,11484,15318,718,,73Xi 2Cet,,59.2066,4.3,0.438,B9III,-0.053,46.745585,35.276211,8.71048,Xi-2,73,Cet,1,11457,,58.1835211,
337,11486,15257,717,,12    Tri,,49.8256,5.29,1.803,F0III,0.311,34.556488,26.079526,24.663244,,12,Tri,1,11459,,16.55007629,
338,11548,15335,720,Gl 99.1,13    Tri,,31.407,5.89,3.405,G0V,0.591,21.679567,16.456917,15.671278,,13,Tri,1,11521,,3.784425847,
339,11569,15089,707,,Iot Cas,,40.7332,4.46,1.41,A5p Sr,0.153,12.456271,9.477611,37.605991,Iot,,Cas,1,11542,,23.76840287,Iot
340,11678,15550,729,,26    Ari,,66.0502,6.14,2.041,A9V,0.247,49.180351,37.956183,22.433736,,26,Ari,1,11651,,13.29229588,UU
341,11698,15596,731,,27    Ari,,88.4956,6.21,1.475,G5III-IV,0.908,66.678943,51.584921,26.910941,,27,Ari,1,11670,,22.38721139,
342,11757,16522,776,,Mu  Hyi,,87.0322,5.27,0.572,G4III,0.981,12.971865,10.105208,-85.464589,Mu,,Hyi,1,11729,,51.42804319,
343,11767,8890,424,,1Alp UMi,Polaris,132.626,1.97,-3.643,F7:Ib-IIv SB,0.636,1.3431,1.047629,132.614909,Alp,1,UMi,1,11734,,2495.743795,Alp
344,11783,15798,740,,76Sig Cet,,26.6951,4.74,2.608,F5V,0.454,20.289578,15.864382,-7.019183,Sig,76,Cet,1,11755,,7.884969177,
345,11784,15656,736,,14    Tri,,132.8021,5.15,-0.466,K5III,1.472,84.474984,66.060156,78.334826,,14,Tri,1,11756,,133.7827134,
346,11791,15779,739,,75    Cet,,81.4332,5.36,0.806,G3III:,1.004,64.125378,50.171023,-1.470794,,75,Cet,1,11763,,41.45720318,
347,11843,15814,741,GJ 3161,29    Ari,,29.9401,6,3.619,F8V,0.572,22.715311,17.891618,7.766529,,29,Ari,1,11814,,3.10742031,
348,11867,15975,744,,Lam1For,,111.8568,5.91,0.667,K0/K1III,1.064,72.234228,57.004747,-63.597522,Lam-1,,For,1,11838,,47.11942694,
349,11918,16046,749,,Ome For,,148.368,4.96,-0.897,B9V,-0.05,102.355734,81.304512,-70.185255,Ome,,For,1,11888,,198.9756811,
350,12002,16074,752,,77    Cet,,140.647,5.74,-0.001,K4III,1.393,108.768331,87.070085,-19.232582,,77,Cet,1,11971,,87.17661466,
351,12086,16058,750,,15    Tri,,193.7984,5.38,-1.057,M3III,1.652,123.937506,100.165948,110.290809,,15,Tri,1,12055,,230.5685137,
352,12093,16161,754,,78Nu  Cet,,104.2753,4.87,-0.221,G8III,0.88,80.687079,65.266003,10.163258,Nu,78,Cet,1,12062,,106.7578945,
353,12107,16212,759,,80    Cet,,142.6534,5.53,-0.241,M0III,1.607,109.828266,88.937814,-19.438243,,80,Cet,1,12075,,108.742672,
354,12114,16160,753,Gl 105A,,268 G. Cet,7.1803,5.79,6.509,K3V,0.918,5.538462,4.488223,0.861013,,,Cet,1,12082,Gl 105,0.216970155,
355,12122,16307,767,,Iot1For,,178.5714,5.74,-0.519,G8/K0III,1.017,120.063507,97.359536,-89.407081,Iot-1,,For,1,12090,,140.4753103,
356,12153,16234,763,,31    Ari,,34.7343,5.64,2.936,F7V,0.516,26.300185,21.41781,7.486899,,31,Ari,1,12121,,5.829079789,
357,12184,16232,764,,30    Ari,,40.783,7.1,4.048,F4V,0.41,28.708466,23.447936,17.008343,,30,Ari,1,12152,,2.093148303,
358,12186,16417,772,Gl 105.1,Lam2For,,25.7798,5.78,3.724,G1V,0.653,16.438611,13.428135,-14.630792,Lam-2,,For,1,12154,,2.820979954,
359,12189,16246,765,,30    Ari,,41.7537,6.48,3.377,F6III,0.51,29.387097,24.012132,17.412602,,30,Ari,1,12157,,3.88329157,
360,12191,16175,,,,Buna,57.8704,7.28,3.468,G0,0.656,33.267021,27.188006,38.769845,,,And,1,12159,,3.571083458,
361,12225,16555,778,,Eta Hor,,45.5581,5.3,2.007,A6V,0.289,21.424846,17.568246,-36.164495,Eta,,Hor,1,12193,,13.71513226,
362,12247,16400,771,,81    Cet,,92.5069,5.65,0.819,G5III:,1.021,71.332973,58.643972,-5.480088,,81,Cet,1,12215,,40.96377764,
363,12288,16538,777,,Iot2For,,33.9443,5.84,3.186,F5V,0.476,22.613497,18.692731,-17.071751,Iot-2,,For,1,12256,,4.630202659,
364,12332,16432,773,,32Nu  Ari,,103.3058,5.45,0.379,A7V,0.168,73.711422,61.205407,38.634536,Nu,32,Ari,1,12300,,61.43275613,
365,12387,16582,779,,82Del Cet,,199.2032,4.08,-2.416,B2IV,-0.212,152.884758,127.698502,1.142144,Del,82,Cet,1,12355,,806.1205639,Del
366,12390,16620,781,Gl 105.4A,83Eps Cet,,21.4823,4.83,3.17,F5V,0.447,16.130169,13.482598,-4.419553,Eps,83,Cet,1,12357,Gl 105.4,4.698941086,
367,12394,16978,806,,Eps Hyi,,46.5549,4.12,0.78,B9III,-0.061,13.225285,11.057012,-43.245786,Eps,,Hyi,1,12360,,42.46195639,
368,12484,16920,802,,Zet Hor,,49.0918,5.21,1.755,F4IV,0.411,21.75871,18.364799,-39.991207,Zet,,Hor,1,12451,,17.29816359,
369,12486,16815,794,,Iot Eri,,46.1894,4.11,0.787,K0III,1.006,27.095858,22.870882,-29.600515,Iot,,Eri,1,12452,,42.18907466,
370,12489,16628,782,,33    Ari,,70.9723,5.3,1.045,A3V,0.081,48.29444,40.770297,32.288063,,33,Ari,1,12456,,33.26595533,
371,12530,16765,790,,84    Cet,,22.5887,5.72,3.951,F7IV,0.511,17.224348,14.611613,-0.274253,,84,Cet,1,12497,,2.288758657,
372,12623,16739,788,Gl 105.6,12    Per,,24.1896,4.91,2.992,F9V,0.582,14.037312,12.015355,15.611278,,12,Per,1,12590,,5.53604995,
373,12640,16811,793,,34Mu  Ari,,116.8224,5.74,0.402,A0V,-0.017,83.355224,71.422406,39.977558,Mu,34,Ari,1,12607,,60.1450652,
374,12653,17051,810,Gl 108,Iot Hor,,17.1674,5.4,4.226,G3IV,0.561,8.233473,7.066778,-13.303946,Iot,,Hor,1,12620,,1.776642308,
375,12692,16727,785,,11    Per,,132.2751,5.76,0.153,B7IIIp...,-0.11,57.314175,49.405668,108.493607,,11,Per,1,12659,,75.64844408,
376,12706,16970,804,Gl 106.1A,86Gam Cet,Kaffaljidhma,24.4081,3.47,1.532,A3V,0.093,18.440324,15.931398,1.377729,Gam,86,Cet,1,12673,Gl 106.1,21.24222477,
377,12719,16908,801,,35    Ari,,105.1525,4.65,-0.459,B3V,-0.122,70.405829,60.907841,48.89097,,35,Ari,1,12686,,132.9229588,
378,12768,16901,800,,14    Per,,301.2048,5.43,-1.964,G0Ib,0.904,162.647917,141.494858,210.354881,,14,Per,1,12735,,531.6183951,
379,12770,17081,811,,89Pi  Cet,,120.4819,4.24,-1.165,B7IV,-0.122,88.240919,76.789504,-28.858845,Pi,89,Cet,1,12737,,254.6830253,
380,12777,16895,799,Gl 107A,13The Per,,11.1272,4.1,3.868,F7V,0.514,5.480091,4.772164,8.42701,The,13,Per,1,12744,Gl 107,2.470586136,
381,12784,17017,808,,36    Ari,,103.5197,6.4,1.325,K2III,1.143,74.312157,64.780128,31.583339,,36,Ari,1,12751,,25.70395783,
382,12803,17036,809,,37Omi Ari,,182.1494,5.78,-0.522,B9Vn,-0.024,132.313289,115.576381,48.100673,Omi,37,Ari,1,12770,,140.8639946,
383,12828,17094,813,GJ 9099,87Mu  Cet,,25.7732,4.27,2.214,F1III-IV,0.311,19.080598,16.72475,4.526074,Mu,87,Cet,1,12795,,11.33443823,
384,12832,17093,812,,38    Ari,,36.3372,5.17,2.368,A7III-IV,0.234,26.681853,23.391057,7.831218,,38,Ari,1,12799,,9.835580562,UV
385,12843,17206,818,Gl 111,1Tau1Eri,,14.2207,4.47,3.705,F5/F6V,0.481,10.131041,8.892749,-4.529443,Tau-1,1,Eri,1,12810,,2.870780582,
386,12871,17504,833,,Gam Hor,,55.991,5.73,1.989,G8III/IV,0.932,18.615892,16.391623,-50.197055,Gam,,Hor,1,12838,,13.94440539,
387,12876,17566,837,,Zet Hyi,,87.184,4.83,0.128,A2IV/V,0.058,24.908967,21.949375,-80.615286,Zet,,Hyi,1,12843,,77.41052271,
388,12961,,,,,Koeia,23.015,10.25,8.44,M0,1.389,15.812912,14.078244,-9.024692,,,Eri,1,12928,,0.036643757,
389,13040,17528,835,,Eta1For,,152.6718,6.51,0.591,K0/K1III,0.962,92.467581,82.939109,-88.766758,Eta-1,,For,1,13007,,50.53589948,
390,13061,17361,824,,39    Ari,Lilii Borea,52.6039,4.52,0.915,K1III,1.112,34.120953,30.698125,25.701009,,39,Ari,1,13028,,37.49730022,
391,13108,17459,828,,40    Ari,,141.6431,5.83,0.074,K1III,1.216,99.737159,90.226069,44.436949,,40,Ari,1,13075,,81.35795056,
392,13141,17848,852,,Nu  Hor,,50.4541,5.25,1.736,A2V,0.101,17.06589,15.504933,-44.877574,Nu,,Hor,1,13108,,17.60353954,
393,13147,17652,841,,Bet For,,52.9381,4.45,0.831,G8III,0.981,33.071703,30.064017,-28.370335,Bet,,For,1,13114,,40.51352202,
394,13165,17543,836,,42Pi  Ari,,239.2344,5.26,-1.634,B6V,-0.066,168.726694,153.65423,71.797054,Pi,42,Ari,1,13132,,392.2834625,
395,13192,17156,,,,Nushagak,75.0188,8.17,3.794,G5,0.643,17.335912,15.849496,71.246614,,,Cas,1,13159,,2.644843627,
396,13197,17713,844,,Gam1For,,133.6898,6.14,0.51,K0III,0.998,89.702522,82.088821,-55.568258,Gam-1,,For,1,13164,,54.45026528,
397,13202,17729,845,,Gam2For,,140.647,5.39,-0.351,A1V,0.013,91.642895,83.903936,-65.904084,Gam-2,,For,1,13169,,120.3372271,
398,13209,17573,838,,41    Ari,Bharani,50.7872,3.61,0.081,B8Vn,-0.1,33.287607,30.498162,23.26243,,41,Ari,1,13176,,80.83510374,
399,13225,17793,848,,Eta2For,,137.931,5.92,0.222,K0III,0.899,82.353368,75.626001,-80.76909,Eta-2,,For,1,13192,,70.99046159,
400,13244,18293,872,,Nu  Hyi,,104.0583,4.76,-0.326,K3III,1.337,19.732423,18.156708,-100.544043,Nu,,Hyi,1,13210,,117.5980174,
401,13254,17584,840,,16    Per,,37.0233,4.22,1.378,F2III,0.343,21.366064,19.67884,22.955795,,16,Per,1,13221,,24.47935666,
402,13265,17829,851,,Eta3For,,140.8451,5.48,-0.264,K2III,1.259,84.126401,77.543641,-82.140763,Eta-3,,For,1,13231,,111.0708256,
403,13268,17506,834,,15Eta Per,Miram,269.5418,3.77,-3.383,K3Ib comp SB,1.69,111.116108,102.442422,223.184985,Eta,15,Per,1,13234,,1964.264646,
404,13288,17824,850,,2Tau2Eri,Angetenar,57.3066,4.76,0.969,K0III,0.906,39.279245,36.32166,-20.540573,Tau-2,2,Eri,1,13254,,35.67795883,
405,13327,17769,847,,43Sig Ari,,151.5152,5.52,-0.382,B7V,-0.099,107.214727,99.536932,39.424654,Sig,43,Ari,1,13293,,123.8226231,
406,13328,17709,843,,17    Per,,143.2665,4.56,-1.221,K5III,1.554,85.936298,79.796835,82.296682,,17,Per,1,13294,,268.1637067,
407,13473,18149,863,,Psi For,,58.5138,5.93,2.094,F5V,0.437,33.305165,31.487776,-36.375442,Psi,,For,1,13439,,12.65901749,
408,13490,17904,855,,20    Per,,70.6714,5.34,1.094,F4Vvar,0.423,40.257612,38.106425,43.836964,,20,Per,1,13456,,31.79801428,
409,13531,17878,854,,18Tau Per,,77.9423,3.93,-0.529,G4III...,0.758,34.175398,32.504346,62.052515,Tau,18,Per,1,13497,,141.7751123,Tau
410,13654,18191,867,,45Rho2Ari,,107.7586,5.76,0.598,M6IIIvar,1.452,73.641003,70.995345,33.892009,Rho-2,45,Ari,1,13620,,50.21113055,RZ
411,13701,18322,874,,3Eta Eri,Azha,41.8585,3.89,0.781,K1III-IV,1.088,29.694338,28.782724,-6.474577,Eta,3,Eri,1,13667,,42.42286549,
412,13702,18256,869,,46Rho3Ari,,35.3482,5.58,2.838,F6V,0.471,24.135326,23.396093,10.936801,Rho-3,46,Ari,1,13668,,6.379696227,
413,13775,18296,873,,21    Per,,98.0392,5.1,0.143,B9p...,-0.007,59.524461,58.132147,51.857409,,21,Per,1,13741,,76.34841052,LT
414,13782,18454,883,,4    Eri,,47.6872,5.44,2.048,A5IV/V,0.238,31.186144,30.485422,-19.291378,,4,Eri,1,13748,,13.20687295,
415,13834,18404,878,,47    Ari,,33.1675,5.8,3.196,F5IV,0.415,22.126017,21.759698,11.707032,,47,Ari,1,13800,,4.587752705,
416,13835,18535,889,,6    Eri,,203.252,5.82,-0.72,K2III,1.334,132.784228,130.595576,-81.39131,,6,Eri,1,13801,,169.0440932,
417,13847,18622,897,,The1Eri,Acamar,49.4315,2.88,-0.59,A4III+...,0.128,26.85749,26.453029,-31.974932,The-1,,Eri,1,13813,,149.9684836,
418,13879,18411,879,,22Pi  Per,,94.9668,4.68,-0.208,A2Vn,0.065,51.973098,51.41424,60.614272,Pi,22,Per,1,13845,,105.4872571,
419,13884,18866,909,,Bet Hor,,90.3342,4.98,0.201,A5III,0.126,28.076248,27.782942,-81.241239,Bet,,Hor,1,13850,,72.37690371,
420,13905,18449,882,,24    Per,,112.8668,4.94,-0.323,K2III,1.235,65.495403,64.961056,65.032724,,24,Per,1,13871,,117.2735306,
421,13914,18519,887,,48Eps Ari,,101.9368,4.63,-0.412,A2Vs,0.048,67.368381,66.906756,37.095654,Eps,48,Ari,1,13880,,127.2916746,
422,13942,18692,901,,Zet For,,32.6158,5.69,3.123,F3V,0.427,20.891382,20.819137,-13.925384,Zet,,For,1,13908,,4.906818568,
423,13951,18633,899,,5    Eri,,111.1111,5.56,0.331,B9.5V,-0.072,78.602301,78.387209,-4.778701,,5,Eri,1,13917,,64.20960526,
424,13954,18604,896,,91Lam Cet,,176.6784,4.71,-1.526,B6III,-0.109,123.577264,123.270329,27.356434,Lam,91,Cet,1,13920,,355.140335,
425,13993,18742,,,,Ayeyarwady,135.318,7.81,2.153,G8/K0IV,0.936,89.377224,89.515869,-48.058112,,,Eri,1,13959,,11.9894704,
426,14040,18760,904,,7    Eri,,255.102,6.11,-0.924,M2III,1.751,179.489418,180.822606,-12.811317,,7,Eri,1,14006,,203.98583,CV
427,14060,18784,907,,8Rho1Eri,,99.3049,5.75,0.765,K0II,1.043,69.236878,69.945643,-13.241969,Rho-1,8,Eri,1,14026,,43.05266105,
428,14086,18907,914,GJ 9107,Eps For,,32.1958,5.88,3.341,G8/K0V,0.794,19.941096,20.226305,-15.1606,Eps,,For,1,14052,,4.014209182,
429,14109,18769,905,,49    Ari,,64.3501,5.91,1.867,A3m,0.141,40.395439,41.07168,28.675013,,49,Ari,1,14075,,15.60270869,
430,14131,19400,939,,The Hyi,,157.7287,5.51,-0.48,B8III/IV,-0.125,34.302605,34.985117,-149.925814,The,,Hyi,1,14097,,135.5189412,
431,14135,18884,911,,92Alp Cet,Menkar,76.3942,2.54,-1.875,M2III,1.63,53.342561,54.414384,5.448321,Alp,92,Cet,1,14100,,489.7788194,Alp
432,14143,18883,910,,93    Cet,,168.6341,5.62,-0.515,B7V,-0.107,117.659787,120.124316,12.799184,,93,Cet,1,14109,,139.9587323,
433,14146,18978,919,Gl 121,11Tau3Eri,,27.1739,4.08,1.909,A4V,0.163,17.419759,17.787178,-10.889644,Tau-3,11,Eri,1,14112,,15.01066733,
434,14168,18953,917,,9Rho2Eri,,81.1688,5.32,0.773,K0II-III,0.941,56.204416,57.546852,-10.855131,Rho-2,9,Eri,1,14134,,42.73660315,
435,14240,19319,934,,Mu  Hor,,43.4028,5.12,1.932,F0IV,0.349,15.220957,15.708683,-37.488345,Mu,,Hor,1,14206,,14.69602899,
436,14293,19107,925,,10Rho3Eri,,41.5628,5.26,2.166,A8V,0.193,28.582744,29.669528,-5.49758,Rho-3,10,Eri,1,14257,,11.84677118,
437,14328,18925,915,,23Gam Per,,74.5712,2.91,-1.453,G8III+...,0.716,30.696986,32.009546,59.949578,Gam,23,Per,1,14292,,332.0473358,Gam
438,14354,19058,921,,25Rho Per,,94.3396,3.32,-1.553,M3IIIvar,1.528,50.772204,53.119196,59.165375,Rho,25,Per,1,14318,,364.0826638,Rho
439,14376,19134,927,,52    Ari,,165.2893,5.45,-0.641,B7Vn,-0.031,103.164817,108.186963,70.520783,,52,Ari,1,14340,,157.1809828,
440,14514,19374,938,,53    Ari,,255.102,6.13,-0.904,B1.5V,-0.123,166.019099,177.14502,78.322582,,53,Ari,1,14478,,200.262669,UW
441,14576,19356,936,,26Bet Per,Algol,27.571,2.09,-0.112,B8V,-0.003,14.189428,15.238793,18.072114,Bet,26,Per,1,14540,,96.56060985,Bet
442,14586,19460,940,,54    Ari,,234.7418,6.24,-0.613,M0III,1.56,151.307449,162.757572,75.630165,,54,Ari,1,14550,,153.1792716,
443,14632,19373,937,Gl 124,Iot Per,,10.5407,4.05,3.936,G0V,0.595,4.634786,5.016825,8.029067,Iot,,Per,1,14596,,2.320598462,
444,14668,19476,941,,27Kap Per,Misam,34.5662,3.79,1.097,K0III,0.98,16.593574,18.028979,24.381331,Kap,27,Per,1,14632,,31.71027439,
445,14677,19548,944,,55    Ari,,323.6246,5.74,-1.81,B8III,0.115,191.434401,208.205907,157.276954,,55,Ari,1,14641,,461.3175746,
446,14817,19656,947,,28Ome Per,,88.3392,4.61,-0.121,K1III,1.115,45.694336,50.433482,56.323324,Ome,28,Per,1,14781,,97.36435698,
447,14838,19787,951,,57Del Ari,Botein,52.0291,4.35,0.769,K2IIIvar,1.033,32.830084,36.343153,17.561644,Del,57,Ari,1,14802,,42.894341,
448,14879,20010,963,Gl 127A,Alp For,Dalim,14.2369,3.8,3.033,F8V,0.543,8.329775,9.25728,-6.899408,Alp,,For,1,14843,Gl 127,5.330893422,
449,14893,19832,954,,56    Ari,,154.0832,5.78,-0.159,B9p Si,-0.106,91.548064,101.886502,70.567382,,56,Ari,1,14857,,100.8323758,SX
450,14954,19994,962,Gl 128A,94    Cet,,22.5785,5.07,3.302,F8V,0.575,15.048052,16.82648,-0.471316,,94,Cet,1,14917,Gl 128,4.161021885,
451,15110,20150,972,,58Zet Ari,,80.3859,4.87,0.344,A1V,-0.007,49.491233,56.385083,28.865954,Zet,58,Ari,1,15072,,63.44537958,
452,15197,20320,984,,13Zet Eri,Zibal,33.6474,4.8,2.165,A5m,0.232,21.831836,25.077889,-5.15902,Zet,13,Eri,1,15159,,11.85768748,
453,15201,21024,1025,,Iot Hyi,,29.7089,5.51,3.146,F4III,0.438,4.256475,4.894832,-28.992273,Iot,,Hyi,1,15163,,4.803966829,
454,15244,20395,988,,14    Eri,,34.1763,6.14,3.471,F1V,0.407,22.069736,25.522094,-5.437451,,14,Eri,1,15206,,3.561229809,
455,15330,20766,1006,Gl 136,Zet1Ret,,12.0077,5.53,5.133,G2V,0.641,3.596056,4.201871,-10.658337,Zet-1,,Ret,1,15293,,0.770548537,
456,15338,20315,982,,30    Per,,224.2152,5.49,-1.263,B8V...,-0.06,104.815983,122.495444,155.823388,,30,Per,1,15300,,278.740452,
457,15371,20807,1010,Gl 138,Zet2Ret,,12.0322,5.24,4.838,G1V,0.6,3.603559,4.227199,-10.6734,Zet-2,,Ret,1,15333,,1.011113712,
458,15382,20610,994,,15    Eri,,78.3085,4.86,0.391,K0III,0.904,46.893889,55.084739,-29.981486,,15,Eri,1,15344,,60.75751461,
459,15383,20559,992,,95    Cet,,67.1592,5.62,1.484,K1IV,1.05,43.527447,51.132715,-1.090392,,95,Cet,1,15345,,22.20240395,
460,15404,20365,987,,29    Per,,195.3125,5.16,-1.294,B3V,-0.073,80.896077,95.245242,150.103721,,29,Per,1,15366,,286.8137713,
461,15444,20418,989,,31    Per,,171.8213,5.05,-1.125,B5V,-0.067,71.173116,84.167847,131.805651,,31,Per,1,15405,,245.4708916,
462,15457,20630,996,Gl 137,96Kap1Cet,,9.1399,4.84,5.035,G5Vvar,0.681,5.88441,6.973226,0.537318,Kap-1,96,Cet,1,15419,,0.843334758,Kap-1
463,15474,20720,1003,,16Tau4Eri,,93.3707,3.7,-1.151,M3/M4III,1.614,55.881991,66.313063,-34.611249,Tau-4,16,Eri,1,15436,,251.420103,Tau-4
464,15510,20794,1008,Gl 139,,82 G. Eri,6.0434,4.26,5.354,G8V,0.711,2.839238,3.381499,-4.127499,,,Eri,1,15471,,0.628637088,
465,15514,20618,995,,59    Ari,,67.2495,5.91,1.772,G8IV,0.86,38.505294,45.860346,30.605002,,59,Ari,1,15475,,17.02942562,
466,15557,20663,1000,,60    Ari,,91.4077,6.14,1.335,K3III:,1.241,52.842666,63.21382,39.586308,,60,Ari,1,15518,,25.46830253,
467,15578,20868,,,,Intan,46.2107,9.92,6.596,K3/K4IV,1.037,24.611899,29.516952,-25.659946,,,For,1,15539,,0.200262669,
468,15619,20791,1007,,97Kap2Cet,,98.912,5.7,0.724,G8.5III,0.964,63.080596,75.922546,6.341026,Kap-2,97,Cet,1,15580,,44.70951925,
469,15627,20756,1005,,61Tau1Ari,,156.0062,5.27,-0.696,B5IV,-0.067,92.927779,111.95896,56.281371,Tau-1,61,Ari,1,15588,,165.3484012,Tau-1
470,15648,20677,1002,,32    Per,,46.1681,4.96,1.638,A3V,0.051,21.424658,25.861789,31.680272,,32,Per,1,15609,,19.2663746,
471,15696,20825,1012,,62    Ari,,271.0027,5.55,-1.615,G5III,1.1,152.591985,185.435422,125.586157,,62,Ari,1,15657,,385.4783577,
472,15737,20893,1015,,63Tau2Ari,,97.371,5.1,0.158,K3III,1.231,57.689697,70.454195,34.485075,Tau-2,63,Ari,1,15698,,75.30087105,
473,15861,21017,1022,,64    Ari,,63.7755,5.5,1.477,K4III,1.19,36.39568,45.068594,26.674061,,64,Ari,1,15822,,22.34601058,
474,15863,20902,1017,,33Alp Per,Mirfak,155.2795,1.79,-4.166,F5Ib,0.481,62.885098,77.880689,118.708804,Alp,33,Per,1,15824,,4040.173354,
475,15870,21050,1027,,65    Ari,,95.6938,6.07,1.166,A1V,-0.028,56.163642,69.62629,33.986953,,65,Ari,1,15831,,29.75774377,
476,15900,21120,1030,,1Omi Tau,,89.2061,3.61,-1.142,G8III,0.887,55.200207,68.663325,13.999272,Omi,1,Tau,1,15861,,249.3446188,
477,15987,21423,1042,,Chi1For,,107.8749,6.39,1.225,A1IV,0.082,54.403725,68.352418,-63.286839,Chi-1,,For,1,15948,,28.18382931,
478,16083,21364,1038,,2Xi  Tau,,64.1026,3.73,-0.304,B9Vn,-0.082,39.077692,49.645163,10.836642,Xi,2,Tau,1,16044,,115.2391377,Xi
479,16112,21574,1054,,Chi2For,,139.47,5.71,-0.012,K2III,1.284,69.919499,89.137206,-81.349726,Chi-2,,For,1,16073,,88.06432284,
480,16156,21635,1058,,Chi3For,,114.2857,6.49,1.2,A1V,0.126,56.967976,73.041779,-66.93878,Chi-3,,For,1,16117,,28.84031503,
481,16181,21467,1048,,66    Ari,,64.433,6.03,1.984,K0IV,0.951,36.477989,46.876091,24.973115,,66,Ari,1,16142,,14.00876984,
482,16244,21428,1044,,34    Per,,165.2893,4.67,-1.421,B3V,-0.096,65.571385,84.96773,125.70372,,34,Per,1,16203,,322.4036872,
483,16245,22001,1083,Gl 143.2A,Kap Ret,,21.6826,4.71,3.029,F5IV-V,0.41,6.026531,7.809946,-19.30869,Kap,,Ret,1,16204,Gl 143.2,5.350569382,
484,16322,21686,1061,,4    Tau,,110.742,5.14,-0.082,A0Vn,-0.041,65.946784,86.260909,21.768535,,4,Tau,1,16281,,93.92906516,
485,16335,21552,1052,,35Sig Per,,110.2536,4.36,-0.852,K3III,1.367,44.768095,58.646849,81.928338,Sig,35,Per,1,16294,,190.8973941,
486,16341,21790,1070,,17    Eri,,123.9157,4.74,-0.726,B9Vs,-0.092,74.875272,98.125761,-10.961868,,17,Eri,1,16300,,169.9808513,
487,16369,21754,1066,,5    Tau,,104.9318,4.14,-0.965,K0II-III...,1.112,61.947656,81.371655,23.491538,,5,Tau,1,16328,,211.8361135,
488,16499,21770,1069,,36    Per,,36.324,5.3,2.499,F4IIIvar,0.398,15.131193,20.159756,26.154012,,36,Per,1,16458,,8.717661466,
489,16511,21933,1079,,6    Tau,,107.4114,5.76,0.605,B9IV,-0.072,63.557235,84.803667,17.493952,,6,Tau,1,16470,,49.88844875,
490,16537,22049,1084,Gl 144,18Eps Eri,Ran,3.2161,3.72,6.183,K2V,0.881,1.89897,2.541426,-0.528523,Eps,18,Eri,1,16496,,0.292954383,Eps
491,16611,22203,1088,,19Tau5Eri,,89.9281,4.26,-0.509,B9V,-0.106,49.785855,67.151682,-33.152769,Tau-5,19,Eri,1,16570,,139.1874249,
492,16664,22091,1086,,7    Tau,,131.5789,5.95,0.354,A3V,0.123,71.052886,96.412316,54.490558,,7,Tau,1,16623,,62.86370884,
493,16803,22470,1100,,20    Eri,,149.2537,5.24,-0.63,B8/B9III,-0.117,83.538055,115.286983,-44.799658,,20,Eri,1,16762,,155.5965632,EG
494,16826,22192,1087,,37Psi Per,,178.8909,4.32,-1.943,B5Ve,-0.058,69.8893,96.627834,133.343535,Psi,37,Per,1,16785,,521.4347854,Psi
495,16852,22484,1101,Gl 147,10    Tau,,13.9626,4.29,3.565,F9V,0.575,8.163865,11.327087,0.097883,,10,Tau,1,16811,,3.265878322,
496,17007,22789,1114,,Tau For,,117.7856,6.01,0.655,A0V,-0.027,60.130268,84.920723,-55.193762,Tau,,For,1,16966,,47.64309868,
497,17027,22713,1111,,21    Eri,,33.7041,5.97,3.332,K1V,0.921,19.356431,27.39344,-3.304323,,21,Eri,1,16986,,4.047622487,
498,17096,23079,,,,Tupi,33.8868,7.12,4.47,F8/G0V,0.583,11.740637,16.723573,-27.033217,,,Ret,1,17055,,1.419057522,
499,17103,22796,1115,,12    Tau,,114.0251,5.55,0.265,G6III:,0.931,65.36936,93.228959,6.080629,,12,Tau,1,17062,,68.23386941,
500,17167,22920,1121,,22    Eri,,152.207,5.53,-0.382,B9IIIp Si,-0.145,86.59518,124.407424,-13.823249,,22,Eri,1,17126,,123.8226231,
501,17181,22805,1118,,11    Tau,,146.4129,6.11,0.282,A2IV,0.097,75.539927,108.659205,62.638813,,11,Tau,1,17140,,67.17381285,
502,17304,23227,1134,,Del For,,259.7403,4.99,-2.083,B5III,-0.159,124.650555,181.78943,-137.404463,Del,,For,1,17262,,593.1984397,
503,17309,23016,1126,,13    Tau,,165.2893,5.68,-0.411,B9Vn,-0.016,87.964321,128.367463,55.718898,,13,Tau,1,17267,,127.1744886,
504,17313,22951,1123,,40    Per,,323.6246,4.97,-2.58,B0.5V,-0.048,151.663187,221.451739,180.804876,,40,Per,1,17271,,937.5620069,
505,17358,22928,1122,,39Del Per,,158.2278,3.01,-2.986,B5III SB,-0.125,59.860731,87.855481,117.192812,Del,39,Per,1,17316,,1362.699197,Del
506,17378,23249,1136,Gl 150,23Del Eri,Rana,9.0408,3.52,3.739,K0IV,0.915,5.006502,7.370189,-1.533131,Del,23,Eri,1,17336,,2.782274658,Del
507,17408,23183,1132,,14    Tau,,125.6281,6.13,0.635,G8III,0.994,66.244607,98.014944,42.27668,,14,Tau,1,17366,,48.52885002,
508,17440,23817,1175,Gl 154.2,Bet Ret,,29.8597,3.84,1.465,K0IV SB,1.133,7.098485,10.543736,-27.019807,Bet,,Ret,1,17398,,22.5943577,
509,17448,23180,1131,,38Omi Per,Atik,343.6426,3.84,-3.841,B1III,0.022,162.113525,241.065988,183.56674,Omi,38,Per,1,17406,,2995.021884,Omi
510,17457,23363,1146,,24    Eri,,200.8032,5.24,-1.274,B7V,-0.088,111.895161,166.687977,-4.075984,,24,Eri,1,17415,,281.57883,
511,17489,23288,1140,,16    Tau,Celaeno,115.6069,5.45,0.135,B7IV,-0.034,58.617318,87.564472,47.554545,,16,Tau,1,17447,,76.91304403,
512,17499,23302,1142,,17    Tau,Electra,124.0695,3.72,-1.748,B6III,-0.105,62.965631,94.124106,50.687766,,17,Tau,1,17457,,435.7124805,
513,17506,23413,1150,,25    Eri,,120.919,5.56,0.148,K4III,1.411,67.204053,100.522542,-0.626209,,25,Eri,1,17464,,75.99762144,
514,17527,23324,1144,,18    Tau,,125.4705,5.66,0.167,B8V,-0.064,63.191931,94.71856,52.706888,,18,Tau,1,17485,,74.67925899,
515,17529,23230,1135,,41Nu  Per,,170.6485,3.77,-2.391,F5IIvar,0.425,69.722894,104.539005,115.460753,Nu,41,Per,1,17487,,787.7710196,
516,17531,23338,1145,,19    Tau,Taygeta,125.4705,4.3,-1.193,B6V,-0.11,63.361504,95.01397,51.966577,,19,Tau,1,17489,,261.3364576,
517,17563,23466,1153,,29    Tau,,163.6661,5.34,-0.73,B3V,-0.099,90.023266,135.590923,17.249793,,29,Tau,1,17521,,170.6082389,
518,17573,23408,1149,,20    Tau,Maia,117.5088,3.87,-1.48,B8III,-0.063,59.14718,89.215057,48.48319,,20,Tau,1,17532,,340.4081897,
519,17579,23432,1151,,21    Tau,Asterope,114.0251,5.76,0.475,B8V,-0.036,57.278032,86.462186,47.384166,,21,Tau,1,17537,,56.23413252,
520,17588,23441,1152,,22    Tau,,116.5501,6.43,1.097,A0Vn,-0.02,58.504648,88.4314,48.384192,,22,Tau,1,17546,,31.71027439,
521,17593,23614,1162,,26Pi  Eri,,147.4926,4.43,-1.414,M1III,1.604,79.523115,120.308509,-30.921273,Pi,26,Eri,1,17551,,320.3317601,Pi
522,17608,23480,1156,,23    Tau,Merope,116.5501,4.14,-1.193,B6IV,-0.051,58.663928,88.906234,47.309232,,23,Tau,1,17566,,261.3364576,V971
523,17618,23738,1171,,Sig For,,101.0101,5.91,0.888,A2V,0.11,48.454121,73.524414,-49.491166,Sig,,For,1,17576,,38.44147118,
524,17651,23754,1173,Gl 155,27Tau6Eri,,17.6274,4.22,2.989,F3/F5V,0.434,8.889125,13.538595,-6.958253,Tau-6,27,Eri,1,17609,,5.551367774,
525,17678,24512,1208,,Gam Hyi,,65.6168,3.26,-0.825,M2III,1.59,9.756821,14.915528,-63.149939,Gam,,Hyi,1,17637,,186.2087137,
526,17702,23630,1165,,25Eta Tau,Alcyone,123.6094,2.85,-2.61,B7III,-0.086,61.664507,94.489136,50.483636,Eta,25,Tau,1,17661,,963.8290236,
527,17717,23878,1181,,28Tau7Eri,,76.9231,5.24,0.81,A1V,0.075,38.39785,58.936381,-31.133766,Tau-7,28,Eri,1,17675,,41.3047502,
528,17738,23940,1184,,Rho For,,82.4402,5.52,0.939,G6III,0.973,38.836157,59.764756,-41.429356,Rho,,For,1,17696,,36.67752316,
529,17771,23793,1174,,30    Tau,,139.0821,5.08,-0.636,B3V,-0.125,74.186052,114.53293,26.879507,,30,Tau,1,17729,,156.4588018,
530,17847,23850,1178,,27    Tau,Atlas,117.2333,3.62,-1.725,B8III,-0.07,57.849417,90.077197,47.782936,,27,Tau,1,17805,,426.5795188,
531,17851,23862,1180,,28    Tau,Pleione,117.096,5.05,-0.293,B7p,-0.082,57.734463,89.91922,47.882552,,28,Tau,1,17809,,114.0775013,BU
532,17886,23848,1177,,42    Per,,82.3045,5.14,0.563,A3V,0.057,37.164748,58.082086,44.936209,,42,Per,1,17844,,51.85611777,V467
533,17959,23401,1148,,Gam Cam,,110.011,4.59,-0.617,A2IVn,0.064,18.873061,29.727281,104.223388,Gam,,Cam,1,17917,,153.7446457,
534,18089,24263,1199,,31    Tau,,238.6635,5.66,-1.229,B5V,0.046,125.647386,201.085298,27.161957,,31,Tau,1,18046,,270.1469073,
535,18141,24388,1202,,30    Eri,,179.5332,5.48,-0.791,B8+...,-0.09,94.262342,151.873097,-16.774721,,30,Eri,1,18098,,180.4679147,
536,18216,24587,1213,,33Tau8Eri,,115.6069,4.64,-0.675,B5V,-0.136,55.02931,89.546639,-48.147454,Tau-8,33,Eri,1,18171,,162.1810097,Tau-8
537,18246,24398,1203,,44Zet Per,,230.4147,2.84,-3.973,B1Ib,0.271,102.130978,166.878316,121.704179,Zet,44,Per,1,18201,,3382.205567,
538,18255,24554,1211,,32    Eri,,95.9693,4.46,-0.451,G8III,0.672,49.973192,81.782305,-4.946929,,32,Eri,1,18210,,131.9471457,
539,18453,24546,1210,,43    Per,,37.4392,5.28,2.413,F5IV,0.425,12.160486,20.360745,28.970233,,43,Per,1,18405,,9.436262203,
540,18471,24740,1218,,32    Tau,,42.337,5.62,2.486,F2IV,0.345,20.021553,33.609117,16.186738,,32,Tau,1,18424,,8.822669282,
541,18485,24769,1221,,33    Tau,,208.7683,6.05,-0.548,B9.5IV,0.031,98.082516,164.965823,82.160779,,33,Tau,1,18438,,144.2779623,V817
542,18532,24760,1220,,45Eps Per,,195.6947,2.9,-3.558,B0.5V,-0.199,76.156467,129.09969,125.816858,Eps,45,Per,1,18485,,2307.80973,Eps
543,18543,25025,1231,,34Gam Eri,Zaurak,62.3441,2.97,-1.004,M1IIIb Ca-1,1.588,30.760217,52.235828,-14.56308,Gam,34,Eri,1,18497,,219.5836501,Gam
544,18597,25422,1247,,Del Ret,,161.2903,4.56,-1.478,M2III,1.59,38.96927,66.651739,-141.610379,Del,,Ret,1,18550,,339.7817118,
545,18614,24912,1228,,46Xi  Per,Menkib,381.6794,3.98,-3.928,O7.5Iab:,0.016,156.01015,267.421217,223.218208,Xi,46,Per,1,18567,,3244.890157,Xi
546,18673,25267,1240,,36Tau9Eri,,100.4016,4.62,-0.389,Ap Si,-0.121,45.881115,79.408177,-40.863054,Tau-9,36,Eri,1,18626,,124.623516,Tau-9
547,18724,25204,1239,,35Lam Tau,,148.368,3.41,-2.447,B3V + A,-0.099,72.055648,125.663969,32.088342,Lam,35,Tau,1,18677,,829.4686951,Lam
548,18744,25705,1264,,Gam Ret,,143.8849,4.48,-1.31,M4III,1.5,33.370231,58.324809,-127.23007,Gam,,Ret,1,18697,,291.0717118,Gam
549,18772,25728,1266,,Iot Ret,,97.8474,4.97,0.017,K4III,1.386,23.426639,41.113996,-85.644921,Iot,,Ret,1,18725,,85.74326166,
550,18788,25340,1244,,35    Eri,,126.9036,5.28,-0.237,B5V,-0.133,62.691831,110.28381,-3.431904,,35,Eri,1,18741,,108.3427862,
551,18907,25490,1251,,38Nu  Tau,,35.8551,3.91,1.137,A1V,0.032,17.402678,31.124499,3.741217,Nu,38,Tau,1,18860,,30.5632828,
552,18957,25558,1253,,40    Tau,,196.4637,5.32,-1.146,B3V,-0.08,95.010692,170.952164,18.610485,,40,Tau,1,18910,,250.2649326,V1133
553,19009,25555,1252,,36    Tau,,347.2222,5.46,-2.243,G0III...,0.813,153.219239,277.445215,141.814617,,36,Tau,1,18961,,687.3849196,
554,19038,25604,1256,,37    Tau,,57.3723,4.36,0.566,K0III,1.064,25.633221,46.576223,21.568111,,37,Tau,1,18990,,51.71303179,
555,19076,25680,1262,Gl 160,39    Tau,,16.9377,5.9,4.756,G5V,0.62,7.532952,13.778856,6.347496,,39,Tau,1,19028,,1.090435546,
556,19167,25642,1261,,47Lam Per,,129.3661,4.25,-1.309,A0IVn,-0.011,39.202478,72.642846,99.608154,Lam,47,Per,1,19119,,290.8037483,
557,19171,25823,1268,,41    Tau,,128.866,5.18,-0.371,B9p Si,-0.124,54.226342,100.506259,59.702906,,41,Tau,1,19123,,122.5744632,GS
558,19205,25867,1269,,42Psi Tau,,27.6014,5.21,3.005,F1V,0.359,11.425468,21.265517,13.382011,Psi,42,Tau,1,19157,,5.470159629,
559,19302,25975,1277,,49    Per,,44.0917,6.07,2.848,K1III,0.943,16.337493,30.809479,26.979785,,49,Per,1,19254,,6.32120682,
560,19335,25998,1278,Gl 161.1,50    Per,,20.9952,5.52,3.909,F7V,0.52,7.724117,14.620741,12.937551,,50,Per,1,19287,,2.379030446,V582
561,19343,25940,1273,,48    Per,,146.1988,3.96,-1.865,B3Ve,-0.025,45.931031,86.988502,108.154671,,48,Per,1,19296,,485.2885002,MX
562,19388,26162,1283,,43Ome1Tau,,87.0322,5.51,0.812,K2III,1.077,38.120735,72.583225,29.208352,Ome-1,43,Tau,1,19340,,41.22873407,
563,19483,26409,1290,,37    Eri,,107.7586,5.44,0.278,G8III,0.941,49.239001,94.966675,-12.990301,,37,Eri,1,19434,,67.42174676,
564,19513,26322,1287,,44    Tau,,62.9327,5.39,1.396,F2IV-V,0.352,25.829011,50.059412,28.061784,,44,Tau,1,19464,,24.07686846,IM
565,19515,26612,1302,,Del Hor,,54.8246,4.93,1.235,A9V,0.334,18.681766,36.211985,-36.680469,Del,,Hor,1,19465,,27.92543841,
566,19554,26462,1292,,45    Tau,,36.9822,5.71,2.87,F4V,0.36,16.806438,32.750294,3.559426,,45,Tau,1,19505,,6.194410751,
567,19587,26574,1298,,38Omi1Eri,Beid,37.3134,4.04,1.181,F2II-III,0.327,16.838836,33.000244,-4.442368,Omi-1,38,Eri,1,19538,,29.34945222,Omi-1
568,19719,26690,1309,,46    Tau,,36.3372,5.29,2.488,F3V...,0.366,16.129791,32.193511,4.878772,,46,Tau,1,19669,,8.806432284,
569,19740,26722,1311,,47    Tau,,101.7294,4.84,-0.197,G5III,0.799,44.823011,89.841902,16.37646,,47,Tau,1,19690,,104.4239219,
570,19747,26967,1326,,Alp Hor,,35.2609,3.85,1.114,K1III,1.085,11.637776,23.342255,-23.728596,Alp,,Hor,1,19697,,31.21763511,
571,19777,26846,1318,,39    Eri,,74.2942,4.87,0.515,K3III,1.156,32.507483,65.482178,-13.228201,,39,Eri,1,19727,,54.20008904,
572,19780,27256,1336,,Alp Ret,Rhombus,49.554,3.33,-0.145,G7III,0.915,10.180685,20.514413,-43.944776,Alp,,Ret,1,19730,,99.54054174,
573,19811,26673,1306,,52    Per,,291.5452,4.67,-2.654,G5II comp,1.007,98.172669,198.830839,189.280262,,52,Per,1,19761,,1003.690931,
574,19812,26630,1303,,51Mu  Per,,276.2431,4.12,-3.086,G0Ib...,0.935,81.176514,164.424627,206.603982,Mu,51,Per,1,19762,,1494.169957,
575,19849,26965,1325,Gl 166A,40Omi2Eri,Keid,4.9845,4.43,5.942,K1V,0.82,2.179524,4.432894,-0.66374,Omi-2,40,Eri,1,19799,Gl 166,0.365763193,
576,19860,26912,1320,,49Mu  Tau,,139.6648,4.27,-1.455,B3IV,-0.054,60.741083,123.898045,21.589212,Mu,49,Tau,1,19810,,332.6595533,
577,19877,26911,1319,,48    Tau,,45.4133,6.31,3.024,F5Vvar,0.4,19.232411,39.332662,12.060397,,48,Tau,1,19827,,5.375266488,V1099
578,19893,27290,1338,Gl 167.1,Gam Dor,,20.4625,4.26,2.705,F4III,0.312,5.584439,11.453148,-16.011327,Gam,,Dor,1,19843,,7.211074792,Gam
579,19921,27442,1355,Gl 167.3,Eps Ret,,18.2382,4.44,3.135,K2IV,1.078,4.063966,8.377204,-15.682734,Eps,,Ret,1,19871,,4.852885002,
580,19990,27045,1329,,50Ome2Tau,,28.9436,4.93,2.622,A3m,0.259,11.744304,24.419494,10.17349,Ome-2,50,Tau,1,19940,,7.783949326,
581,20020,27657,1372,,The Ret,,141.2429,5.88,0.13,B+...,-0.061,27.446131,57.330198,-126.132956,The,,Ret,1,19970,,77.26805851,
582,20042,27376,1347,,41Ups4Eri,,54.5554,3.55,-0.134,B9V,-0.108,19.536379,40.910335,-30.347713,Ups-4,41,Eri,1,19992,,98.53715069,
583,20049,28525,1426,,Del Men,,129.8701,5.67,0.102,K2/K3III+..,0.836,9.504047,19.922941,-127.980256,Del,,Men,1,20001,,79.28663749,
584,20087,27176,1331,,51    Tau,,54.0541,5.64,1.976,F0V,0.277,21.563364,45.405538,19.880595,,51,Tau,1,20037,,14.11237148,
585,20171,27295,1339,,53    Tau,,82.7815,5.5,0.91,B9IV,-0.069,32.802512,69.89479,29.858134,,53,Tau,1,20121,,37.6703799,V1024
586,20186,27309,1341,,56    Tau,,100,5.34,0.34,A0p Si,-0.107,39.389327,84.098442,37.093862,,56,Tau,1,20136,,63.67955209,V724
587,20205,27371,1346,,54Gam Tau,Prima Hyadum,49.5295,3.65,0.176,G8III,0.981,20.197375,43.211662,13.342572,Gam,54,Tau,1,20155,,74.06277837,
588,20219,27397,1351,,57    Tau,,45.7038,5.58,2.28,F3V...,0.283,18.745503,40.182346,11.084084,,57,Tau,1,20169,,10.66596121,V483
589,20250,27382,1348,,52Phi Tau,,98.4252,4.97,0.004,K1III,1.15,36.823987,79.288446,45.220144,Phi,52,Tau,1,20200,,86.7760745,
590,20252,27348,1343,,54    Per,,66.9344,4.93,0.802,G8III,0.95,23.204333,49.995533,37.97614,,54,Per,1,20203,,41.61021885,
591,20261,27459,1356,,58    Tau,,46.9484,5.26,1.902,F0V,0.225,19.048181,41.132174,12.226757,,58,Tau,1,20211,,15.10775732,V696
592,20297,29116,1456,,Nu  Men,,52.0562,5.78,2.198,F0/F2III,0.359,3.192246,6.921957,-51.495214,Nu,,Men,1,20248,,11.50270548,
593,20354,27396,1350,,53    Per,,155.521,4.8,-1.159,B4IV,-0.022,44.585331,97.329822,112.808858,,53,Per,1,20304,,253.2794766,V469
594,20384,28093,1395,,Eta Ret,,117.9245,5.24,-0.118,G7III,0.955,21.930322,48.059877,-105.430507,Eta,,Ret,1,20334,,97.09570065,
595,20400,27628,1368,,60    Tau,,44.3853,5.72,2.484,A3m,0.315,17.843646,39.180871,10.795882,,60,Tau,1,20350,,8.838936217,V775
596,20430,27638,1369,,59Chi Tau,,89.2857,5.38,0.626,B9V,-0.041,33.197022,73.337512,38.620336,Chi,59,Tau,1,20380,,48.93279241,
597,20455,27697,1373,,61Del1Tau,Secunda Hyadum,47.7099,3.77,0.377,G8III,0.983,18.695965,41.472036,14.380508,Del-1,61,Tau,1,20405,,61.54602374,
598,20484,27749,1376,,63    Tau,,49.9002,5.64,2.149,A1m,0.31,19.543265,43.59645,14.403874,,63,Tau,1,20433,,12.03372271,
599,20507,27861,1383,,42Xi  Eri,,64.1026,5.17,1.136,A2V,0.072,26.098491,58.399185,-4.187448,Xi,42,Eri,1,20455,,30.59144559,
600,20522,27820,1381,,66    Tau,,121.3592,5.1,-0.32,A3V,0.074,48.754803,109.330113,19.948493,,66,Tau,1,20470,,116.9499391,
601,20533,27778,1378,,62    Tau,,278.5515,6.34,-0.885,B3V,0.173,103.262614,231.920816,114.632395,,62,Tau,1,20481,,196.788629,
602,20535,28028,1393,,43    Eri,Beemim,90.8265,3.97,-0.821,K4III,1.468,30.609599,68.780131,-50.811792,,43,Eri,1,20483,,185.5239576,
603,20542,27819,1380,,64Del2Tau,,49.4805,4.8,1.328,A7V,0.154,19.182021,43.132146,14.833155,Del-2,64,Tau,1,20490,,25.6330332,
604,20579,27777,1377,,55    Per,,137.3626,5.73,0.041,B8V,-0.054,46.02692,103.970862,77.071904,,55,Per,1,20527,,83.86871712,
605,20591,27786,1379,,56    Per,,40.6174,5.77,2.726,F4V,0.4,13.618689,30.813728,22.689103,,56,Per,1,20539,,7.072940424,
606,20635,27934,1387,,65Kap1Tau,,47.1921,4.21,0.841,A7IV-V,0.136,17.521422,39.99522,17.9028,Kap-1,65,Tau,1,20583,,40.14209182,
607,20641,27946,1388,,67Kap2Tau,,45.3926,5.27,1.985,A7V,0.25,16.856604,38.499384,17.151282,Kap-2,67,Tau,1,20590,,13.99587323,
608,20648,27962,1389,,68Del3Tau,,45.5373,4.3,1.008,A2IV,0.049,17.36483,39.694452,14.017394,Del-3,68,Tau,1,20597,,34.41913883,V776
609,20661,27991,1391,,70    Tau,,47.1698,6.44,3.072,F7V,0.509,18.154334,41.56448,12.955162,,70,Tau,1,20609,,5.142804319,
610,20711,28024,1392,,69Ups Tau,,47.1476,4.28,0.913,A8Vn,0.263,17.275942,39.878289,18.280854,Ups,69,Tau,1,20659,,37.56643646,Ups
611,20713,28052,1394,,71    Tau,,49.0918,4.48,1.025,F0V...,0.262,18.787236,43.38653,13.216923,,71,Tau,1,20661,,33.88441561,V777
612,20732,28100,1396,,73Pi  Tau,,127.7139,4.69,-0.841,G8III,0.979,48.956077,113.410664,32.438204,Pi,73,Tau,1,20680,,188.9731054,
613,20789,28149,1399,,72    Tau,,115.8749,5.53,0.21,B7V,-0.098,41.981501,98.057445,45.269128,,72,Tau,1,20737,,71.77942913,
614,20873,28294,1408,,76    Tau,,57.5705,5.9,2.099,F0IV,0.325,21.667096,51.286984,14.648891,,76,Tau,1,20821,,12.60085459,
615,20877,28292,1407,,75    Tau,,57.241,4.96,1.171,K2IIIvar,1.137,21.36337,50.598509,16.122899,,75,Tau,1,20825,,29.62101936,
616,20885,28307,1411,,77The1Tau,,47.3261,3.84,0.464,G7III,0.952,17.673807,41.929015,13.014908,The-1,77,Tau,1,20833,,56.80675741,
617,20889,28305,1409,,74Eps Tau,Ain,44.964,3.53,0.266,K0III,1.014,16.488448,39.136798,14.772771,Eps,74,Tau,1,20837,,68.17105263,
618,20894,28319,1412,,78The2Tau,Chamukuy,46.1042,3.4,0.081,A7III,0.179,17.209733,40.871602,12.608233,The-2,78,Tau,1,20842,,80.83510374,The-2
619,20901,28355,1414,,79    Tau,,48.852,5.02,1.576,A7V,0.215,18.435376,43.875353,11.028918,,79,Tau,1,20849,,20.398583,
620,20995,28485,1422,,80    Tau,,45.8295,5.58,2.274,F0V...,0.324,16.863611,40.784467,12.353684,,80,Tau,1,20943,,10.72506666,
621,21036,28556,1430,,83    Tau,,45.208,5.4,2.124,F0V,0.263,16.696217,40.620058,10.725767,,83,Tau,1,20984,,12.31402412,
622,21039,28546,1428,,81    Tau,,44.9236,5.47,2.208,Am,0.258,16.437848,40.004104,12.150311,,81,Tau,1,20987,,11.39724804,
623,21060,28873,1443,,Del Cae,,215.9827,5.07,-1.602,B2IV-V,-0.194,57.976821,141.4236,-152.599589,Del,,Cae,1,21008,,380.8903765,
624,21109,28678,,,,Hoggar,226.7574,8.38,1.602,K0,1.008,85.200384,209.362436,18.088209,,,Tau,1,21057,,19.91590289,
625,21137,28677,1432,,85    Tau,,45.1671,6.01,2.736,F4V...,0.338,16.300733,40.27621,12.337302,,85,Tau,1,21085,,7.008095316,
626,21139,28749,1437,,45    Eri,,201.2072,4.91,-1.608,K3II-III,1.32,75.47305,186.515934,-0.154555,,45,Eri,1,21087,,383.0010812,
627,21148,28446,1417,,1    Cam,,100000,5.78,-14.22,B0III SB,0.119,22058.6551,54618.12528,80810.12383,,1,Cam,1,21096,,42461956.39,DL
628,21242,28704,1434,,57    Per,,59.1716,6.09,2.229,F0V,0.37,15.946524,40.181559,40.403027,,57,Per,1,21189,,11.17892391,
629,21248,29085,1453,,50Ups1Eri,,38.956,4.49,1.537,K0III,0.972,12.46101,31.436528,-19.340438,Ups-1,50,Eri,1,21195,,21.14462562,
630,21273,28910,1444,,86Rho Tau,,48.5201,4.65,1.22,A8V,0.255,17.218125,43.626235,12.430714,Rho,86,Tau,1,21220,,28.31391996,Rho
631,21278,29009,1449,,46    Eri,,253.8071,5.71,-1.313,B9p Si,-0.128,92.467861,234.479677,-29.783031,,46,Eri,1,21225,,291.8770848,EH
632,21281,29305,1465,,Alp Dor,,51.7063,3.3,-0.268,A0V:,-0.079,10.857822,27.56288,-42.378779,Alp,,Dor,1,21228,,111.4807803,Alp
633,21296,29064,1451,,47    Eri,,304.878,5.2,-2.221,M3III,1.708,110.349552,280.834871,-43.649527,,47,Eri,1,21243,,673.5967762,DV
634,21393,29291,1464,,52Ups2Eri,Theemin,65.5738,3.81,-0.274,G8III,0.957,20.338212,52.67393,-33.342657,Ups-2,52,Eri,1,21340,,112.0985513,
635,21402,29140,1458,,88    Tau,,47.8927,4.25,0.849,A5m,0.184,16.960482,43.985163,8.448853,,88,Tau,1,21349,,39.84740097,
636,21421,29139,1457,Gl 171.1A,87Alp Tau,Aldebaran,20.4332,0.87,-0.682,K5III,1.538,7.02722,18.287604,5.806661,Alp,87,Tau,1,21368,Gl 171.1,163.2300073,Alp
637,21444,29248,1463,,48Nu  Eri,,207.0393,3.93,-2.65,B2III SB,-0.21,73.800655,193.060106,-12.107266,Nu,48,Eri,1,21391,,1000,Nu
638,21476,29094,1454,,58    Per,,244.4988,4.25,-2.691,G8II comp,1.171,65.344458,171.773203,161.256794,,58,Per,1,21423,,1038.484455,
639,21547,29391,1474,,51    Eri,,29.4291,5.22,2.876,F0V,0.283,10.344537,27.521998,-1.270113,,51,Eri,1,21494,,6.160273583,
640,21588,29375,1472,,89    Tau,,49.8256,5.78,2.293,F0V,0.312,16.739841,44.86666,13.761717,,89,Tau,1,21535,,10.53901445,
641,21589,29388,1473,,90    Tau,,47.081,4.27,0.906,A6V,0.122,16.067112,43.063758,10.198975,,90,Tau,1,21536,,37.80941867,
642,21594,29503,1481,GJ 9160A,53    Eri,Sceptrum,33.6814,3.86,1.223,K1III,1.082,11.405856,30.579706,-8.321655,,53,Eri,1,21541,GJ 9160,28.23579369,
643,21673,29479,1478,,91Sig1Tau,,45.0857,5.08,1.81,A4m,0.141,14.988128,40.711111,12.275875,Sig-1,91,Tau,1,21620,,16.44371723,
644,21683,29488,1479,,92Sig2Tau,,47.6872,4.67,1.278,A5Vn,0.147,15.820925,43.043494,13.078825,Sig-2,92,Tau,1,21630,,26.84108084,
645,21727,29317,1467,,3    Cam,,129.5337,5.07,-0.492,K0III SB,1.079,26.641362,73.108522,103.558033,,3,Cam,1,21674,,137.0250597,
646,21730,29316,1466,,2    Cam,,44.4642,5.36,2.12,A8V,0.331,9.055143,24.867932,35.730538,,2,Cam,1,21677,,12.35947433,
647,21735,29589,1484,,93    Tau,,127.7139,5.45,-0.081,B8IV,-0.121,42.665536,117.313305,26.983949,,93,Tau,1,21682,,93.84259312,
648,21763,29755,1496,,54    Eri,,112.9944,4.32,-0.945,M3/M4III,1.599,36.197962,100.052855,-38.036843,,54,Eri,1,21710,,207.9696687,DM
649,21770,29875,1502,Gl 174.1A,Alp Cae,,20.1654,4.44,2.917,F2V,0.342,5.101798,14.124725,-13.457617,Alp,,Cae,1,21717,Gl 174.1,5.931984397,
650,21861,29992,1503,Gl 176.1,Bet Cae,,28.6697,5.04,2.753,F3V,0.391,7.623137,21.544405,-17.311611,Bet,,Cae,1,21808,,6.899220098,
651,21881,29763,1497,,94Tau Tau,,122.1001,4.27,-1.164,B3V,-0.112,37.416474,106.020957,47.623853,Tau,94,Tau,1,21828,,254.4485615,
652,21914,30185,1516,,Lam Pic,,114.8106,5.3,0,K0/K1III,0.977,24.154429,68.948883,-88.566919,Lam,,Pic,1,21861,,87.096359,
653,21928,29722,1494,,59    Per,,73.9645,5.3,0.955,A1Vn,0.028,17.748971,50.757956,50.787432,,59,Per,1,21875,,36.14098626,
654,21949,30612,1541,,Mu  Men,,150.6024,5.53,-0.359,B9IV,-0.114,16.208289,46.456426,-142.338231,Mu,,Men,1,21896,,121.2271793,
655,21961,29859,1499,,95    Tau,,48.2625,6.18,2.762,F7IV-V,0.544,14.484393,41.610636,19.698558,,95,Tau,1,21908,,6.842266728,
656,21986,30020,1505,,55    Eri,,653.5948,5.98,-3.097,F4IIIp (Sr),0.645,211.409419,610.333791,-99.926736,,55,Eri,1,21933,,1509.384897,DW
657,22024,30076,1508,,56    Eri,,100000,5.78,-14.22,B2Ve,-0.076,32162.72228,93524.86763,-14787.10441,,56,Eri,1,21971,,42461956.39,DX
658,22040,30478,1530,,Kap Dor,,67.0241,5.28,1.149,A8/A9III/IV,0.206,10.949339,31.95881,-57.887619,Kap,,Dor,1,21987,,30.2273448,
659,22109,30211,1520,,57Mu  Eri,,160,4.01,-2.011,B5IV,-0.148,51.015593,151.376745,-9.083835,Mu,57,Eri,1,22056,,555.1367774,Mu
660,22263,30495,1532,Gl 177,58    Eri,,13.2767,5.49,4.875,G3V,0.632,3.945704,12.072764,-3.867261,,58,Eri,1,22210,,0.977237221,IX
661,22280,30608,1539,,Zet Cae,,131.7523,6.35,0.751,K0III,1.071,35.334097,108.467357,-65.916742,Zet,,Cae,1,22227,,43.61139714,
662,22287,30121,1511,,4    Cam,,52.7704,5.29,1.678,A3m,0.246,8.938764,27.512543,44.134925,,4,Cam,1,22234,,18.56949101,
663,22325,30606,1538,,59    Eri,,41.7188,5.76,2.658,F8V,0.537,12.281746,38.105848,-11.729771,,59,Eri,1,22272,,7.530087105,
664,22441,30605,1537,,96    Tau,,333.3333,6.09,-1.524,K3III,1.551,96.752253,305.62486,91.343381,,96,Tau,1,22388,,354.4867445,
665,22449,30652,1543,Gl 178,1Pi 3Ori,Tabit,8.0684,3.19,3.656,F6V,0.484,2.413721,7.63677,0.977904,Pi-3,1,Ori,1,22396,,3.003308879,
666,22479,30814,1549,,60    Eri,,72.3066,5.03,0.734,K0III,0.992,20.822012,66.234033,-20.193785,,60,Eri,1,22426,,44.29961991,
667,22491,30856,,,,Mouhoun,118.0638,7.91,2.549,K0III,0.961,32.206232,102.609681,-48.714197,,,Eri,1,22438,,8.325302067,
668,22509,30739,1544,,2Pi 2Ori,,68.8231,4.35,0.161,A1Vn,0.01,20.273136,64.902011,10.64789,Pi-2,2,Ori,1,22456,,75.09309425,
669,22531,31203,1563,,Iot Pic,,41.5628,5.58,2.486,F0IV...,0.341,7.34599,23.629489,-33.394041,Iot,,Pic,1,22478,,8.822669282,
670,22534,31204,1564,,Iot Pic,,38.5356,6.42,3.491,F0IV,0.483,6.809345,21.909946,-30.961047,Iot,,Pic,1,22481,,3.49623004,
671,22549,30836,1552,,3Pi 4Ori,,322.5806,3.68,-3.863,B2III SB,-0.157,94.925539,306.683598,31.506969,Pi-4,3,Ori,1,22496,,3056.32828,
672,22565,30780,1547,,97    Tau,,51.2558,5.08,1.531,A7IV-V,0.214,14.309558,46.351525,16.551846,,97,Tau,1,22512,,21.2617986,V480
673,22667,30959,1556,,4Omi1Ori,,199.6008,4.71,-1.791,M3Sv,1.773,56.131664,185.136392,49.134544,Omi-1,4,Ori,1,22614,,453.3149061,Omi-1
674,22678,30834,1551,,2    Aur,,184.5018,4.79,-1.54,K3III,1.414,42.857564,141.578185,110.271052,,2,Aur,1,22626,,359.7493352,
675,22701,31109,1560,,61Ome Eri,,72.0461,4.36,0.072,A9IV,0.257,20.70106,68.667532,-6.846096,Ome,61,Eri,1,22648,,81.50795556,
676,22730,31139,1562,,5    Ori,,181.1594,5.33,-0.96,M1III,1.632,51.872397,173.39311,7.928048,,5,Ori,1,22677,,210.862815,
677,22783,30614,1542,,9Alp Cam,,100000,4.26,-15.74,O9.5Ia SB:,-0.008,11388.13356,38476.63383,91596.1739,Alp,9,Cam,1,22730,,172186857.5,
678,22797,31237,1567,,8Pi 5Ori,,411.5226,3.71,-4.362,B2III SB,-0.179,116.339905,394.346209,17.52465,Pi-5,8,Ori,1,22744,,4839.494493,Pi-5
679,22833,31283,1569,,6    Ori,,69.979,5.18,0.955,A3V,0.121,19.256825,65.833603,13.863015,,6,Ori,1,22780,,36.14098626,
680,22845,31295,1570,,7Pi 1Ori,,35.6633,4.64,1.879,A0V,0.085,9.83882,33.698243,6.285324,Pi-1,7,Ori,1,22792,,15.43121066,
681,22854,30958,1555,,5    Cam,,190.1141,5.52,-0.875,B9.5V,0.015,30.292923,104.018302,156.223908,,5,Cam,1,22801,,194.98446,
682,22871,32440,1629,,Eta Men,,204.918,5.47,-1.088,K6III,1.518,14.860602,51.139446,-197.877239,Eta,,Men,1,22818,,237.2466015,
683,22957,31421,1580,,9Omi2Ori,,57.0125,4.06,0.28,K2III,1.158,15.193314,53.311153,13.323302,Omi-2,9,Ori,1,22904,,67.29766563,
684,22958,31512,1582,,62    Eri,,227.2727,5.5,-1.283,B6V,-0.123,62.00713,217.688887,-20.485176,,62,Eri,1,22905,,283.9226239,
685,23015,31398,1577,,3Iot Aur,Hassaleh,151.2859,2.69,-3.209,K3IIvar,1.49,34.378539,121.884168,82.763748,Iot,3,Aur,1,22961,,1673.400907,
686,23040,31278,1568,,7    Cam,,114.0251,4.43,-0.855,A1V,-0.017,18.219549,64.912267,91.957342,,7,Cam,1,22987,,191.4255925,
687,23068,31553,1586,,99    Tau,,139.6648,5.79,0.065,G8III:,1.109,34.212143,122.97067,56.692238,,99,Tau,1,23014,,82.03515443,
688,23088,31592,1590,,98    Tau,,87.184,5.79,1.088,A0V,0.018,21.055375,76.125117,36.915148,,98,Tau,1,23034,,31.97422303,
689,23123,31767,1601,,10Pi 6Ori,,289.8551,4.47,-2.841,K2IIvar,1.369,76.757549,279.372806,8.669789,Pi-6,10,Ori,1,23069,,1192.339688,
690,23148,34172,1716,,Xi  Men,,113.1222,5.84,0.572,G8III,0.932,3.90834,14.298596,-112.146766,Xi,,Men,1,23094,,51.42804319,
691,23179,31647,1592,,4Ome Aur,,52.2739,4.93,1.339,A1V,0.037,10.806482,39.813476,32.104087,Ome,4,Aur,1,23125,,25.37464646,
692,23216,31579,1588,,8    Cam,,176.3668,6.09,-0.142,K4III,1.462,27.473641,102.126769,141.140228,,8,Cam,1,23162,,99.26588069,
693,23221,32008,1608,,63    Eri,,53.9665,5.39,1.729,G4V,0.797,13.779651,51.2839,-9.615321,,63,Eri,1,23167,,17.7174004,
694,23231,32045,1611,,64    Eri,,88.968,4.78,0.034,F0V,0.267,22.503515,83.880239,-19.3129,,64,Eri,1,23177,,84.41118556,S
695,23261,31761,1599,,5    Aur,,59.7372,5.95,2.069,F5V,0.415,11.888769,44.607367,37.912789,,5,Aur,1,23207,,12.95388389,
696,23268,31780,1602,,6    Aur,,336.7003,6.46,-1.176,K4Iab:,1.677,66.670067,250.507002,214.868079,,6,Aur,1,23214,,257.2764295,
697,23364,32249,1617,,65Psi Eri,,226.7574,4.8,-1.978,B3V,-0.164,56.864041,217.677719,-28.31804,Psi,65,Eri,1,23309,,538.517722,
698,23416,31964,1605,,7Eps Aur,Almaaz,653.5948,3.03,-6.047,F0Ia,0.537,118.129799,456.518488,452.57303,Eps,7,Aur,1,23361,,22845.46489,Eps
699,23453,32068,1612,,8Zet Aur,Saclateni,240.9639,3.69,-3.22,K4II comp,1.154,45.114162,175.957014,158.327189,Zet,8,Aur,1,23398,,1690.440932,Zet
700,23467,33285,1677,,Bet Men,,243.309,5.3,-1.631,G8III,0.996,19.281162,75.528226,-230.484154,Bet,,Men,1,23412,,391.2010394,
701,23474,32503,1634,,1    Lep,,143.472,5.74,-0.044,K1IV,1.188,32.697842,128.161268,-55.586329,,1,Lep,1,23419,,90.69847815,
702,23482,32743,1649,Gl 187,Eta1Pic,,26.0756,5.37,3.289,F2V,0.421,4.211792,16.526961,-19.724788,Eta-1,,Pic,1,23428,,4.211143104,
703,23497,32301,1620,,102Iot Tau,,52.9661,4.62,1,A7V,0.155,12.103194,47.740064,19.489629,Iot,102,Tau,1,23442,,34.67368505,
704,23522,31910,1603,,10Bet Cam,,267.3797,4.03,-3.106,G0Ib,0.921,32.233956,127.899195,232.582593,Bet,10,Cam,1,23467,,1521.948651,
705,23595,32831,1652,,Gam1Cae,,55.5864,4.55,0.825,K2III,1.177,10.872233,43.938165,-32.265726,Gam-1,,Cae,1,23540,,40.73802778,
706,23596,32846,1653,,Gam2Cae,,98.3284,6.32,1.357,F2IV/V,0.311,19.169043,77.510643,-57.385825,Gam-2,,Cae,1,23541,,24.95743795,X
707,23607,32549,1638,,11    Ori,,111.9821,4.65,-0.596,A0p Si,-0.064,25.857529,104.817125,29.745307,,11,Ori,1,23552,,150.7995342,V1032
708,23649,33042,1663,,Eta2Pic,,136.0544,5.05,-0.619,M2IIIvar,1.484,20.980986,85.688617,-103.576767,Eta-2,,Pic,1,23594,,154.0281148,
709,23685,32887,1654,,2Eps Lep,,65.4022,3.19,-0.888,K4III,1.46,14.257014,58.775516,-24.89227,Eps,2,Lep,1,23630,,197.333128,
710,23693,33262,1674,Gl 189,Zet Dor,,11.6455,4.71,4.379,F7V,0.526,1.474776,6.085643,-9.818715,Zet,,Dor,1,23638,,1.543121066,
711,23734,32343,1622,,11    Cam,,210.084,5.22,-1.392,B2.5Ve,-0.08,25.214608,105.311541,180.024855,,11,Cam,1,23679,,313.9062769,BV
712,23743,32357,1623,,12    Cam,,218.8184,6.08,-0.62,K0III,1.112,26.196253,109.541097,187.605878,,12,Cam,1,23688,,154.1700453,BM
713,23767,32630,1641,,10Eta Aur,Haedus,74.6269,3.18,-1.184,B3V,-0.148,12.978524,54.599524,49.18977,Eta,10,Aur,1,23712,,259.1791135,
714,23783,32537,1637,Gl 187.2A,9    Aur,,26.2881,4.98,2.881,F0V,0.343,3.765141,15.889624,20.601167,,9,Aur,1,23728,Gl 187.2,6.131969697,V398
715,23794,32964,1657,,66    Eri,,94.697,5.12,0.238,B9.5V,-0.059,21.728898,91.849673,-7.685495,,66,Eri,1,23739,,69.95197811,EN
716,23835,32923,1656,Gl 188A,104    Tau,,15.4345,4.91,3.968,G4V,0.657,3.324007,14.241868,4.934537,,104,Tau,1,23780,Gl 188,2.253201336,
717,23852,33021,1662,GJ 3334,13    Ori,,27.6702,6.15,3.94,G1IV,0.625,6.181471,26.583543,4.553426,,13,Ori,1,23797,,2.31206479,
718,23871,32977,1658,,106    Tau,,58.1058,5.28,1.459,A5V,0.118,12.294473,53.048971,20.271519,,106,Tau,1,23816,,22.71956438,
719,23875,33111,1666,GJ 9175,67Bet Eri,Cursa,27.3973,2.78,0.591,A3IIIvar,0.161,6.156194,26.585876,-2.429001,Bet,67,Eri,1,23820,,50.53589948,
720,23879,33054,1664,,14    Ori,,64.6412,5.33,1.277,Am,0.338,14.413645,62.285487,9.552833,,14,Ori,1,23824,,26.86581377,
721,23883,32991,1660,,105    Tau,,331.1258,5.84,-1.76,B2Ve,0.168,69.305594,299.741579,122.458633,,105,Tau,1,23828,,440.5548635,V1155
722,23900,32990,1659,,103    Tau,,458.7156,5.5,-2.808,B2V...,0.03,93.875937,407.516779,188.513967,,103,Tau,1,23845,,1156.644774,
723,23941,33256,1673,Gl 189.2,68    Eri,,25.4582,5.11,3.081,F2V,0.455,5.630937,24.74883,-1.978036,,68,Eri,1,23886,,5.10035024,
724,23972,33328,1679,,69Lam Eri,,248.7562,4.25,-2.729,B2IVn,-0.187,54.107143,239.830695,-37.859151,Lam,69,Eri,1,23917,,1075.474209,Lam
725,23983,33254,1672,,16    Ori,,54.7046,5.43,1.74,A2m,0.249,11.820894,52.589701,9.339127,,16,Ori,1,23928,,17.53880502,
726,24003,32518,1636,,,Mago,120.6273,6.43,1.023,K1III,1.101,9.153224,40.959237,113.090617,,,Cam,1,23949,,33.94689054,
727,24010,33276,1676,,15    Ori,,165.0165,4.81,-1.278,F2IV,0.313,34.604537,155.127325,44.368602,,15,Ori,1,23955,,282.618118,
728,24186,33793,,Gl 191,,Kapteyn's Star,3.9114,8.86,10.898,M0V,1.543,0.578997,2.705174,-2.76822,,,Pic,1,24129,,0.003808904,VZ
729,24244,33802,1696,,3Iot Lep,,71.0732,4.45,0.191,B8V,-0.099,14.372474,68.052698,-14.618273,Iot,3,Lep,1,24187,,73.04659895,
730,24305,33904,1702,,5Mu  Lep,,57.0125,3.29,-0.49,B9IV: HgMn,-0.11,11.164848,53.596933,-15.911275,Mu,5,Lep,1,24249,,136.7728826,Mu
731,24327,33949,1705,,4Kap Lep,,223.2143,4.36,-2.384,B7V,-0.094,44.086239,213.030877,-49.989446,Kap,4,Lep,1,24270,,782.7084096,
732,24331,33856,1698,,17Rho Ori,,107.2961,4.46,-0.693,K3III...,1.166,21.689404,104.944819,5.355998,Rho,17,Ori,1,24274,,164.8921573,
733,24340,33641,1689,,11Mu  Aur,,46.9043,4.82,1.464,A4m,0.189,7.409615,35.960293,29.188797,Mu,11,Aur,1,24283,,22.61517746,
734,24348,33296,1678,,14    Cam,,79.3021,6.49,1.994,A7Vn,0.204,7.328097,35.637122,70.46355,,14,Cam,1,24291,,13.88033667,
735,24372,34649,1744,,The Dor,,150.6024,4.81,-1.079,K2III,1.274,11.702924,57.211867,-138.81987,The,,Dor,1,24314,,235.2881202,
736,24436,34085,1713,,19Bet Ori,Rigel,264.5503,0.18,-6.933,B8Ia,-0.03,51.601106,256.709905,-37.740051,Bet,19,Ori,1,24378,,51665.42426,
737,24504,33959,1706,,14    Aur,,87.5657,5.01,0.298,A9IV,0.222,14.249454,72.306953,47.290525,,14,Aur,1,24448,,66.19116119,KW
738,24512,34053,1711,,108    Tau,,214.5923,6.26,-0.398,A2V,0.075,38.346248,194.826455,81.375861,,108,Tau,1,24454,,125.660852,
739,24555,34203,1718,,18    Ori,,135.8696,5.52,-0.146,A0V,-0.012,25.379572,130.776477,26.719267,,18,Ori,1,24496,,99.6322642,
740,24608,34029,1708,Gl 194A,13Alp Aur,Capella,13.1234,0.08,-0.51,M1: comp,0.795,1.712633,8.954439,9.440007,Alp,13,Aur,1,24549,Gl 194,139.3156803,
741,24659,34642,1743,,Omi Col,,32.4465,4.81,2.254,K0/K1III/IV,0.987,4.908599,26.156164,-18.562012,Omi,,Col,1,24599,,10.92446053,
742,24674,34503,1735,,20Tau Ori,,151.5152,3.59,-2.312,B5III,-0.115,27.668638,147.869248,-18.056628,Tau,20,Ori,1,24614,,732.4871327,
743,24727,34334,1726,,16    Aur,,71.2251,4.54,0.277,K3III...,1.252,10.794657,58.493626,39.178443,,16,Aur,1,24667,,67.48387309,
744,24740,34364,1728,,17    Aur,,122.1001,6.15,0.716,B9.5V,-0.043,18.360114,99.82783,67.866042,,17,Aur,1,24680,,45.04016782,AR
745,24813,34411,1729,Gl 197,15Lam Aur,,12.631,4.69,4.183,G0V,0.63,1.713487,9.509166,8.136149,Lam,15,Aur,1,24753,,1.848417195,
746,24817,34658,1746,,21    Ori,,61.9579,5.34,1.38,F5IIvar,0.412,10.964017,60.915597,2.80607,,21,Ori,1,24757,,24.43430553,
747,24822,34559,1739,,109    Tau,,75.815,4.96,0.561,G8III,0.937,12.416474,69.140625,28.519208,,109,Tau,1,24762,,51.9517283,
748,24829,35072,1767,,Zet Pic,,35.7143,5.44,2.676,F7III-IV,0.517,3.99742,22.311062,-27.600311,Zet,,Pic,1,24769,,7.406277837,
749,24832,34499,1734,,18    Aur,,68.5871,6.49,2.309,A7V,0.256,10.023201,55.980859,38.338985,,18,Aur,1,24772,,10.38484455,
750,24836,34233,1719,,15    Cam,,240.9639,6.13,-0.78,B5V,-0.031,22.393572,125.287031,204.610163,,15,Cam,1,24776,,178.6487575,DV
751,24845,34816,1756,,6Lam Lep,,261.0966,4.29,-2.794,B0.5IV,-0.235,44.609015,250.278024,-59.518691,Lam,6,Lep,1,24785,,1141.82619,
752,24873,34863,1757,,7Nu  Lep,,102.2495,5.29,0.242,B7/B8V,-0.104,17.353854,98.377746,-21.809455,Nu,7,Lep,1,24813,,69.69473964,
753,24879,34578,1740,,19    Aur,,636.9427,5.05,-3.971,A5IIvar,0.287,91.705223,520.289934,355.787132,,19,Aur,1,24819,,3375.981049,
754,25044,35039,1765,,22    Ori,,284.9003,4.72,-2.553,B2IV-V,-0.168,47.31231,280.938174,-1.901776,,22,Ori,1,24983,,914.5343031,
755,25048,34759,1749,,20Rho Aur,,162.3377,5.22,-0.832,B5V,-0.129,20.073001,119.333859,108.213084,Rho,20,Aur,1,24987,,187.413124,
756,25098,35580,1801,,Kap Pic,,194.5525,6.1,-0.345,B8/B9V,-0.091,17.721189,106.955558,-161.546048,Kap,,Pic,1,25036,,119.6740531,
757,25142,35149,1770,,23    Ori,,476.1905,4.99,-3.399,B1V,-0.096,76.738804,469.043727,29.439495,,23,Ori,1,25079,,1993.425456,
758,25192,35076,1768,,22    Aur,,162.6016,6.45,0.394,B9Vs,-0.04,22.640278,140.488969,78.673845,,22,Aur,1,25129,,60.58986711,
759,25197,34787,1751,,16    Cam,,103.0928,5.24,0.174,A0Vn,-0.011,8.782403,54.622867,86.99057,,16,Cam,1,25134,,74.19933278,
760,25202,35337,1783,,8    Lep,,505.0505,5.25,-3.267,B2IV,-0.219,77.735249,484.000245,-121.56136,,8,Lep,1,25139,,1765.224717,
761,25216,35189,1774,,110    Tau,,124.8439,6.09,0.608,A2IV,0.141,18.897726,118.076217,35.873798,,110,Tau,1,25153,,49.75079214,
762,25247,35369,1784,,29    Ori,,48.2393,4.13,0.713,G8III,0.943,7.487188,47.201778,-6.553529,,29,Ori,1,25184,,45.16479049,
763,25278,35296,1780,Gl 202,111    Tau,,14.3864,5,4.21,F8V SB,0.544,2.122676,13.564563,4.298277,,111,Tau,1,25215,,1.803017741,V1119
764,25281,35411,1788,,28Eta Ori,,299.4012,3.35,-4.031,B1V + B2,-0.24,46.180743,295.55322,-12.522729,Eta,28,Ori,1,25218,,3567.795883,Eta
765,25282,35410,1787,,27    Ori,,57.2082,5.07,1.283,K0III,0.961,8.829488,56.515898,-0.889933,,27,Ori,1,25219,,26.71775727,
766,25292,35186,1773,,21Sig Aur,,143.2665,5.02,-0.761,K4III,1.445,17.487625,112.483853,86.987395,Sig,21,Aur,1,25229,,175.549663,
767,25302,35439,1789,,25Psi1Ori,,318.4713,4.89,-2.625,B1V:pe,-0.2,48.76892,314.547885,10.261456,Psi-1,25,Ori,1,25239,,977.237221,V1086
768,25303,35860,1818,,The Pic,,157.2327,6.26,0.277,A0V,0.067,14.716335,94.983471,-124.433449,The,,Pic,1,25240,,67.48387309,
769,25336,35468,1790,,24Gam Ori,Bellatrix,77.3994,1.64,-2.804,B2III,-0.224,11.658576,76.036136,8.56012,Gam,24,Ori,1,25273,,1152.391377,
770,25410,35532,1798,,113    Tau,,179.5332,6.23,-0.041,B2Vn,-0.084,25.346684,170.082778,51.591316,,113,Tau,1,25346,,90.4482149,
771,25428,35497,1791,,112Bet Tau,Elnath,41.0509,1.65,-1.417,B7III,-0.13,5.281578,35.6504,19.655456,Bet,112,Tau,1,25364,,321.2180934,
772,25429,36189,1836,,Lam Dor,,140.4494,5.14,-0.598,G6III,0.986,10.618712,71.738934,-120.278126,Lam,,Dor,1,25365,,151.0775732,
773,25473,35715,1811,,30Psi2Ori,,348.4321,4.59,-3.121,B2IV,-0.199,50.169162,344.287666,18.816533,Psi-2,30,Ori,1,25409,,1543.121066,Psi
774,25499,35671,1808,,115    Tau,,168.3502,5.4,-0.731,B5V,-0.09,22.863283,158.504526,51.917527,,115,Tau,1,25435,,170.7654473,
775,25539,35708,1810,,114    Tau,,191.5709,4.88,-1.532,B2.5IV,-0.14,25.011528,175.931393,71.568309,,114,Tau,1,25475,,357.1083458,
776,25541,35620,1805,,24Phi Aur,,138.8889,5.08,-0.633,K4IIIp,1.4,16.108736,113.356438,78.619528,Phi,24,Aur,1,25477,,156.0270869,
777,25555,35770,1814,,116    Tau,,130.039,5.52,-0.05,B9.5Vn,0.015,17.537414,123.844579,35.56878,,116,Tau,1,25491,,91.20108394,
778,25583,35802,1816,,117    Tau,,187.9699,5.77,-0.6,M1III,1.634,24.964281,177.781176,55.70677,,117,Tau,1,25519,,151.3561248,
779,25606,36079,1829,,9Bet Lep,Nihal,49.1642,2.81,-0.648,G5II,0.807,6.349344,45.531613,-17.425966,Bet,9,Lep,1,25542,,158.1976399,
780,25695,35943,1821,,118    Tau,,130.3781,5.47,-0.106,B9Vn,-0.042,15.774499,116.958969,55.409826,,118,Tau,1,25631,,96.02846792,
781,25737,36167,1834,,31    Ori,,155.7632,4.71,-1.252,K5III,1.592,20.507341,154.378852,-2.969161,,31,Ori,1,25673,,275.9306856,CI
782,25769,35583,1802,,17    Cam,,288.1844,5.43,-1.868,M1III,1.704,16.941769,129.42745,256.927348,,17,Cam,1,25705,,486.6312561,
783,25813,36267,1839,,32    Ori,,92.8505,4.2,-0.639,B5V,-0.143,11.740832,91.601407,9.621952,,32,Ori,1,25749,,156.8917113,
784,25853,36473,1849,,10    Lep,,83.2639,5.53,0.928,A0V,0.012,9.776006,77.187625,-29.654019,,10,Lep,1,25788,,37.05100563,
785,25859,36597,1862,,Eps Col,,80.7103,3.86,-0.675,K1II/III,1.13,8.234768,65.213718,-46.834868,Eps,,Col,1,25794,,162.1810097,
786,25861,36351,1842,,33    Ori,,348.4321,5.46,-2.251,B1.5V,-0.176,43.534515,345.12233,20.009402,,33,Ori,1,25796,,692.4684643,
787,25918,37763,1953,,Gam Men,,31.3578,5.18,2.698,K4III,1.13,0.906183,7.349405,-30.47144,Gam,,Men,1,25853,,7.257716503,
788,25923,36512,1855,,36Ups Ori,,877.193,4.62,-5.095,B0V,-0.261,106.296082,863.562613,-111.483545,Ups,36,Ori,1,25858,,9506.047937,
789,25930,36486,1852,,34Del Ori,Mintaka,212.3142,2.25,-4.385,O9.5II,-0.175,25.868117,210.729667,-1.108306,Del,34,Ori,1,25865,,4943.10687,Del
790,25945,36389,1845,,119    Tau,,549.4505,4.32,-4.38,M2Ib,2.06,62.986531,516.946545,175.200013,,119,Tau,1,25880,,4920.395357,CE
791,25973,36066,1828,,18    Cam,,42.6985,6.44,3.288,F8V,0.587,2.760859,22.951651,35.899715,,18,Cam,1,25908,,4.215023497,
792,25984,36371,1843,,25Chi Aur,,100000,4.71,-15.29,B5Iab,0.281,10046.5835,84028.27269,53275.84395,Chi,25,Aur,1,25919,,113762728.6,
793,25985,36673,1865,,11Alp Lep,Arneb,680.2721,2.58,-6.583,F0Ib,0.211,76.877195,643.047236,-208.208,Alp,11,Lep,1,25920,,37428.29122,
794,26064,36576,1858,,120    Tau,,476.1905,5.67,-2.719,B2IV-Ve,-0.022,52.033993,448.4683,151.414627,,120,Tau,1,25999,,1065.614202,V960
795,26069,37350,1922,,Bet Dor,,308.642,3.76,-3.687,F6Ia,0.64,16.370231,141.620663,-273.743541,Bet,,Dor,1,26004,,2598.962421,Bet
796,26093,36653,1864,,35    Ori,,136.7989,5.6,-0.08,B3V,-0.118,15.060643,131.698816,33.802141,,35,Ori,1,26028,,93.75620069,
797,26126,36777,1872,,38    Ori,,84.6024,5.32,0.683,A2V,0.051,9.454252,83.888521,5.558153,,38,Ori,1,26061,,46.43014073,
798,26176,36822,1876,,37Phi1Ori,,333.3333,4.39,-3.224,B0IV...,-0.157,36.048184,326.789901,54.956117,Phi-1,37,Ori,1,26111,,1696.680232,
799,26207,36861,1879,,39Lam Ori,Meissa,336.7003,3.39,-4.246,O...,-0.16,35.907504,329.702779,58.086365,Lam,39,Ori,1,26142,,4349.106072,
800,26220,37020,1893,,41The1Ori,,100000,4.98,-15.02,O7,,10724.71713,98978.94283,-9388.789872,The-1,41,Ori,1,26155,,88715601.2,V1016
801,26221,37022,1895,,41The1Ori,,100000,5.13,-14.87,O6pe,0.02,10720.04586,98979.05637,-9392.92691,The-1,41,Ori,1,26156,,77268058.51,
802,26224,37023,1896,,41The1Ori,,100000,6.71,-13.29,B0.5Vp...,0.08,10714.80997,98979.95557,-9389.424854,The-1,41,Ori,1,26159,,18030177.41,
803,26235,37041,1897,,43The2Ori,,473.9336,4.98,-3.399,O9.5Vpe,-0.097,50.584197,469.098632,-44.733371,The-2,43,Ori,1,26170,,1993.425456,
804,26237,37018,1892,,42    Ori,,271.0027,4.58,-2.585,B2III...,-0.183,28.945888,268.481412,-22.857731,,42,Ori,1,26172,,941.8895965,
805,26241,37043,1899,,44Iot Ori,Hatysa,714.2857,2.75,-6.519,O9III,-0.21,76.014147,706.411475,-73.54604,Iot,44,Ori,1,26176,,35285.80258,
806,26248,36819,1875,,121    Tau,,169.4915,5.37,-0.776,B2.5IV,-0.092,16.547968,153.903632,69.045457,,121,Tau,1,26182,,177.991802,
807,26264,38602,1991,,Iot Men,,261.7801,6.04,-1.05,B8III,-0.018,5.392635,50.466007,-256.813129,Iot,,Men,1,26199,,229.0867653,Iot
808,26268,37077,1901,,45    Ori,,110.2536,5.24,0.028,F0III,0.269,11.646256,109.238698,-9.333282,,45,Ori,1,26203,,84.8789503,
809,26311,37128,1903,,46Eps Ori,Alnilam,606.0606,1.69,-7.223,B0Ia,-0.184,62.775122,602.66691,-12.712683,Eps,46,Ori,1,26246,,67483.87309,Eps
810,26366,37160,1907,,40Phi2Ori,,36.0231,4.09,1.307,G8III-IV,0.951,3.576264,35.37109,5.815826,Phi-2,40,Ori,1,26301,,26.13364576,
811,26380,38283,,,,Bubup,38.3142,6.69,3.773,WN...,0.584,1.075847,10.699992,-36.774049,,,Men,1,26315,,2.696497364,
812,26382,37147,1905,,122    Tau,,48.5909,5.53,2.097,F0V,0.237,4.641984,46.22556,14.239412,,122,Tau,1,26317,,12.62408761,
813,26394,39091,2022,GJ 9189,Pi  Men,,18.315,5.65,4.336,G3IV,0.6,0.301659,3.017555,-18.062272,Pi,,Men,1,26330,,1.605461887,
814,26408,36570,1857,,19    Cam,,111.2347,6.15,0.919,A0V,0.006,4.805436,48.253246,100.108275,,19,Cam,1,26343,,37.35940923,
815,26412,37430,1926,,Nu 1Col,,39.3701,6.15,3.174,F0IV,0.322,3.44531,34.632407,-18.405163,Nu-1,,Col,1,26347,,4.681661397,
816,26451,37202,1910,,123Zet Tau,Tianguan,136.4256,2.97,-2.704,B4IIIp,-0.148,12.391949,126.637551,49.207351,Zet,123,Tau,1,26386,,1050.993427,Zet
817,26460,37495,1935,Gl 209.1,Nu 2Col,,40.7997,5.28,2.227,F5V,0.486,3.470279,35.6225,-19.586704,Nu-2,,Col,1,26395,,11.19953522,
818,26536,37269,1914,,26    Aur,,173.6111,5.4,-0.798,A2V + GIII,0.45,13.926047,148.950481,88.094492,,26,Aur,1,26471,,181.6351931,
819,26549,37468,1931,,48Sig Ori,,328.9474,3.77,-3.816,O9.5V...,-0.19,30.430713,327.196967,-14.922443,Sig,48,Ori,1,26484,,2926.846862,
820,26563,37507,1937,GJ 9187,49    Ori,,44.603,4.77,1.523,A4V,0.139,4.071114,44.062353,-5.600145,,49,Ori,1,26497,,21.41903991,
821,26594,37490,1934,,47Ome Ori,,423.7288,4.5,-3.635,B3IIIe,-0.098,38.330467,420.891434,30.453889,Ome,47,Ori,1,26529,,2477.422058,Ome
822,26634,37795,1956,,Alp Col,Phact,80.1282,2.65,-1.869,B7IV,-0.12,5.885917,66.110037,-44.89318,Alp,,Col,1,26569,,487.0796665,
823,26640,37438,1928,,125    Tau,,131.0616,5.18,-0.407,B3IV,-0.15,10.410662,117.439977,57.242014,,125,Tau,1,26575,,126.7068225,
824,26727,37742,1948,,50Zet Ori,Alnitak,225.7336,1.74,-5.028,O9.5Ib SB,-0.199,18.918488,224.809409,-7.651875,Zet,50,Ori,1,26662,,8937.169609,
825,26777,37711,1946,,126    Tau,,194.9318,4.84,-1.609,B3IV...,-0.125,15.234526,186.249582,55.475059,,126,Tau,1,26711,,383.3540008,
826,26865,38090,1968,,12    Lep,,304.878,5.88,-1.541,A2/A3V,0.08,21.834451,281.080466,-116.050746,,12,Lep,1,26800,,360.0808292,
827,26885,37984,1963,,51    Ori,,90.009,4.9,0.129,K1III,1.144,6.872956,89.717105,2.316338,,51,Ori,1,26820,,77.3392578,
828,26942,37601,1941,,24    Cam,,59.1716,6.05,2.189,K0III,0.951,2.411136,32.499294,49.38856,,24,Cam,1,26876,,11.59845121,
829,27046,37638,1943,,23    Cam,,110.9878,6.17,0.944,G5III:,0.902,3.664528,52.871883,97.51625,,23,Cam,1,26980,,36.50900525,
830,27072,38393,1983,Gl 216A,13Gam Lep,,8.927,3.59,3.836,F7V,0.481,0.558889,8.231515,-3.40875,Gam,13,Lep,1,27006,Gl 216,2.544485615,
831,27100,39014,2015,,Del Dor,,45.8716,4.34,1.032,A7V,0.217,1.251539,18.809293,-41.819199,Del,,Dor,1,27034,,33.66665744,
832,27196,38104,1971,,27Omi Aur,,126.7427,5.46,-0.055,A0p...,0.03,5.02687,81.607971,96.843007,Omi,27,Aur,1,27130,,91.62204901,
833,27204,38666,1996,,Mu  Col,,408.1633,5.18,-2.874,B1IV/V,-0.274,21.063228,344.337566,-218.142285,Mu,,Col,1,27138,,1229.136173,
834,27249,38091,1969,,26    Cam,,60.7903,5.93,2.011,A4Vn,0.164,1.994282,33.833156,50.466066,,26,Cam,1,27183,,13.66469681,
835,27265,38478,1985,,129    Tau,,225.2252,6,-0.763,B8IIIMNp...,-0.061,12.513036,216.330219,61.409507,,129,Tau,1,27198,,175.8733354,
836,27288,38678,1998,Gl 217.1,14Zet Lep,,21.6076,3.55,1.877,A2Vann,0.104,1.188275,20.854933,-5.52761,Zet,14,Lep,1,27220,,15.45966219,
837,27316,38545,1989,,131    Tau,,104.1667,5.72,0.631,A3Vn,0.077,5.621401,100.697456,26.06075,,131,Tau,1,27248,,48.70796665,
838,27321,39060,2020,Gl 219,Bet Pic,,19.4401,3.85,2.407,A3V,0.171,0.677437,12.19782,-15.122127,Bet,,Pic,1,27253,,9.488553267,
839,27338,38558,1990,,130    Tau,,546.4481,5.47,-3.218,F0III,0.301,28.518323,519.71371,166.403062,,130,Tau,1,27270,,1687.329891,
840,27364,38622,1993,,133    Tau,,194.1748,5.28,-1.161,B2IV-V,-0.156,10.098737,188.218531,46.644976,,133,Tau,1,27296,,253.7464646,
841,27366,38771,2004,,53Kap Ori,Saiph,198.4127,2.07,-4.418,B0.5Iavar,-0.168,10.444137,195.314937,-33.326707,Kap,53,Ori,1,27298,,5095.654806,
842,27369,39810,2062,,Lam Men,,138.6963,6.54,0.83,K0III,1.073,2.193853,41.181239,-132.423538,Lam,,Men,1,27301,,40.55085354,
843,27386,38710,1999,,52    Ori,,165.0165,5.26,-0.828,A5V,0.234,8.578792,163.746456,18.54925,,52,Ori,1,27318,,186.7239388,
844,27468,38751,2002,,132    Tau,,111.4827,4.88,-0.356,G8IIIvar,1.021,4.857404,101.274086,46.350723,,132,Tau,1,27399,,120.8926785,
845,27483,38656,1995,,29Tau Aur,,63.4115,4.51,0.499,G8III,0.949,2.321024,49.098662,40.061577,Tau,29,Aur,1,27414,,55.00472529,
846,27511,38899,2010,,134    Tau,,76.2777,4.89,0.478,B9IV,-0.068,3.392778,74.348536,16.706174,,134,Tau,1,27442,,56.07896634,
847,27530,39523,2042,,Gam Pic,,54.2005,4.5,0.83,K1III,1.075,1.339002,30.14806,-45.022342,Gam,,Pic,1,27461,,40.55085354,
848,27534,39844,2064,,Eps Dor,,176.0563,5.1,-1.128,B6V,-0.128,3.045311,69.002956,-161.941932,Eps,,Dor,1,27465,,246.1500906,
849,27566,40953,2125,,Kap Men,,87.4126,5.46,0.752,B9.5V,-0.076,0.684233,16.123107,-85.91016,Kap,,Men,1,27497,,43.57124805,
850,27581,39019,2016,,135    Tau,,97.0874,5.54,0.604,G9III:,1.006,3.906011,93.996147,23.989801,,135,Tau,1,27514,,49.93441887,
851,27592,38618,1992,,29    Cam,,146.4129,6.53,0.702,A4IV-V,0.129,3.289194,79.848128,122.679278,,29,Cam,1,27523,,45.62469771,
852,27628,39425,2040,,Bet Col,Wazn,26.7308,3.12,0.985,K1.5III,1.146,0.855327,21.672805,-15.624858,Bet,,Col,1,27559,,35.15604405,
853,27639,38944,2011,,31Ups Aur,,160.2564,4.72,-1.304,M1III,1.621,4.981894,127.37315,97.126124,Ups,31,Aur,1,27569,,289.4676264,
854,27654,39364,2035,,15Del Lep,,34.8675,3.76,1.048,G8III/IV,0.984,1.233354,32.555386,-12.426988,Del,15,Lep,1,27585,,33.17416497,
855,27658,39291,2031,,55    Ori,,321.5434,5.36,-2.176,B2IV-V,-0.195,12.005968,318.553359,-42.070025,,55,Ori,1,27589,,646.2491725,
856,27673,39003,2012,,32Nu  Aur,,70.6215,3.97,-0.275,K0III,1.132,2.033173,54.730173,44.585685,Nu,32,Aur,1,27604,,112.2018454,
857,27731,38831,2006,,30    Cam,,148.368,6.14,0.283,A0Vs,-0.036,2.573709,76.451612,127.128369,,30,Cam,1,27661,,67.11197197,
858,27743,39317,2033,,137    Tau,,130.039,5.6,0.03,B9p...,-0.053,4.195905,126.011524,31.837438,,137,Tau,1,27673,,84.72274141,V809
859,27750,39400,2037,,56    Ori,,386.1004,4.76,-3.174,K2IIvar,1.382,12.726124,385.688226,12.499052,,56,Ori,1,27681,,1620.317043,
860,27810,39764,2056,,Lam Col,,102.5641,4.88,-0.175,B5V,-0.154,2.560109,85.189583,-57.058132,Lam,,Col,1,27741,,102.3292992,Lam
861,27830,39357,2034,,136    Tau,,129.7017,4.56,-1.005,A0V,-0.008,3.345638,114.880414,60.114815,,136,Tau,1,27761,,219.7859873,
862,27913,39587,2047,Gl 222A,54Chi1Ori,,8.6633,4.39,4.702,G0V,0.594,0.199145,8.12391,3.002187,Chi-1,54,Ori,1,27844,Gl 222,1.146040591,Chi-1
863,27949,39283,2029,,30Xi  Aur,,73.046,4.96,0.642,A2V,0.052,0.925394,41.145542,60.348077,Xi,30,Aur,1,27880,,48.21697939,
864,27965,39698,2052,,57    Ori,,558.6592,5.92,-2.816,B2V,-0.145,11.596881,525.670066,188.776762,,57,Ori,1,27896,,1165.198723,
865,27971,39220,2027,,31    Cam,,143.6782,5.2,-0.587,A2V,0.01,1.583833,72.06398,124.288743,,31,Cam,1,27902,,149.5546773,TU
866,27989,39801,2061,,58Alp Ori,Betelgeuse,152.6718,0.45,-5.469,M2Ib,1.5,3.189296,151.364387,19.682142,Alp,58,Ori,1,27919,,13415.28798,Alp
867,28010,40176,2087,,Xi  Col,,102.0408,4.97,-0.074,K1IIICN...,1.102,1.597973,81.348628,-61.581503,Xi,,Col,1,27940,,93.23951375,
868,28098,40248,2092,,Sig Col,,510.2041,5.52,-3.019,F2III,0.382,6.93838,435.511442,-265.687862,Sig,,Col,1,28027,,1404.753103,
869,28103,40136,2085,Gl 225,16Eta Lep,,14.8787,3.71,2.847,F1V,0.337,0.226289,14.424355,-3.64172,Eta,16,Lep,1,28032,,6.327031549,
870,28199,40494,2106,,Gam Col,,266.6667,4.36,-2.77,B2.5IV,-0.165,2.339512,217.669281,-154.031992,Gam,,Col,1,28127,,1116.863248,
871,28237,40111,2084,,139    Tau,,476.1905,4.81,-3.579,B1Ib,-0.088,3.747114,428.148631,208.403863,,139,Tau,1,28165,,2352.881202,
872,28271,40372,2100,,59    Ori,,111.7318,5.89,0.649,A5me del Del,0.223,0.776036,111.672077,3.581922,,59,Ori,1,28199,,47.907113,V1004
873,28296,40446,2103,,60    Ori,,136.612,5.21,-0.467,A1Vs,0.009,0.699649,136.604159,1.318467,,60,Ori,1,28224,,133.9059886,
874,28321,40535,2107,,1    Mon,,90.3342,6.15,1.371,F2IV,0.333,0.381887,89.125068,-14.726287,,1,Mon,1,28249,,24.63769077,V474
875,28325,40536,2108,,2    Mon,,87.7963,5.04,0.323,A6m,0.189,0.350612,86.576934,-14.578629,,2,Mon,1,28253,,64.68446642,
876,28328,40808,2120,,Eta Col,,144.7178,3.96,-1.843,K0III,1.146,0.395224,106.157169,-98.3554,Eta,,Col,1,28256,,475.5541763,
877,28358,40035,2077,,33Del Aur,,38.6399,3.72,0.785,K0III,1.01,0.046526,22.55637,31.372845,Del,33,Aur,1,28287,,42.26686143,
878,28360,40183,2088,GJ 3375,34Bet Aur,Menkalinan,24.8694,1.9,-0.078,A2V,0.077,0.036195,17.601288,17.569058,Bet,34,Aur,1,28288,,93.58365436,Bet
879,28380,40312,2095,,37The Aur,Mahasim,50.7614,2.65,-0.878,A0p Si,-0.083,0.049188,40.426416,30.69934,The,37,Aur,1,28309,,195.523967,The
880,28404,40239,2091,,35Pi  Aur,,230.4147,4.3,-2.513,M3IIvar,1.701,0.045456,160.242415,165.569637,Pi,35,Aur,1,28333,,881.4547044,Pi
881,28499,40394,2101,,36    Aur,,354.6099,5.71,-2.039,B9.5p SiFe,-0.007,-1.012422,237.729024,263.120064,,36,Aur,1,28428,,569.6393733,V444
882,28574,40967,2128,,3    Mon,,240.3846,4.92,-1.985,B5III,-0.128,-1.897366,236.276842,-44.210601,,3,Mon,1,28503,,542.0008904,
883,28614,40932,2124,,61Mu  Ori,,47.5059,4.12,0.736,Am...,0.17,-0.487031,46.83194,7.961214,Mu,61,Ori,1,28543,,44.21809211,
884,28677,40801,2119,,38    Aur,,65.2316,6.08,2.008,K0III,0.979,-0.687755,47.77128,44.414386,,38,Aur,1,28606,,13.70250597,
885,28691,41040,2130,,64    Ori,,220.2643,5.14,-1.575,B8V,-0.097,-3.127264,207.361101,74.215924,,64,Ori,1,28620,,371.5352291,
886,28716,41117,2135,,62Chi2Ori,,552.4862,4.64,-4.072,B2Iavar,0.236,-8.871117,518.633356,190.215445,Chi-2,62,Ori,1,28645,,3705.100563,
887,28734,41116,2134,,1    Gem,,47.5511,4.16,0.774,G7III,0.835,-0.785331,43.678266,18.780748,,1,Gem,1,28664,,42.6972594,
888,28812,41361,2144,,63    Ori,,401.6064,5.67,-2.349,G7III:,1.047,-8.669009,399.717042,37.933868,,63,Ori,1,28741,,757.8792209,
889,28814,41380,2145,,66    Ori,,100000,5.63,-14.37,G4III,1.041,-2163.852815,99713.22908,7251.878896,,66,Ori,1,28742,,48752849.01,
890,28816,41511,2148,,17    Lep,,278.5515,4.92,-2.305,Ap shell,0.196,-5.809895,267.039134,-79.040392,,17,Lep,1,28744,,727.7798045,SS
891,28823,41074,2132,,39    Aur,,49.7265,5.9,2.417,F3V,0.358,-0.80255,36.369897,33.90194,,39,Aur,1,28751,,9.401561688,
892,28910,41695,2155,,18The Lep,,52.9661,4.67,1.05,A0V,0.046,-1.374348,51.158602,-13.650887,The,18,Lep,1,28837,,33.11311215,
893,28909,42525,2194,,Eta1Dor,,98.6193,5.72,0.75,A0V,-0.024,-1.075697,40.03539,-90.121078,Eta-1,,Dor,1,28838,,43.65158322,
894,28946,41357,2143,,40    Aur,,104.4932,5.35,0.255,A4m,0.251,-2.349895,81.763296,65.023872,,40,Aur,1,28874,,68.86522963,
895,28957,42078,2171,,Pi 1Col,,83.4028,6.15,1.544,Am,0.246,-1.798859,61.662256,-56.129853,Pi-1,,Col,1,28885,,21.00873969,
896,29034,42167,2177,,The Col,Elkurud,221.2389,5,-1.724,B8:IV,-0.095,-5.782732,176.005131,-133.923795,The,,Col,1,28962,,426.1868054,
897,29038,41753,2159,,67Nu  Ori,,158.2278,4.42,-1.576,B3IV,-0.164,-5.054138,152.917263,40.334489,Nu,67,Ori,1,28966,,371.8775833,
898,29048,42042,2168,,19    Lep,,257.0694,5.28,-1.77,M1III,1.661,-8.150271,242.684014,-84.396993,,19,Lep,1,28976,,444.6312675,
899,29064,42303,2181,,Pi 2Col,,74.4602,5.5,1.14,A0V,0.007,-1.897829,55.16813,-49.972376,Pi-2,,Col,1,28992,,30.4789499,
900,29134,43107,2221,,Nu  Dor,,91.9118,5.06,0.243,B8V,-0.072,-1.264416,33.148585,-85.716867,Nu,,Dor,1,29061,,69.63057796,
901,29225,42087,2173,,3    Gem,,100000,5.75,-14.25,B2.5Ib,0.192,-3904.784075,91889.99855,39255.32903,,3,Gem,1,29152,,43651583.22,
902,29246,41597,2152,,37    Cam,,116.8224,5.35,0.012,G8III,1.096,-2.625082,60.223292,100.068987,,37,Cam,1,29173,,86.13903458,
903,29271,43834,2261,Gl 231,Alp Men,Hoerikwaggo,10.1978,5.08,5.037,G5V,0.714,-0.119802,2.679222,-9.839152,Alp,,Men,1,29198,,0.841782708,
904,29276,42933,2212,,Del Pic,,398.4064,4.72,-3.282,B0.5IV,-0.229,-10.273101,228.464394,-326.230539,Del,,Pic,1,29203,,1789.781439,Del
905,29353,43455,2245,,Eta2Dor,,196.4637,5.01,-1.456,M2.5III,1.599,-3.983859,81.095404,-178.901574,Eta-2,,Dor,1,29280,,332.9660852,
906,29379,42398,2185,,5    Gem,,174.216,5.83,-0.375,K0III,1.11,-7.983016,158.429396,72.025559,,5,Gem,1,29306,,123.0268771,
907,29388,42126,2175,,41    Aur,,102.459,5.78,0.727,A3V+...,0.1,-3.423416,67.521788,76.986935,,41,Aur,1,29315,,44.58615279,
908,29426,42560,2199,,70Xi  Ori,,186.2197,4.45,-1.9,B3IV,-0.18,-9.400594,180.27811,45.708737,Xi,70,Ori,1,29353,,501.1872336,
909,29433,42509,2193,,68    Ori,,255.102,5.76,-1.274,B9.5V,-0.071,-12.585827,239.704902,86.373196,,68,Ori,1,29360,,281.57883,
910,29434,42545,2198,,69    Ori,,162.0746,4.95,-1.099,B5Vn,-0.149,-8.185486,155.478891,45.028347,,69,Ori,1,29361,,239.6624529,
911,29450,42543,2197,,6    Gem,,100000,6.51,-13.49,M1Ia-ab,2.197,-4948.561844,91979.73586,38926.08337,,6,Gem,1,29377,,21677041.05,BU
912,29490,41927,2165,,36    Cam,,219.2982,5.36,-1.345,K2II-III,1.344,-5.054046,90.038381,199.898161,,36,Cam,1,29417,,300.6076303,
913,29550,43197,,,,Amadioha,56.3063,8.98,5.227,G8/K0IV/V,0.817,-2.893727,48.727238,-28.065674,,,CMa,1,29477,,0.7066429,
914,29650,43042,2220,GJ 3390,71    Ori,,20.816,5.2,3.608,F6V,0.43,-1.273045,19.622386,6.830848,,71,Ori,1,29577,,3.139062769,
915,29651,43232,2227,,5Gam Mon,,152.6718,3.99,-1.929,K3III,1.319,-9.829941,151.438427,-16.686522,Gam,5,Mon,1,29578,,514.7543199,
916,29655,42995,2216,,7Eta Gem,Propus,117.9245,3.31,-2.048,M3III,1.6,-7.067151,108.713368,45.140745,Eta,7,Gem,1,29582,,574.3809135,Eta
917,29696,43039,2219,,44Kap Aur,,54.2594,4.32,0.648,G8IIIvar,1.021,-3.166482,47.119755,26.717109,Kap,44,Aur,1,29623,,47.95125741,
918,29704,43153,2223,,72    Ori,,160.2564,5.34,-0.684,B7V,-0.101,-10.348684,153.589419,44.557514,,72,Ori,1,29631,,163.5309652,
919,29730,42633,2201,,40    Cam,,150.8296,5.37,-0.522,K3III,1.339,-5.154369,75.240847,130.62101,,40,Cam,1,29657,,140.8639946,
920,29736,43247,2229,,73    Ori,,357.1429,5.44,-2.324,B9II-III,0.015,-23.93742,347.785456,77.610637,,73,Ori,1,29663,,740.6277837,
921,29789,43261,2230,,8    Gem,,136.9863,6.09,0.407,G8III,0.897,-8.904508,124.855045,55.651797,,8,Gem,1,29716,,59.86872372,
922,29800,43386,2241,GJ 9207,74    Ori,,19.2493,5.04,3.618,F5IV-V,0.431,-1.348406,18.761116,4.091564,,74,Ori,1,29727,,3.110283669,
923,29807,43785,2256,,Kap Col,,55.9597,4.37,0.631,G8II,0.978,-3.302105,45.641526,-32.209615,Kap,,Col,1,29734,,48.70796665,
924,29840,43384,2240,,9    Gem,,100000,6.24,-13.76,B3Ia,0.446,-6775.114353,91286.46399,40260.14582,,9,Gem,1,29767,,27797132.68,
925,29850,43525,2247,,75    Ori,,69.1085,5.39,1.192,A2V,0.106,-5.077297,67.881106,11.932147,,75,Ori,1,29777,,29.05360314,
926,29884,43244,2228,,42    Aur,,71.1744,6.53,2.268,F0V,0.263,-3.759147,48.917429,51.562962,,42,Aur,1,29811,,10.78449963,
927,29885,43760,2255,,6    Mon,,425.5319,6.76,-1.385,F0e...,0.364,-32.049584,416.868632,-79.189464,,6,Mon,1,29812,,311.8889584,
928,29919,42973,2215,,1    Lyn,,195.6947,5.01,-1.448,M3III,1.843,-7.287663,93.046642,172.004844,,1,Lyn,1,29846,,330.5217169,UW
929,29949,43380,2239,,43    Aur,,121.2121,6.33,0.912,K2III,1.113,-6.665444,83.384834,87.720661,,43,Aur,1,29876,,37.60105237,
930,30060,43378,2238,,2    Lyn,,48.0077,4.44,1.033,A2Vs,0.032,-2.113811,24.62735,41.155331,,2,Lyn,1,29987,,33.63566357,UZ
931,30073,44112,2273,,7    Mon,,267.3797,5.27,-1.866,B2.5V,-0.177,-22.756702,263.912268,-36.393538,,7,Mon,1,30000,,485.7356733,
932,30089,44179,,,,Red Rectangle,440.5286,8.85,0.63,B8,0.344,-37.678828,431.31548,-81.318571,,,Mon,1,30016,,48.75284901,V777
933,30122,44402,2282,,1Zet CMa,Furud,111.1111,3.02,-2.209,B2.5V,-0.16,-8.512138,95.786306,-55.662081,Zet,1,CMa,1,30049,,666.1929002,
934,30247,43905,2264,,45    Aur,,59.2066,5.34,1.478,F5III...,0.448,-3.343846,35.098214,47.564214,,45,Aur,1,30174,,22.32543862,
935,30272,43812,2257,,4    Lyn,,152.207,6.05,0.138,A3V,0.153,-7.452137,77.184429,130.973032,,4,Lyn,1,30199,,76.70081877,
936,30277,44762,2296,,Del Col,,71.736,3.85,-0.429,G7II,0.858,-5.767253,59.585068,-39.52731,Del,,Col,1,30204,,129.3004392,
937,30321,45669,2352,,Pi 1Dor,,189.7533,5.56,-0.831,K5III,1.51,-6.405023,64.632566,-178.291829,Pi-1,,Dor,1,30248,,187.2405896,
938,30324,44743,2294,,2Bet CMa,Mirzam,151.0574,1.98,-3.916,B1II/III,-0.24,-14.209731,142.995999,-46.568852,Bet,2,CMa,1,30251,,3209.223768,Bet
939,30342,45229,2320,,Nu  Pic,,48.2625,5.6,2.182,Am,0.242,-2.66987,26.595485,-40.18491,Nu,,Pic,1,30269,,11.67347076,
940,30343,44478,2286,,13Mu  Gem,Tejat,71.0227,2.87,-1.387,M3IIIvar,1.621,-6.562116,65.281443,27.194957,Mu,13,Gem,1,30270,,312.4640086,Mu
941,30419,44769,2298,,8Eps Mon,,37.4953,4.39,1.52,A5IV,0.215,-3.86914,37.174221,3.002439,Eps,8,Mon,1,30346,,21.47830474,
942,30438,45348,2326,,Alp Car,Canopus,94.7867,-0.62,-5.504,F0Ib,0.164,-5.992679,57.132034,-75.396105,Alp,,Car,1,30365,,13854.79168,
943,30520,44537,2289,,46Psi1Aur,,100000,4.92,-15.08,K5Iabvar,1.905,-7072.18485,64841.32078,75799.65257,Psi-1,46,Aur,1,30447,,93756200.69,Psi-1
944,30565,46116,2377,,Pi 2Dor,,82.7815,5.37,0.78,G8III,0.971,-3.187533,28.555673,-77.635065,Pi-2,,Dor,1,30492,,42.46195639,
945,30679,44708,2293,,5    Lyn,,191.9386,5.21,-1.206,K4III,1.538,-11.734481,99.836176,163.509804,,5,Lyn,1,30606,,264.4843627,
946,30769,45394,2330,,16    Gem,,142.4501,6.22,0.452,A2Vs,0.041,-16.229283,132.441924,49.878628,,16,Gem,1,30696,,57.43809135,
947,30772,45546,2344,,10    Mon,,333.3333,5.06,-2.554,B2V,-0.175,-40.424626,329.713938,-27.67322,,10,Mon,1,30699,,915.3770084,
948,30788,45813,2361,,Lam CMa,,129.8701,4.47,-1.098,B4V,-0.169,-13.417279,108.608383,-69.932353,Lam,,CMa,1,30715,,239.4418173,
949,30827,45412,2332,,48    Aur,,100000,5.75,-14.25,F5.5Ibv,0.779,-10713.35967,85500.49951,50743.35965,,48,Aur,1,30754,,43651583.22,RT
950,30860,45350,,,,Lucilinburhuc,48.8759,7.89,4.445,G5,0.74,-4.756834,37.704707,30.734041,,,Aur,1,30788,,1.452111618,
951,30867,45725,2356,,11Bet Mon,,207.4689,3.76,-2.825,B3Ve,-0.113,-25.823011,204.282357,-25.402943,Bet,11,Mon,1,30794,,1174.897555,Bet
952,30883,45542,2343,,18Nu  Gem,,166.9449,4.13,-1.983,B6III,-0.115,-19.745914,155.415378,57.67907,Nu,18,Gem,1,30810,,541.0034069,
953,30905,45652,,,,Lusitânia,34.3525,8.1,5.42,K5,0.846,-4.288647,33.455125,6.515853,,,Mon,1,30832,,0.591561634,
954,30920,,,Gl 234A,,Ross 614,4.1268,11.12,13.042,M4.5Ve,1.69,-0.527146,4.088126,-0.202607,,,Mon,1,30847,Gl 234,0.000528689,V577
955,30972,45466,2338,,47    Aur,,187.2659,5.88,-0.482,K4III,1.448,-16.795526,127.3618,136.254329,,47,Aur,1,30899,,135.7688064,
956,31039,45410,2331,,6    Lyn,,55.8036,5.86,2.127,K0IV,0.934,-3.942276,29.171952,47.408158,,6,Lyn,1,30966,,12.28004618,
957,31105,46031,2371,,19    Gem,,134.9528,6.38,0.729,A8V,0.275,-17.852002,128.553989,36.979546,,19,Gem,1,31031,,44.50409766,
958,31125,46328,2387,,4Xi 1CMa,,423.7288,4.34,-3.795,B1III,-0.245,-53.872246,385.075042,-168.408118,Xi-1,4,CMa,1,31052,,2870.780582,Xi-1
959,31137,46860,2412,,Mu  Pic,,232.0186,5.69,-1.138,B9V,-0.057,-16.73509,119.18258,-198.363526,Mu,,Pic,1,31062,,248.4276894,
960,31159,46241,2382,,12    Mon,,172.4138,5.88,-0.303,K0V,0.997,-24.146839,170.089668,14.595144,,12,Mon,1,31082,,115.1330474,
961,31216,46300,2385,,13    Mon,,100000,4.47,-15.53,A0Ib,0.023,-14190.69431,98161.68593,12763.52737,,13,Mon,1,31139,,141905752.2,
962,31359,46101,2376,,7    Lyn,,295.858,6.45,-0.905,K0III:,1.554,-25.258341,166.293238,243.393561,,7,Lyn,1,31282,,200.4472027,
963,31385,46642,2404,,14    Mon,,115.4734,6.44,1.128,A0Vs,-0.01,-17.300486,113.151737,15.217165,,14,Mon,1,31308,,30.81768417,
964,31416,46933,2414,,5Xi 2CMa,,135.318,4.54,-1.117,A0III,-0.035,-18.983936,123.138801,-52.796495,Xi-2,5,CMa,1,31339,,243.6688423,
965,31434,46553,2398,,49    Aur,,113.3787,5.26,-0.013,A0Vnn,-0.008,-15.312312,98.908595,53.26713,,49,Aur,1,31357,,88.14547044,
966,31564,47138,2423,,6Nu 1CMa,,107.5269,5.71,0.552,G8/K0III+..,0.848,-16.103927,100.594027,-34.403308,Nu-1,6,CMa,1,31484,,52.3841619,
967,31592,47205,2429,Gl 239.1,7Nu 2CMa,,19.7511,3.95,2.472,K1III+...,1.037,-2.971851,18.407811,-6.513678,Nu-2,7,CMa,1,31512,,8.937169609,
968,31665,46590,2402,,11    Lyn,,101.7294,5.87,0.833,A2V,0.006,-9.09336,54.869374,85.179423,,11,Lyn,1,31585,,40.43896205,
969,31676,46480,2394,,8    Lyn,,52.0562,5.94,2.358,G8IV-V,0.899,-4.068884,24.518533,45.739379,,8,Lyn,1,31596,,9.926588069,
970,31681,47105,2421,,24Gam Gem,Alhena,33.5121,1.93,-0.696,A0IV,0.001,-5.266162,31.714389,9.461403,Gam,24,Gem,1,31601,,165.3484012,
971,31685,47670,2451,,Nu  Pup,Pipit,113.8952,3.17,-2.113,B8III SB,-0.103,-13.61885,81.907249,-77.960909,Nu,,Pup,1,31605,,609.817664,
972,31700,47442,2443,,8Nu 3CMa,,129.199,4.42,-1.136,K0II/III,1.137,-20.194927,121.035795,-40.433628,Nu-3,8,CMa,1,31620,,247.9704899,
973,31737,47152,2425,,53    Aur,,106.2699,5.76,0.628,B9npe...,-0.001,-15.496194,91.659267,51.495364,,53,Aur,1,31657,,48.84273784,
974,31771,47070,2419,,51    Aur,,149.7006,5.7,-0.176,K5III,1.367,-19.423038,114.052025,95.001259,,51,Aur,1,31691,,102.4235914,
975,31789,47100,2420,,52Psi3Aur,,420.1681,5.34,-2.777,B8III,-0.075,-54.335835,317.713539,269.53112,Psi-3,52,Aur,1,31709,,1124.087193,
976,31832,47174,2427,,50Psi2Aur,,127.551,4.8,-0.728,K3III,1.236,-16.062194,92.675681,86.154051,Psi-2,50,Aur,1,31751,,170.2942562,
977,31852,47395,2438,,54    Aur,,258.3979,6.02,-1.041,B7III,-0.087,-39.082802,224.21161,122.357063,,54,Aur,1,31771,,227.1956438,
978,31895,48265,,,,Nosaxa,85.3971,8.05,3.393,G5IV/V,0.747,-9.824884,55.678794,-64.000065,,,Pup,1,31812,,3.826484866,
979,31897,50506,2559,,Zet Men,,126.9036,5.61,0.093,A5III,0.214,-3.522269,19.951258,-125.276017,Zet,,Men,1,31814,,79.94660025,
980,31978,47839,2456,,15    Mon,,281.6901,4.66,-2.589,O7,-0.233,-49.352633,273.075535,48.410212,,15,Mon,1,31895,,945.366046,S
981,32019,47731,2453,,25    Gem,,632.9114,6.45,-2.557,G5Ib,1.09,-100.091782,548.750852,299.050013,,25,Gem,1,31934,,917.9097861,
982,32104,48097,2466,,26    Gem,,43.63,5.2,2.001,A2V,0.063,-7.649188,40.867707,13.225317,,26,Gem,1,32019,,13.79113469,
983,32173,47914,2459,,55Psi4Aur,,99.2063,5.04,0.057,K5III,1.479,-13.217741,69.482757,69.564345,Psi-4,55,Aur,1,32088,,82.64184417,
984,32246,48329,2473,,27Eps Gem,Mebsuta,259.0674,3.06,-4.007,A3mA6-A9,1.377,-44.684834,230.247724,110.023705,Eps,27,Gem,1,32161,,3489.795674,
985,32249,48433,2478,,30    Gem,,88.574,4.49,-0.247,K1III,1.167,-16.44796,84.640667,20.268144,,30,Gem,1,32164,,109.3452697,
986,32292,48917,2492,,10    CMa,,100000,5.23,-14.77,B2V,-0.127,-16517.43854,84045.56622,-51609.27323,,10,CMa,1,32207,,70469306.9,FT
987,32311,48450,2480,,28    Gem,,145.9854,5.42,-0.402,K4III,1.445,-24.784016,125.289942,70.710408,,28,Gem,1,32226,,126.1246575,
988,32349,48915,2491,Gl 244A,9Alp CMa,Sirius,2.6371,-1.44,1.454,A0m...,0.009,-0.494323,2.476731,-0.758485,Alp,9,CMa,1,32263,Gl 244,22.82443312,
989,32362,48737,2484,Gl 242,31Xi  Gem,Alzirr,17.9986,3.35,2.074,F5IV,0.443,-3.444569,17.203451,4.0169,Xi,31,Gem,1,32276,,12.8943662,
990,32404,48843,2489,,32    Gem,,877.193,6.47,-3.245,A9III,0.344,-170.256052,838.646215,192.751405,,32,Gem,1,32318,,1729.816359,
991,32438,48250,2470,,12    Lyn,,65.8328,4.86,0.768,A3V,0.084,-6.706626,32.791585,56.689392,,12,Lyn,1,32352,,42.93386635,
992,32463,48977,2494,,16    Mon,,263.1579,5.92,-1.181,B2.5V,-0.173,-52.478064,254.861206,39.293076,,16,Mon,1,32377,,258.4639636,
993,32480,48682,2483,Gl 245,56Psi5Aur,,16.7168,5.24,4.124,G0V,0.575,-2.452642,11.859259,11.523315,Psi-5,56,Aur,1,32394,,1.9516413,
994,32489,48432,2477,,13    Lyn,,64.6831,5.34,1.286,K0III,0.964,-7.115257,34.339294,54.351738,,13,Lyn,1,32403,,26.64403528,
995,32492,49229,2504,,11    CMa,,243.9024,5.28,-1.656,B8/B9III,-0.024,-47.952874,231.293764,-60.763169,,11,CMa,1,32406,,400.3132822,
996,32504,49333,2509,,12    CMa,,241.5459,6.07,-0.845,B7II/III,-0.159,-45.940823,220.749606,-86.622971,,12,CMa,1,32418,,189.6705921,HK
997,32533,49161,2503,,17    Mon,,151.0574,4.77,-1.126,K4III,1.396,-30.67067,146.395704,21.120444,,17,Mon,1,32447,,245.6970828,
998,32562,48781,2487,,57Psi6Aur,,110.4972,5.22,0.003,K1III,1.131,-15.029892,71.230142,83.126317,Psi-6,57,Aur,1,32476,,86.85603503,
999,32578,49293,2506,,18    Mon,,112.8668,4.48,-0.783,K0III,1.099,-23.378565,110.316881,4.750306,,18,Mon,1,32492,,179.1430648,
1000,32607,50241,2550,Gl 248,Alp Pic,,29.6033,3.24,0.883,A7IV,0.225,-2.906455,13.618019,-26.124095,Alp,,Pic,1,32521,,38.61890894,
1001,32753,49606,2519,,33    Gem,,263.1579,5.87,-1.231,B7III,-0.136,-54.513064,246.755516,73.431483,,33,Gem,1,32667,,270.6449949,OV
1002,32759,50013,2538,,13Kap CMa,,202.0202,3.5,-3.027,B1.5IVne,-0.116,-36.758571,166.353338,-108.570651,Kap,13,CMa,1,32672,,1415.141933,Kap
1003,32768,50310,2553,,Tau Pup,,55.8036,2.94,-0.793,K0III...,1.207,-7.654383,34.572281,-43.130564,Tau,,Pup,1,32682,,180.8006552,
1004,32814,49738,2525,,35    Gem,,540.5405,5.68,-2.984,K3III,1.329,-114.754803,513.120785,125.390107,,35,Gem,1,32728,,1360.191323,
1005,32844,49520,2516,,58Psi7Aur,,116.144,4.99,-0.335,K3III,1.256,-19.027882,84.492261,77.385743,Psi-7,58,Aur,1,32758,,118.5768748,
1006,32864,48879,2490,,42    Cam,,283.2861,5.14,-2.121,B4IV,-0.152,-23.830719,105.420279,261.85817,,42,Cam,1,32778,,614.3275613,
1007,32912,51557,2602,,Iot Vol,,172.7116,5.41,-0.777,B7IV,-0.11,-12.540514,54.920161,-163.266246,Iot,,Vol,1,32826,,178.1558141,
1008,32916,49674,,,,Nervia,44.2282,8.1,4.872,G0,0.729,-7.453896,32.605159,28.93919,,,Aur,1,32829,,0.979941161,
1009,32921,49908,2529,,36    Gem,,150.6024,5.28,-0.609,A2V,-0.02,-31.196785,136.346914,55.834167,,36,Gem,1,32834,,152.6159766,
1010,33018,50019,2540,,34The Gem,,57.971,3.6,-0.216,A3III,0.102,-10.97736,46.812348,32.384569,The,34,Gem,1,32932,,106.2673865,
1011,33041,50018,2539,,59    Aur,,150.6024,6.1,0.211,F2V,0.406,-26.886867,114.131983,94.509642,,59,Aur,1,32954,,71.71334827,OX
1012,33048,49618,2520,,14    Lyn,,149.2537,5.34,-0.53,G4III...,0.675,-17.415976,73.841464,128.533356,,14,Lyn,1,32961,,141.9057522,
1013,33064,50037,2541,,60    Aur,,69.541,6.32,2.109,F5V:,0.516,-12.536296,53.008147,43.231565,,60,Aur,1,32978,,12.48532926,
1014,33092,50707,2571,,15    CMa,,373.1343,4.82,-3.039,B1Ib,-0.212,-81.065196,340.61587,-128.990912,,15,CMa,1,33005,,1430.869413,EY
1015,33104,49340,2511,,43    Cam,,300.3003,5.11,-2.278,B7III,-0.114,-25.114645,105.208167,280.143987,,43,Cam,1,33017,,709.9046159,
1016,33133,50204,2547,,61Psi8Aur,,229.3578,6.46,-0.343,B9.5sp...,-0.044,-41.862792,174.534696,142.794459,Psi-8,61,Aur,1,33046,,119.4538083,
1017,33152,50877,2580,,16Omi1CMa,,100000,3.89,-16.11,K3Iab,1.74,-21346.95329,88690.46703,-40967.16622,Omi-1,16,CMa,1,33065,,242102904.7,Omi-1
1018,33160,50778,2574,,14The CMa,,79.9361,4.08,-0.434,K4III,1.418,-18.313512,76.003688,-16.672541,The,14,CMa,1,33073,,129.8972629,
1019,33202,50635,2564,GJ 9220A,38    Gem,,25.6279,4.73,2.686,F0Vp,0.321,-5.893353,24.247254,5.842527,,38,Gem,1,33115,GJ 9220,7.338376673,
1020,33248,51055,2588,,17    CMa,,154.5595,5.8,-0.145,A2V,0.048,-34.459466,140.702845,-53.887403,,17,CMa,1,33161,,99.54054174,
1021,33277,50692,2569,Gl 252,37    Gem,,17.2414,5.74,4.557,G0V,0.573,-3.723157,15.126311,7.388778,,37,Gem,1,33190,,1.309784962,
1022,33302,51199,2590,,19Pi  CMa,,29.5858,4.66,2.305,F2IV/V,0.374,-6.675726,26.963324,-10.185168,Pi,19,CMa,1,33215,,10.42317429,
1023,33345,51250,2593,,18Mu  CMa,,381.6794,5,-2.908,B9.5V,1.182,-89.750517,359.229966,-92.617334,Mu,18,CMa,1,33258,,1268.235776,
1024,33347,51309,2596,,20Iot CMa,,769.2308,4.36,-5.07,B3Ib/II,-0.063,-178.337623,713.454932,-225.597739,Iot,20,CMa,1,33260,,9289.663868,Iot
1025,33377,50658,2568,,Psi9Aur,,386.1004,5.85,-2.084,B8III,-0.079,-65.166743,258.797784,279.016555,Psi-9,,Aur,1,33290,,593.7450473,
1026,33384,54239,2689,,The Men,,107.9914,5.45,0.283,B9.5V,0.041,-4.844989,19.226706,-106.155612,The,,Men,1,33297,,67.11197197,
1027,33449,50522,2560,,15    Lyn,,54.6747,4.35,0.661,G5III-IV,0.85,-7.080952,27.740855,46.57936,,15,Lyn,1,33362,,47.38053933,
1028,33485,50973,2585,,16    Lyn,,73.8552,4.9,0.558,A2Vn,0.027,-12.970166,50.498584,52.309156,,16,Lyn,1,33398,,52.09547473,
1029,33579,52089,2618,,21Eps CMa,Adhara,124.2236,1.5,-3.971,B2II,-0.211,-27.497987,105.141608,-60.171969,Eps,21,CMa,1,33492,,3375.981049,
1030,33595,51530,2601,,39    Gem,,47.6644,6.2,2.809,F8Vbwvar,0.52,-10.861834,41.410085,20.955324,,39,Gem,1,33508,,6.55239394,
1031,33614,51440,2600,,62    Aur,,256.4103,6.02,-1.025,K2III,1.218,-51.447099,195.245621,158.046513,,62,Aur,1,33527,,223.8721139,
1032,33650,51688,2605,,40    Gem,,366.3004,6.4,-1.419,B8III,-0.111,-84.530434,318.440504,160.082207,,40,Gem,1,33563,,321.8103443,
1033,33715,52005,2615,,41    Gem,,100000,5.73,-14.27,K3Ib,1.641,-24976.21389,92785.27223,27696.24591,,41,Gem,1,33628,,44463126.75,
1034,33719,52265,2622,,,Citalá,28.9603,6.29,3.981,G0III-IV,0.572,-7.499264,27.84151,-2.708925,,,Mon,1,33632,,2.22638363,
1035,33856,52877,2646,,22Sig CMa,Nganurganity,343.6426,3.49,-4.191,K4III,1.729,-80.775471,292.659236,-160.9853,Sig,22,CMa,1,33769,,4134.28108,Sig
1036,33927,52497,2630,,42Ome Gem,,456.621,5.2,-3.098,G5II,0.953,-112.012449,401.095617,187.291702,Ome,42,Gem,1,33839,,1510.775732,Ome
1037,33971,52918,2648,,19    Mon,,373.1343,4.99,-2.869,B1V,-0.195,-100.870652,358.181085,-27.582498,,19,Mon,1,33882,,1223.488805,V637
1038,33977,53138,2653,,24Omi2CMa,,847.4576,3.02,-6.621,B3Ia,-0.077,-210.498109,746.064177,-342.438173,Omi-2,24,CMa,1,33888,,38761.44867,Omi-2
1039,34045,53244,2657,,23Gam CMa,Muliphein,135.5014,4.11,-1.55,B8II,-0.112,-35.835279,125.471916,-36.514903,Gam,23,CMa,1,33956,,363.0780548,
1040,34088,52973,2650,,43Zet Gem,Mekbuda,421.9409,4.01,-4.116,G3Ibv SB,0.899,-109.067807,379.683873,148.25163,Zet,43,Gem,1,34000,,3858.335599,Zet
1041,34182,53257,2659,,44    Gem,,123.0012,6,0.55,B8Vn,-0.027,-31.913143,108.947073,47.342977,,44,Gem,1,34094,,52.48074602,
1042,34440,54131,2684,,45    Gem,,98.912,5.47,0.494,G8III,1.02,-27.954121,90.912413,27.148738,,45,Gem,1,34350,,55.25861556,
1043,34444,54605,2693,,25Del CMa,Wezen,492.6108,1.83,-6.633,F8Ia,0.671,-129.733458,421.761488,-218.979855,Del,25,CMa,1,34354,,39192.23225,
1044,34473,55864,2735,,Gam1Vol,,49.6524,5.68,2.2,F2,0.436,-4.895376,15.837351,-46.803544,Gam-1,,Vol,1,34382,,11.48153621,
1045,34481,55865,2736,,Gam2Vol,,42.8633,3.78,0.62,G8IIIvar,1.006,-4.22812,13.669876,-40.404484,Gam-2,,Vol,1,34389,,49.20395357,
1046,34622,54810,2701,,20    Mon,,62.1891,4.91,0.941,K0III,1.02,-18.708565,59.13078,-4.594836,,20,Mon,1,34530,,36.61002285,
1047,34693,54719,2697,,46Tau Gem,,98.4252,4.41,-0.556,K2III,1.261,-25.971151,80.964075,49.576976,Tau,46,Gem,1,34601,,145.3449678,
1048,34722,54801,2700,,47    Gem,,119.1895,5.75,0.369,A4IV,0.13,-32.587286,101.217573,53.845072,,47,Gem,1,34629,,62.00118642,
1049,34724,55057,2707,,21    Mon,,87.184,5.44,0.738,F2V,0.31,-26.721561,82.987009,-0.459427,,21,Mon,1,34631,,44.13671435,V571
1050,34752,54716,2696,,63    Aur,,148.8095,4.91,-0.953,K4II-III,1.451,-35.409626,109.539726,94.294231,,63,Aur,1,34660,,209.5077052,
1051,34769,55185,2714,,22Del Mon,,117.7856,4.15,-1.205,A2V,-0.005,-36.330133,112.038272,-1.012987,Del,22,Mon,1,34677,,264.2408757,
1052,34798,55522,2718,,26    CMa,,257.0694,5.91,-1.14,B2IV/V,-0.17,-71.629308,219.787845,-112.460318,,26,CMa,1,34705,,248.8857318,MM
1053,34819,55052,2706,,48    Gem,,109.7695,5.85,0.648,F5IV,0.397,-31.139743,95.216405,44.872279,,48,Gem,1,34726,,47.95125741,
1054,34909,55383,2717,,51    Gem,,165.8375,5.07,-1.028,K3V,1.653,-50.127512,151.192505,46.1531,,51,Gem,1,34815,,224.4915508,BQ
1055,34981,56014,2745,,27    CMa,,531.9149,4.42,-4.209,B3III,-0.17,-151.739539,451.839925,-236.11313,,27,CMa,1,34887,,4203.393032,EW
1056,35025,55621,2725,,52    Gem,,92.081,5.84,1.019,M1IIIvar,1.554,-26.746821,79.134142,38.747686,,52,Gem,1,34931,,34.07218617,
1057,35037,56139,2749,,28Ome CMa,,279.3296,4.01,-3.221,B2IV/Ve,-0.15,-79.967595,236.217084,-125.824594,Ome,28,CMa,1,34943,,1691.998603,Ome
1058,35080,56003,2744,,24    Mon,,138.5042,6.42,0.713,G5III,0.901,-44.705568,131.090232,-0.389878,,24,Mon,1,34987,,45.16479049,
1059,35146,55280,2715,,18    Lyn,,61.0128,5.2,1.273,K2III,1.081,-10.029787,29.163727,52.644738,,18,Lyn,1,35053,,26.96497364,
1060,35152,55870,2738,,53    Gem,,235.8491,5.75,-1.113,M1III,1.605,-67.820968,197.098337,110.351536,,53,Gem,1,35060,,242.7727848,
1061,35228,57623,2803,,Del Vol,,226.2443,3.97,-2.803,F6II,0.76,-27.934552,80.182853,-209.706812,Del,,Vol,1,35132,,1151.330474,
1062,35264,56855,2773,,Pi  Pup,,247.5248,2.71,-4.258,K3Ib,1.616,-65.206299,186.349551,-149.300305,Pi,,Pup,1,35169,,4397.440784,Pi
1063,35341,56221,2753,,64    Aur,,85.2515,5.87,1.216,A5Vn,0.181,-21.524883,60.753316,55.798898,,64,Aur,1,35244,,28.41842468,
1064,35350,56537,2763,GJ 9231A,54Lam Gem,,30.931,3.58,1.128,A3V...,0.106,-9.909037,27.946222,8.805756,Lam,54,Gem,1,35253,GJ 9231,30.81768417,
1065,35412,57060,2781,,29    CMa,,584.7953,4.88,-3.955,O7f,-0.16,-179.020796,500.860177,-243.055684,,29,CMa,1,35315,,3326.595533,UW
1066,35415,57061,2782,,30Tau CMa,,917.4312,4.37,-5.443,O9Ib,-0.132,-280.07639,783.212348,-387.061103,Tau,30,CMa,1,35317,,13097.84962,Tau
1067,35550,56986,2777,Gl 271A,55Del Gem,Wasat,18.5391,3.5,2.16,F0IV...,0.374,-5.888392,16.151258,6.939513,Del,55,Gem,1,35453,Gl 271,11.91242008,
1068,35699,57423,2795,,56    Gem,,135.8696,5.09,-0.576,M0III,1.528,-44.55839,119.259821,47.45738,,56,Gem,1,35601,,148.0471325,
1069,35710,57264,2793,,65    Aur,,72.3589,5.12,0.823,K0III,1.082,-20.311858,54.295032,43.304943,,65,Aur,1,35611,,40.81313916,
1070,35735,56820,2772,,47    Cam,,73.8007,6.36,2.02,A8m,0.282,-13.004364,34.649686,63.850124,,47,Cam,1,35637,,13.55189412,
1071,35783,57102,2783,,19    Lyn,,100000,6.86,-13.14,B9V,-0.051,-20141.55003,53269.80151,82198.82133,,19,Lyn,1,35685,,15703628.04,
1072,35785,57103,2784,,19    Lyn,,100000,5.8,-14.2,B8V,-0.078,-20147.7306,53271.95513,82195.91083,,19,Lyn,1,35686,,41686938.35,
1073,35842,57744,2810,,58    Gem,,87.6424,6.17,1.456,A1V,0.006,-28.748495,75.414231,34.167699,,58,Gem,1,35744,,22.78242766,
1074,35846,57727,2808,,57    Gem,,48.7329,5.04,1.601,G8III,0.902,-15.727118,41.252647,20.63438,,57,Gem,1,35749,,19.93425456,
1075,35904,58350,2827,,31Eta CMa,Aludra,609.7561,2.45,-6.476,B5Ia,-0.083,-190.762166,496.337122,-298.432917,Eta,31,CMa,1,35806,,33915.63869,Eta
1076,35907,57669,2805,,66    Aur,,370.3704,5.23,-2.613,K0III,1.249,-100.829551,262.187247,241.382729,,66,Aur,1,35809,,966.4958643,
1077,35941,57927,2816,,59    Gem,,57.4053,5.77,1.975,F0:III:,0.368,-18.340308,47.432903,26.629234,,59,Gem,1,35843,,14.12537545,
1078,35987,58187,2820,,1    CMi,,96.9932,5.37,0.436,A5IV,0.105,-34.415686,88.534488,19.618464,,1,CMi,1,35888,,58.29079789,
1079,36039,60816,2919,,Eps Men,,143.0615,5.54,-0.238,K2/K3III,1.281,-9.879796,25.19896,-140.477838,Eps,,Men,1,35939,,108.4426196,
1080,36041,58367,2828,,2Eps CMi,,319.4888,4.99,-2.532,G8III,0.991,-115.111431,293.5477,51.499062,Eps,2,CMi,1,35941,,897.0156084,
1081,36046,58207,2821,,60Iot Gem,,36.9004,3.78,0.945,G9III+...,1.024,-11.927106,30.38497,17.208794,Iot,60,Gem,1,35946,,36.47539469,
1082,36145,58142,2818,,21    Lyn,,83.8926,4.61,-0.009,A1V,-0.001,-20.244731,50.928261,63.517493,,21,Lyn,1,36044,,87.82132799,
1083,36156,58579,2837,,61    Gem,,136.9863,5.94,0.257,F2Vn,0.336,-47.58966,119.376975,47.430272,,61,Gem,1,36055,,68.73849196,
1084,36188,58715,2845,,3Bet CMi,Gomeisa,49.5786,2.89,-0.586,B8Vvar,-0.097,-18.209817,45.556204,7.147858,Bet,3,CMi,1,36087,,149.4169957,Bet
1085,36208,,,Gl 273,,Luyten's Star,3.8026,9.84,11.94,M5,1.573,-1.409549,3.514856,0.346358,,,CMi,1,36107,,0.001458814,
1086,36238,58728,2846,,63    Gem,,32.0205,5.2,2.673,F5IV-V...,0.455,-11.133286,27.646321,11.707159,,63,Gem,1,36136,,7.426770437,
1087,36265,58923,2851,,5Eta CMi,,97.561,5.22,0.274,F0III,0.221,-36.292677,89.788524,11.79163,Eta,5,CMi,1,36163,,67.67059577,
1088,36284,58972,2854,,4Gam CMi,,97.561,4.33,-0.616,K3III SB,1.425,-36.168237,89.336272,15.136711,Gam,4,CMi,1,36182,,153.6031068,
1089,36366,58946,2852,Gl 274A,62Rho Gem,,18.0473,4.16,2.878,F0V...,0.32,-5.815731,14.195743,9.506008,Rho,62,Gem,1,36263,Gl 274,6.148936385,
1090,36377,59717,2878,,Sig Pup,,59.3824,3.25,-0.618,K5III SB,1.509,-16.404069,39.982094,-40.72716,Sig,,Pup,1,36274,,153.886315,Sig
1091,36393,59037,2857,,64    Gem,,54.0249,5.07,1.407,A4V,0.12,-18.107755,44.074185,25.461717,,64,Gem,1,36290,,23.83416821,
1092,36425,59294,2864,,6    CMi,,175.4386,4.55,-1.671,K2III,1.276,-65.527801,158.596503,36.495368,,6,CMi,1,36322,,405.8821947,
1093,36429,59148,2861,,65    Gem,,148.368,5.01,-0.847,K2III,1.117,-50.072067,121.164563,69.46291,,65,Gem,1,36326,,190.0203003,
1094,36439,58855,2849,GJ 9234,22    Lyn,,20.2388,5.35,3.819,F6V,0.47,-5.008642,12.101997,15.429016,,22,Lyn,1,36336,,2.584639636,
1095,36641,59881,2880,,7Del1CMi,,233.1002,5.24,-1.598,F0III,0.23,-91.121531,214.410932,7.787368,Del-1,7,CMi,1,36537,,379.4897062,
1096,36723,60111,2887,,8Del2CMi,,41.7537,5.59,2.487,F2V,0.321,-16.487335,38.285724,2.396512,Del-2,8,CMi,1,36617,,8.814547044,
1097,36760,60107,2886,,68    Gem,,129.8701,5.27,-0.298,A1Vn,0.055,-49.626443,114.668934,35.419238,,68,Gem,1,36654,,114.6040591,
1098,36812,60357,2901,,9Del3CMi,,176.3668,5.83,-0.402,A0Vnn,-0.018,-70.391035,161.378011,10.37281,Del-3,9,CMi,1,36706,,126.1246575,
1099,36850,60179,2891,Gl 278A,66Alp Gem,Castor,15.5958,1.58,0.615,A2Vm,0.034,-5.311938,12.130011,8.238737,Alp,66,Gem,1,36744,Gl 278,49.4310687,
1100,36962,60522,2905,,69Ups Gem,,83.0565,4.06,-0.537,K5III,1.54,-30.104979,67.678521,37.572052,Ups,69,Gem,1,36856,,142.823608,
1101,37088,61064,2927,,25    Mon,,67.5219,5.14,0.993,F6III,0.442,-27.735847,61.372259,-4.840579,,25,Mon,1,36982,,34.89795674,
1102,37204,60986,2924,,70    Gem,,114.0251,5.58,0.295,K0III,0.921,-38.913747,84.850471,65.481049,,70,Gem,1,37098,,66.37430704,
1103,37265,61110,2930,,71Omi Gem,Jishui,50.9944,4.89,1.352,F3III,0.413,-17.604251,38.11415,28.945417,Omi,71,Gem,1,37159,,25.07263625,
1104,37279,61421,2943,Gl 280A,10Alp CMi,Procyon,3.5142,0.4,2.671,F5IV-V,0.432,-1.469312,3.17617,0.320024,Alp,10,CMi,1,37173,Gl 280,7.440463662,
1105,37284,63454,,,,Ceibo,34.5423,9.37,6.678,K4V,1.006,-2.947922,6.367903,-33.822035,,,Cha,1,37178,,0.18569491,
1106,37300,61338,2938,,74    Gem,,161.0306,5.04,-0.995,M0III,1.616,-64.524398,139.202222,48.890472,,74,Gem,1,37194,,217.7709772,
1107,37406,61106,2929,,23    Lyn,,214.1328,6.09,-0.563,K5III,1.44,-49.557608,105.284831,179.755262,,23,Lyn,1,37300,,146.2850687,
1108,37447,61935,2970,,26Alp Mon,,45.3104,3.94,0.659,K0III,1.022,-19.103696,40.392645,-7.518267,Alp,26,Mon,1,37340,,47.46789795,
1109,37504,63295,3024,,Zet Vol,,43.2339,3.93,0.751,K0III,1.033,-5.555002,11.669749,-41.257317,Zet,,Vol,1,37397,,43.61139714,
1110,37609,61497,2946,,24    Lyn,,81.8331,4.93,0.365,A3IVn,0.104,-18.465628,38.280249,69.93077,,24,Lyn,1,37502,,62.23002852,
1111,37629,62044,2973,,75Sig Gem,,38.3436,4.23,1.312,K1III SB,1.118,-14.627301,30.220289,18.521324,Sig,75,Gem,1,37522,,26.01357257,Sig
1112,37648,62576,2993,,1    Pup,,236.9668,4.63,-2.243,K5III,1.632,-90.991731,187.515464,-112.746885,,1,Pup,1,37541,,687.3849196,
1113,37677,62623,2996,,3    Pup,,100000,3.94,-16.06,A2Iab,0.16,-38291.58753,78676.76741,-48411.98859,,3,Pup,1,37570,,231206479,
1114,37704,62285,2983,,76    Gem,,194.5525,5.3,-1.145,K5III,1.535,-76.874205,157.414528,84.626879,,76,Gem,1,37597,,250.0345362,
1115,37740,62345,2985,,77Kap Gem,,43.3463,3.57,0.385,G8III,0.932,-17.374205,35.446541,17.905243,Kap,77,Gem,1,37633,,61.09420249,
1116,37811,62510,2991,,79    Gem,,158.4786,6.53,0.53,A1V,0.007,-65.823342,133.248421,55.023464,,79,Gem,1,37703,,53.45643594,
1117,37826,62509,2990,Gl 286,78Bet Gem,Pollux,10.3584,1.16,1.084,K0IIIvar,0.991,-4.055465,8.19518,4.867171,Bet,78,Gem,1,37718,,32.09223768,
1118,37842,62863,3009,,2    Pup,,100000,7.03,-12.97,A0/A1V,0.345,-42965.0518,86667.51497,-25352.44026,,2,Pup,1,37734,,13427649.61,PV
1119,37843,62864,3010,,2    Pup,,77.821,6.06,1.605,A6/A7,0.11,-33.43722,67.443391,-19.735319,,2,Pup,1,37735,,19.86094917,
1120,37891,62952,3015,,4    Pup,,72.0981,5.03,0.74,F2V,0.342,-31.122111,62.456896,-18.129638,,4,Pup,1,37783,,44.05548635,
1121,37908,62721,3003,,81    Gem,,104.0583,4.89,-0.196,K5III,1.425,-44.076766,88.284547,33.03571,,81,Gem,1,37800,,104.3277881,
1122,37921,62832,3008,,11    CMi,,92.4214,5.25,0.421,A1Vnn,0.018,-40.607872,81.207056,17.267783,,11,CMi,1,37813,,59.10170366,
1123,37934,62140,2977,,49    Cam,,96.7118,6.5,1.573,F0p SrEu,0.262,-19.783267,39.481783,86.040612,,49,Cam,1,37826,,20.45502431,BC
1124,37949,62066,2975,,51    Cam,,100.7049,5.93,0.915,K2III:,1.183,-18.774566,37.382702,91.604989,,51,Cam,1,37841,,37.49730022,
1125,38016,62898,3013,,80Pi  Gem,,202.8398,5.14,-1.396,M0III,1.635,-76.539242,151.021569,111.705733,Pi,80,Gem,1,37908,,315.0648833,
1126,38041,63765,,,,Tapecue,33.2557,8.1,5.491,G6IV/V,0.745,-8.804898,17.312575,-26.994249,,,Car,1,37933,,0.554115119,
1127,38048,63336,3029,,5    Pup,,28.5959,5.48,3.198,F5+...,0.478,-12.683589,24.907633,-6.039515,,5,Pup,1,37941,,4.579309532,
1128,38070,63462,3034,,Omi Pup,,434.7826,4.4,-3.791,B1IV:nne,-0.07,-177.636172,348.30693,-190.167555,Omi,,Pup,1,37962,,2860.223694,Omi
1129,38106,63208,3021,,82    Gem,,241.5459,6.18,-0.735,G2III+...,0.571,-101.320216,197.655291,94.926288,,82,Gem,1,37998,,171.3957308,
1130,38170,63700,3045,,7Xi  Pup,Azmidi,367.6471,3.34,-4.487,G6Ia,1.218,-153.118527,296.362603,-154.558514,Xi,7,Pup,1,38062,,5430.002131,
1131,38211,63697,3044,,6    Pup,,78.064,5.17,0.708,K3III,1.282,-34.338347,66.184104,-23.121241,,6,Pup,1,38103,,45.37326169,
1132,38372,64077,3063,,8    Pup,,75.4717,6.37,1.981,F3IV,0.384,-34.458404,65.024678,-16.745608,,8,Pup,1,38263,,14.04753103,
1133,38373,63975,3059,,13Zet CMi,,191.2046,5.12,-1.287,B8II,-0.116,-89.501476,168.861004,5.895379,Zet,13,CMi,1,38264,,284.9705627,
1134,38382,64096,3064,Gl 291A,9    Pup,,16.5044,5.16,4.072,G2V,0.6,-7.50733,14.153226,-3.964222,,9,Pup,1,38273,Gl 291,2.047387276,
1135,38427,64238,3073,,10    Pup,,334.4482,5.69,-1.932,F2IV/V,0.368,-152.164164,285.233782,-85.693977,,10,Pup,1,38317,,516.1786055,
1136,38538,64145,3067,,83Phi Gem,,68.2128,4.97,0.801,A3V,0.098,-28.943408,53.587317,30.719285,Phi,83,Gem,1,38426,,41.64856093,
1137,38623,64106,3065,,25    Lyn,,246.9136,6.25,-0.713,K2III:,1.133,-80.080998,146.745249,181.711071,,25,Lyn,1,38510,,167.9577314,
1138,38639,64144,3066,,26    Lyn,,257.732,5.47,-1.586,K4III,1.462,-83.45538,152.574034,190.21626,,26,Lyn,1,38526,,375.3185242,
1139,38722,64648,3086,,85    Gem,,114.8106,5.38,0.08,A0Vs,-0.035,-52.204869,94.505677,39.049008,,85,Gem,1,38609,,80.90958992,
1140,38827,65575,3117,,Chi Car,,139.47,3.46,-2.262,B3IVp,-0.177,-40.958494,73.302689,-111.359983,Chi,,Car,1,38713,,699.5197811,Chi
1141,38835,65228,3102,,11    Pup,,160,4.2,-1.821,F7/F8II,0.718,-71.949183,128.660129,-62.208733,,11,Pup,1,38721,,466.0151117,
1142,38848,64960,3095,,1    Cnc,,142.8571,5.8,0.025,K3III,1.285,-67.164198,119.941523,38.873874,,1,Cnc,1,38734,,85.11380382,
1143,38962,65345,3110,,14    CMi,,74.0741,5.3,0.952,K0III,0.933,-36.545256,64.367761,2.875554,,14,CMi,1,38852,,36.24098559,
1144,39023,65699,3123,,12    Pup,,263.8522,5.09,-2.017,G8II,1.111,-120.328249,210.327821,-104.409558,,12,Pup,1,38913,,558.2130689,
1145,39079,65695,3122,,27    Mon,,84.246,4.93,0.302,K2III,1.205,-41.952099,72.856948,-5.406614,,27,Mon,1,38969,,65.94775259,
1146,39177,65759,3128,,3    Cnc,,243.309,5.6,-1.331,K3III,1.317,-116.83702,200.769362,72.389377,,3,Cnc,1,39066,,296.7563358,
1147,39191,65714,3124,,2Ome1Cnc,,203.252,5.87,-0.67,G8III:,1.021,-92.453172,158.641443,87.158973,Ome-1,2,Cnc,1,39080,,161.4358557,
1148,39211,65953,3141,,28    Mon,,137.931,4.69,-1.008,K4III,1.475,-69.581124,119.047291,-3.352171,,28,Mon,1,39100,,220.3941182,V645
1149,39236,65873,3134,,5    Cnc,,165.5629,5.99,-0.105,B9.5Vn,-0.024,-80.29191,136.984578,46.898537,,5,Cnc,1,39124,,95.94006315,
1150,39261,65339,3109,,53    Cam,,98.7167,6.02,1.048,A2p...,0.158,-24.75146,42.142511,85.769179,,53,Cam,1,39150,,33.17416497,AX
1151,39263,65856,3132,,4Ome2Cnc,,145.9854,6.32,0.498,A1V,0.023,-66.967623,113.996147,61.90258,Ome-2,4,Cnc,1,39152,,55.05540985,
1152,39424,66216,3149,,Chi Gem,,78.5546,4.94,0.464,K2III,1.13,-35.665386,59.640931,36.629896,Chi,,Gem,1,39313,,56.80675741,
1153,39429,66811,3165,,Zet Pup,Naos,332.2259,2.21,-5.397,O5IAf,-0.269,-130.674899,218.376203,-213.564535,Zet,,Pup,1,39318,,12554.51674,Zet
1154,39524,66834,3168,,14    Pup,,406.5041,6.12,-1.925,B3III,-0.154,-198.063437,327.395178,-137.218647,,14,Pup,1,39413,,512.861384,
1155,39567,66664,3163,,8    Cnc,,65.7895,5.14,1.049,A1V,0.018,-33.25715,54.765771,14.931689,,8,Cnc,1,39456,,33.1436245,
1156,39659,66875,3169,,9Mu 1Cnc,,228.3105,5.96,-0.833,M3III,1.652,-110.343454,179.524653,87.869289,Mu-1,9,Cnc,1,39547,,187.5858174,BL
1157,39722,66824,3167,,28    Lyn,,193.4236,6.35,-0.083,A1V,-0.02,-74.209202,119.727169,132.5561,,28,Lyn,1,39610,,94.01561688,
1158,39757,67523,3185,,15Rho Pup,Tureis,19.4818,2.83,1.382,F2mF5IIp,0.458,-9.379037,15.076242,-8.018549,Rho,15,Pup,1,39644,,24.3893373,Rho
1159,39780,67228,3176,,10Mu 2Cnc,,23.2883,5.3,3.464,G2IV,0.642,-11.456683,18.376558,8.566004,Mu-2,10,Cnc,1,39667,,3.58426408,
1160,39794,68520,3223,,Eps Vol,,172.4138,4.35,-1.833,B6IV,-0.113,-33.295483,53.320205,-160.545681,Eps,,Vol,1,39681,,471.1942694,
1161,39847,67006,3173,,27    Lyn,,76.6871,4.78,0.356,A2V,0.048,-25.374808,40.428392,60.021585,,27,Lyn,1,39734,,62.7480162,
1162,39863,67594,3188,,29Zet Mon,,324.6753,4.36,-3.197,G2Ib,0.97,-172.53083,274.520877,-16.900451,Zet,29,Mon,1,39750,,1655.007629,
1163,39874,67483,3184,,12    Cnc,,80,6.25,1.735,F3V,0.48,-41.401005,65.802612,18.866873,,12,Cnc,1,39761,,17.61976046,
1164,39906,67797,3192,,16    Pup,,142.6534,4.4,-1.371,B5V,-0.16,-71.881704,113.895555,-47.019828,,16,Pup,1,39793,,307.893131,
1165,39953,68273,3207,,Gam2Vel,,342.4658,1.75,-5.923,WC8 + O9I,-0.145,-124.300149,195.993257,-251.831601,Gam-2,,Vel,1,39840,,20379.80386,Gam-2
1166,40023,67767,3191,,14Psi Cnc,,41.3565,5.73,2.647,G8IV,0.825,-20.11697,31.440002,17.809044,Psi,14,Cnc,1,39910,,7.606765008,
1167,40035,68146,3202,Gl 297.2A,18    Pup,,22.3814,5.53,3.781,F7V,0.488,-11.73163,18.297808,-5.338482,,18,Pup,1,39922,Gl 297.2,2.676701856,
1168,40084,68290,3211,,19    Pup,,54.1712,4.72,1.051,K0III,0.939,-28.615326,44.371776,-12.11868,,19,Pup,1,39971,,33.08262789,
1169,40167,68255,3210,,16Zet2Cnc,Tegmine,25.0815,4.67,2.673,G0V,0.531,-13.035978,20.033032,7.603791,Zet-2,16,Cnc,1,40054,,7.426770437,
1170,40240,68351,3215,,15    Cnc,,209.6436,5.62,-0.987,B9p SiCr,-0.073,-99.98735,152.291783,103.731657,,15,Cnc,1,40126,,216.1722784,BM
1171,40259,68752,3229,,20    Pup,,266.6667,4.99,-2.14,G5Ib/II,1.066,-141.007112,214.391986,-72.555365,,20,Pup,1,40145,,625.1726928,
1172,40526,69267,3249,,17Bet Cnc,Tarf,93.0233,3.53,-1.313,K4III,1.481,-51.522087,76.015371,14.84954,Bet,17,Cnc,1,40411,,291.8770848,
1173,40604,69665,3257,,21    Pup,,273.9726,6.32,-0.869,A1V,0.057,-148.372089,217.127556,-76.826655,,21,Pup,1,40489,,193.9099079,
1174,40646,68930,3235,,29    Lyn,,91.8274,5.63,0.815,A7IV,0.182,-26.315467,38.346481,79.17885,,29,Lyn,1,40531,,41.11497211,
1175,40687,68988,,,,Násti,54.5256,8.2,4.517,G0,0.652,-14.7896,21.444841,47.900183,,,UMa,1,40572,,1.358939117,
1176,40702,71243,3318,Gl 305,Alp Cha,,19.5618,4.05,2.593,F5III,0.413,-2.515914,3.642744,-19.054133,Alp,,Cha,1,40587,,7.994660025,
1177,40817,71046,3301,,Kap1Vol,,133.3333,5.33,-0.295,B9III/IV,-0.063,-24.219846,34.648678,-126.45443,Kap-1,,Vol,1,40701,,114.2878335,
1178,40834,71066,3302,,Kap2Vol,,128.3697,5.63,0.088,A0p,-0.099,-23.357804,33.355683,-121.739794,Kap-2,,Vol,1,40718,,80.31561699,
1179,40843,69897,3262,Gl 303,18Chi Cnc,,18.2715,5.13,3.821,F6V,0.487,-9.32358,13.3075,8.357022,Chi,18,Cnc,1,40728,,2.579882936,
1180,40875,69548,3254,,30    Lyn,,32.352,5.89,3.34,F4V,0.421,-9.930522,14.125205,27.358848,,30,Lyn,1,40760,,4.017908108,
1181,40881,70011,3268,,19Lam Cnc,Piautos,140.2525,5.92,0.185,B9.5V,-0.039,-73.723045,104.765465,57.095809,Lam,19,Cnc,1,40766,,73.45138682,
1182,40888,71701,3340,,The Cha,,47.619,4.34,0.951,K0III-IV,1.161,-5.942562,8.436434,-46.487637,The,,Cha,1,40773,,36.27438015,
1183,41003,71576,3334,,Eta Vol,,116.8224,5.28,-0.058,A0/A1IV/V,0.014,-19.3897,27.164723,-111.953706,Eta,,Vol,1,40888,,91.87556017,
1184,41037,71129,3307,,Eps Car,Avior,185.5288,1.86,-4.482,K3III+B2V,1.196,-54.83708,76.515238,-159.872623,Eps,,Car,1,40921,,5405.053537,
1185,41067,70673,3289,,22    Pup,,126.1034,6.13,0.626,K0III,0.997,-71.676197,99.765637,-28.48455,,22,Pup,1,40951,,48.93279241,
1186,41075,70272,3275,,31    Lyn,Alsciaukat,117.2333,4.25,-1.095,K5III,1.55,-49.889521,69.406143,80.234157,,31,Lyn,1,40959,,238.7811283,BN
1187,41117,70569,3284,,20    Cnc,,117.7856,5.94,0.585,A9V,0.175,-65.467902,90.63673,37.046732,,20,Cnc,1,41000,,50.81594426,
1188,41163,70734,3290,,21    Cnc,,272.4796,6.11,-1.067,M2III,1.507,-157.334461,216.71099,50.272865,,21,Cnc,1,41046,,232.7019379,
1189,41211,70958,3297,Gl 306,1    Hya,,26.617,5.61,3.484,F3V,0.478,-15.666609,21.448174,-1.741453,,1,Hya,1,41094,,3.518843888,
1190,41312,71878,3347,GJ 3499,Bet Vol,,32.9707,3.77,1.179,K2IIIvar,1.132,-7.921708,10.731349,-30.152411,Bet,,Vol,1,41195,,29.40356574,
1191,41319,71030,3299,,25    Cnc,,44.9438,6.11,2.847,F6V,0.448,-25.533901,34.560272,13.175098,,25,Cnc,1,41203,,6.327031549,
1192,41375,71297,3321,,2    Hya,,50.025,5.6,2.104,A5III-IV,0.218,-29.763439,40.056975,-3.478679,,2,Hya,1,41259,,12.54295892,LM
1193,41377,71093,3304,,22Phi1Cnc,,114.4165,5.58,0.288,K5III,1.421,-60.314251,81.167509,53.527667,Phi-1,22,Cnc,1,41261,,66.80362047,
1194,41389,71152,3312,,24    Cnc,,79.7448,6.51,2.001,F0III,0.349,-43.320033,58.190736,33.112951,,24,Cnc,1,41273,,13.79113469,
1195,41400,71250,3319,,27    Cnc,,276.2431,5.56,-1.646,M3III,1.608,-161.015668,216.152271,60.517488,,27,Cnc,1,41283,,396.6431879,BP
1196,41404,71150,3310,,23Phi2Cnc,,84.5309,6.3,1.665,A3V+...,0.187,-45.033267,60.425298,38.291298,Phi-2,23,Cnc,1,41288,,18.79316817,
1197,41574,71496,3329,,28    Cnc,,136.612,6.05,0.373,F0Vn,0.246,-75.288512,99.357198,55.880655,,28,Cnc,1,41456,,61.77318586,CX
1198,41578,71555,3333,,29    Cnc,,105.2632,5.94,0.829,A5V,0.201,-61.631506,81.327357,25.84112,,29,Cnc,1,41460,,40.58821947,
1199,41704,71369,3323,,1Omi UMa,Muscida,54.9149,3.35,-0.348,G4II-III,0.856,-16.37548,21.290022,47.898272,Omi,1,UMa,1,41586,,120.005182,
1200,41816,72041,3355,,30Ups1Cnc,,76.6284,5.71,1.288,F0IIIn,0.327,-42.953073,55.221048,31.26671,Ups-1,30,Cnc,1,41697,,26.59500033,
1201,41822,72094,3357,,31The Cnc,,127.2265,5.33,-0.193,K5III,1.567,-74.28672,95.429359,39.514623,The,31,Cnc,1,41704,,104.0399177,
1202,41904,72359,3372,,34    Cnc,,165.2893,6.48,0.389,A1V,-0.007,-100.567198,127.953684,28.889679,,34,Cnc,1,41785,,60.86953723,
1203,41909,72292,3366,,33Eta Cnc,,91.4913,5.33,0.523,K3III,1.252,-52.989443,67.39305,31.952982,Eta,33,Cnc,1,41790,,53.80219572,
1204,41940,72324,3369,,32Ups2Cnc,,170.3578,6.35,0.193,G9III,1.032,-96.287048,122.137652,69.521269,Ups-2,32,Cnc,1,41821,,72.912166,
1205,41975,72291,3365,,32    Lyn,,37.092,6.2,3.354,F5Vbwvar,0.402,-18.511468,23.405513,22.030071,,32,Lyn,1,41857,,3.966431879,
1206,42080,72037,3354,,2    UMa,,46.7508,5.47,2.121,A2m,0.207,-12.272932,15.346271,42.420409,,2,UMa,1,41961,,12.34809608,
1207,42090,72524,3377,,33    Lyn,,108.8139,5.76,0.577,A2Vnn,0.051,-54.726852,68.352195,64.602342,,33,Lyn,1,41970,,51.1917528,
1208,42133,72779,3387,,35    Cnc,,202.8398,6.55,0.014,G0III,0.681,-119.823885,148.865731,68.009894,,35,Cnc,1,42014,,85.98050667,
1209,42146,72968,3398,,3    Hya,,92.8505,5.72,0.881,A1spe...,-0.004,-57.701277,71.593053,-12.893903,,3,Hya,1,42027,,38.69011317,HV
1210,42265,73143,3406,,36    Cnc,,149.7006,5.92,0.044,A3V,0.083,-93.422639,114.245722,25.108579,,36,Cnc,1,42146,,83.63729916,
1211,42313,73262,3410,,4Del Hya,,49.1642,4.14,0.682,A1Vnn,0.003,-31.060832,37.795209,4.886214,Del,4,Hya,1,42195,,46.47292417,
1212,42334,73495,3420,,Eta Pyx,,71.0732,5.24,0.981,A0V,-0.03,-40.516266,49.207344,-31.440558,Eta,,Pyx,1,42215,,35.28580258,
1213,42353,73316,3412,,37    Cnc,,111.9821,6.54,1.294,A1V,-0.01,-70.269338,85.178229,18.626226,,37,Cnc,1,42234,,26.44843627,
1214,42402,73471,3418,,5Sig Hya,Minchir,114.2857,4.45,-0.84,K2III,1.216,-72.861703,87.795627,6.661268,Sig,5,Hya,1,42283,,188.7991349,
1215,42425,74405,3460,,The Vol,,73.6377,5.19,0.854,A0V,0.013,-15.812765,18.998275,-69.365337,The,,Vol,1,42306,,39.66431879,
1216,42438,72905,3391,Gl 311,3Pi 1UMa,,14.3554,5.63,4.845,G1.5Vb,0.618,-3.880282,4.657464,13.012521,Pi-1,3,UMa,1,42319,,1.00461579,Pi-1
1217,42446,73534,,,,Gakyid,81.0373,8.23,3.687,G5,0.962,-50.568104,60.659599,18.174814,,,Cnc,1,42327,,2.918770848,
1218,42483,73898,3433,,Zet Pyx,,74.9064,4.86,0.487,G5III,0.9,-41.817563,49.965426,-36.955019,Zet,,Pyx,1,42364,,55.61603196,
1219,42509,73840,3431,,6    Hya,,119.0476,4.98,-0.399,K3III,1.415,-74.725017,89.034455,-25.716635,,6,Hya,1,42390,,125.7766432,
1220,42515,74006,3438,,Bet Pyx,,127.551,3.97,-1.558,G5II/III,0.936,-66.942302,79.706384,-73.721425,Bet,,Pyx,1,42396,,365.763193,
1221,42516,73665,3427,,39    Cnc,,186.5672,6.39,0.036,K0III,0.98,-112.748122,134.240678,63.833677,,39,Cnc,1,42397,,84.25583753,
1222,42527,73108,3403,,4Pi 2UMa,,78.4929,4.59,0.116,K2III,1.179,-21.882091,26.028746,70.744858,Pi-2,4,UMa,1,42408,,78.27084096,
1223,42556,73731,3429,,41Eps Cnc,Meleph,179.8561,6.29,0.015,Am,0.17,-109.202884,129.624965,60.169858,Eps,41,Cnc,1,42437,,85.90135215,
1224,42604,73593,3422,,34    Lyn,,55.2792,5.35,1.637,G0IV,0.993,-24.887733,29.393936,39.652877,,34,Lyn,1,42485,,19.28412776,
1225,42637,75416,3502,,Eta Cha,,94.9668,5.46,0.572,B9IV,-0.101,-11.766312,13.859003,-93.210509,Eta,,Cha,1,42518,,51.42804319,
1226,42662,74137,3441,,9    Hya,,64.9351,4.87,0.808,K0IIICN...,1.063,-40.492194,47.526772,-17.836846,,9,Hya,1,42543,,41.38090648,
1227,42795,74228,3450,,45    Cnc,,284.0909,5.62,-1.647,A3V+...,0.435,-181.107864,209.805325,62.363773,,45,Cnc,1,42676,,397.0086781,
1228,42799,74280,3454,,7Eta Hya,,179.8561,4.3,-1.975,B3V...,-0.192,-117.329664,135.898249,10.66243,Eta,7,Hya,1,42680,,537.0317964,Eta
1229,42806,74198,3449,,43Gam Cnc,Asellus Borealis,55.5556,4.66,0.936,A1IV,0.01,-33.797361,39.125009,20.33287,Gam,43,Cnc,1,42687,,36.77900704,
1230,42828,74575,3468,,Alp Pyx,,269.5418,3.68,-3.473,B1.5III,-0.18,-147.689477,170.508984,-147.537653,Alp,,Pyx,1,42709,,2134.027443,
1231,42911,74442,3461,,47Del Cnc,Asellus Australis,40.032,3.94,0.928,K0III,1.083,-25.041776,28.63397,12.473108,Del,47,Cnc,1,42792,,37.05100563,
1232,42913,74956,3485,Gl 321.3A,Del Vel,Alsephina,24.6975,1.93,-0.033,A1V,0.043,-9.394033,10.739813,-20.158771,Del,,Vel,1,42794,Gl 321.3,89.78421709,Del
1233,42917,74521,3465,,49    Cnc,,129.7017,5.63,0.065,A1p...,-0.069,-84.09342,96.100921,22.704548,,49,Cnc,1,42798,,82.03515443,BI
1234,42931,74591,3469,,10    Hya,,64.5578,6.13,2.08,A6V,0.2,-42.361326,48.294761,6.390092,,10,Hya,1,42812,,12.82330583,
1235,42954,74485,3464,,46    Cnc,,181.1594,6.12,-0.17,G5III,0.935,-102.89117,116.956839,92.483481,,46,Cnc,1,42835,,101.8591388,
1236,43067,74918,3484,,12    Hya,,75.1315,4.32,-0.059,G8III,0.9,-48.487966,54.625007,-17.599924,,12,Hya,1,42948,,91.96021967,
1237,43100,74738,3474,,48Iot Cnc,,85.5432,6.58,1.919,G8II...,0.051,-49.851175,56.017476,41.165093,Iot,48,Cnc,1,42981,,14.8730487,
1238,43103,74739,3475,,48Iot Cnc,,101.5228,4.03,-1.003,G8Iab:,1.007,-59.175263,66.476982,48.846771,Iot,48,Cnc,1,42984,,219.3814992,
1239,43109,74874,3482,,11Eps Hya,Ashlesha,39.6354,3.38,0.39,G0III-IV,0.685,-26.198413,29.410867,4.431082,Eps,11,Hya,1,42990,,60.81350013,Eps
1240,43121,74873,3481,,50    Cnc,,53.9665,5.89,2.229,A1V,0.12,-35.124361,39.376468,11.321589,,50,Cnc,1,43002,,11.17892391,
1241,43234,75137,3492,,13Rho Hya,,108.5776,4.35,-0.829,A0Vn,-0.044,-72.427474,80.133985,11.043767,Rho,13,Hya,1,43113,,186.8959972,
1242,43305,75333,3500,,14    Hya,,138.1215,5.3,-0.401,B9MNp...,-0.08,-92.862014,101.909122,-8.295034,,14,Hya,1,43184,,126.0085459,KX
1243,43409,75691,3518,,Gam Pyx,,63.5728,4.02,0.004,K3III,1.272,-38.119847,41.407111,-29.561085,Gam,,Pyx,1,43286,,86.7760745,
1244,43454,75528,3510,,54    Cnc,,38.3142,6.36,3.443,G2IV,0.669,-25.082997,27.12885,10.142857,,54,Cnc,1,43331,,3.654264678,
1245,43496,75737,3523,,15    Hya,,136.7989,5.55,-0.13,A4m,0.15,-92.380938,99.436769,-17.091541,,15,Hya,1,43373,,98.1747943,
1246,43531,75506,3508,,35    Lyn,,81.2348,5.15,0.601,K0III,0.971,-40.02622,42.942704,56.15105,,35,Lyn,1,43408,,50.07258356,
1247,43575,75716,3521,,53    Cnc,,271.7391,6.25,-0.921,M3III,1.552,-163.601239,174.711204,128.65777,,53,Cnc,1,43452,,203.4229743,BO
1248,43584,75698,3519,,51Sig1Cnc,,64.4745,5.67,1.623,A8Vms,0.224,-37.195809,39.686819,34.617526,Sig-1,51,Cnc,1,43461,,19.53439656,
1249,43587,75732,3522,Gl 324A,55Rho1Cnc,Copernicus,12.3411,5.96,5.503,G8V,0.869,-7.429298,7.925466,5.85673,Rho-1,55,Cnc,1,43464,Gl 324,0.548024532,
1250,43644,75486,3505,,5    UMa,,88.8099,5.72,0.978,F2III,0.305,-28.652957,30.359047,78.386768,,5,UMa,1,43521,,35.38343568,
1251,43674,75898,,,,Stribor,75.7576,8.03,3.633,G0,0.626,-43.676078,46.086662,41.323525,,,Lyn,1,43551,,3.067608977,
1252,43721,75959,3532,,57    Cnc,,141.4427,5.4,-0.353,G7III,1.05,-83.916513,88.240042,71.955537,,57,Cnc,1,43597,,120.5591008,
1253,43813,76294,3547,,16Zet Hya,,51.2558,3.11,-0.439,G8III-IV,0.978,-35.316755,36.765697,5.309278,Zet,16,Hya,1,43689,,130.4968414,
1254,43822,76369,3552,,17    Hya,,88.4956,6.07,1.335,A3,0.22,-60.740643,63.17761,-12.272059,,17,Hya,1,43697,,25.46830253,
1255,43825,76483,3556,,Del Pyx,,75.815,4.87,0.471,A3IV,0.142,-46.537543,48.390854,-35.220779,Del,,Pyx,1,43700,,56.44168882,
1256,43834,76219,3540,,58Rho2Cnc,,149.2537,5.23,-0.64,G8II-III,1,-91.465643,94.995986,69.903587,Rho-2,58,Cnc,1,43709,,157.0362804,
1257,43851,76351,3550,,60    Cnc,,213.2196,5.44,-1.204,K5III,1.462,-145.027532,150.27774,42.968657,,60,Cnc,1,43726,,263.9976129,
1258,43903,75958,3531,,6    UMa,,94.0734,5.57,0.703,G6III,0.877,-28.105408,28.94586,84.982545,,6,UMa,1,43778,,45.58269515,
1259,43908,79837,3678,,Zet Oct,,49.7512,5.43,1.946,F0III,0.306,-2.621488,2.698487,-49.608712,Zet,,Oct,1,43783,,14.50774789,
1260,43932,76398,3555,,59Sig2Cnc,,59.5593,5.44,1.565,A7IV,0.181,-34.881579,35.824675,32.360217,Sig-2,59,Cnc,1,43807,,20.60629913,
1261,43970,76543,3561,,62Omi1Cnc,,45.7247,5.22,1.919,A5III,0.149,-30.806366,31.554911,12.083025,Omi-1,62,Cnc,1,43844,,14.8730487,
1262,44001,76582,3565,,63Omi2Cnc,,46.1255,5.68,2.36,F0IV,0.209,-31.084454,31.746095,12.389536,Omi-2,63,Cnc,1,43876,,9.908319449,
1263,44031,76572,3563,,61    Cnc,,55.5247,6.25,2.528,F6V,0.474,-33.620813,34.219431,27.958394,,61,Cnc,1,43905,,8.48789503,
1264,44066,76756,3572,,65Alp Cnc,Acubens,57.7367,4.26,0.453,A5m,0.141,-39.690103,40.217629,11.863811,Alp,65,Cnc,1,43939,,57.38521327,
1265,44127,76644,3569,Gl 331A,9Iot UMa,Talitha,14.5096,3.12,2.312,A7IV,0.223,-6.835882,6.883318,10.789878,Iot,9,UMa,1,44000,Gl 331,10.35618977,
1266,44154,76813,3575,,64Sig3Cnc,,90.6618,5.23,0.443,G9III,0.913,-54.00908,54.224321,48.603925,Sig-3,64,Cnc,1,44027,,57.91619211,
1267,44263,,,Gl 333.2B,,Ross 687,20.9424,12.37,10.765,M4,1.455,-14.80023,14.692285,1.913156,,,Hya,2,44135,Gl 333.2,0.004305266,
1268,44307,77104,3587,,66    Cnc,,143.0615,5.89,0.112,A2V,0.088,-86.073192,85.026381,76.344481,,66,Cnc,1,44179,,78.55973323,
1269,44342,77190,3589,,67    Cnc,,58.0046,6.07,2.253,A8Vn,0.243,-36.532999,35.959211,27.144452,,67,Cnc,1,44214,,10.93452697,
1270,44382,78045,3615,Gl 333.3,Alp Vol,,38.2995,4,1.084,Am,0.145,-10.959043,10.727523,-35.095233,Alp,,Vol,1,44254,,32.09223768,
1271,44390,76827,3576,,8Rho UMa,,96.432,4.74,-0.181,M3III,1.542,-26.238304,25.661975,89.174849,Rho,8,UMa,1,44262,,102.8963572,
1272,44405,77350,3595,,69Nu  Cnc,,120.3369,5.45,0.048,A0III,-0.041,-78.378182,76.527634,49.81284,Nu,69,Cnc,1,44277,,83.32973486,
1273,44471,77327,3594,,12Kap UMa,Alkaphrah,109.8901,3.57,-1.635,A1Vn,0.007,-53.667801,51.996165,80.572997,Kap,12,UMa,1,44343,,392.6449354,
1274,44512,77557,3601,,70    Cnc,,195.3125,6.67,0.216,A1V,0.022,-124.253426,119.81794,91.387343,,70,Cnc,1,44384,,71.38385536,
1275,44659,77996,3613,,18Ome Hya,,274.7253,4.99,-2.204,K2II-III,1.189,-198.469921,188.385732,24.384833,Ome,18,Hya,1,44531,,663.1320219,
1276,44798,78316,3623,,76Kap Cnc,,162.8664,5.23,-0.829,B8IIIMNp,-0.092,-116.933685,109.284136,30.150041,Kap,76,Cnc,1,44670,,186.8959972,Kap
1277,44816,78647,3634,,Lam Vel,Suhail,166.9449,2.23,-3.883,K4Ib-II,1.665,-88.662596,82.682121,-114.774841,Lam,,Vel,1,44689,,3113.149665,Lam
1278,44818,78235,3621,,72Tau Cnc,,83.8926,5.42,0.801,G8III,0.888,-53.319401,49.72078,41.507039,Tau,72,Cnc,1,44690,,41.64856093,
1279,44824,78541,3628,,Kap Pyx,,171.8213,4.62,-1.555,K4/K5III,1.594,-113.101873,105.424918,-74.9398,Kap,,Pyx,1,44696,,364.7539469,
1280,44857,77800,3609,,11Sig1UMa,,159.7444,5.15,-0.867,K5III,1.514,-45.959902,42.711697,146.907164,Sig-1,11,UMa,1,44728,,193.5530414,
1281,44883,78556,3630,,19    Hya,,188.3239,5.6,-0.775,B9.5III,-0.057,-136.575598,126.577814,-28.127063,,19,Hya,1,44755,,177.827941,
1282,44892,78418,3626,GJ 9286,75    Cnc,,31.0078,5.95,3.493,G5IV,0.654,-20.33718,18.834275,13.898151,,75,Cnc,1,44764,,3.489795674,
1283,44901,78209,3619,GJ 3534,15    UMa,,28.8184,4.46,2.162,Am,0.288,-13.136539,12.157018,22.586243,,15,UMa,1,44773,,11.89049679,
1284,44946,78515,3627,,77Xi  Cnc,Nahn,114.4165,5.16,-0.132,K0III,0.97,-77.988303,71.865489,42.945282,Xi,77,Cnc,1,44819,,98.35580562,
1285,44961,78732,3641,,20    Hya,,147.7105,5.47,-0.377,G8II,1.002,-107.450007,98.811558,-22.566179,,20,Hya,1,44833,,123.2537098,
1286,45001,78922,3644,,Eps Pyx,,64.9773,5.59,1.526,A4IV,0.179,-41.324526,37.886805,-32.846823,Eps,,Pyx,1,44872,,21.3599386,
1287,45033,78715,3640,,79    Cnc,,112.8668,6.04,0.777,G8III,0.89,-77.263865,70.583979,42.274076,,79,Cnc,1,44905,,42.57944536,
1288,45038,78154,3616,Gl 335A,13Sig2UMa,,20.3791,4.8,3.254,F7IV-V,0.489,-5.847532,5.339885,18.777611,Sig-2,13,UMa,1,44910,Gl 335,4.349106072,
1289,45075,78362,3624,,14Tau UMa,,38.7297,4.67,1.73,Am,0.381,-12.781485,11.618266,34.664578,Tau,14,UMa,1,44947,,17.70108958,
1290,45170,79096,3650,Gl 337A,81Pi 1Cnc,,20.3625,6.49,4.946,G9V,0.731,-14.634044,13.142774,5.268959,Pi-1,81,Cnc,1,45040,Gl 337,0.915377008,
1291,45184,79193,3655,,21    Hya,,86.7303,6.1,1.409,A3m,0.232,-64.0665,57.466403,-10.73475,,21,Hya,1,45053,,23.79030446,KW
1292,45238,80007,3685,,Bet Car,Miaplacidus,34.6981,1.67,-1.032,A2IV,0.07,-8.980712,8.001552,-32.546536,Bet,,Car,1,45106,,225.3201336,
1293,45290,79158,3652,,36    Lyn,,178.2531,5.3,-0.955,B8IIIMNp,-0.13,-97.217805,86.159796,122.063191,,36,Lyn,1,45158,,209.8939884,EI
1294,45333,79028,3648,Gl 337.1,16    UMa,,19.5695,5.18,3.722,F9V,0.605,-7.020011,6.192111,17.185384,,16,UMa,1,45201,,2.82618118,
1295,45336,79469,3665,,22The Hya,,34.7947,3.89,1.182,B9.5V,-0.06,-26.074955,22.995381,1.405035,The,22,Hya,1,45204,,29.32243282,
1296,45410,79554,3669,,82Pi 2Cnc,,186.2197,5.36,-0.99,K1III,1.319,-135.393281,118.495639,48.013606,Pi-2,82,Cnc,1,45279,,216.7704105,
1297,45455,79354,3660,,17    UMa,,220.7506,5.28,-1.44,K5III,1.568,-91.308815,79.492738,184.592291,,17,UMa,1,45324,,328.0952931,
1298,45493,79439,3662,GJ 3541,18    UMa,,35.8423,4.8,2.028,A5V,0.199,-15.902851,13.801155,29.004929,,18,UMa,1,45363,,13.45240705,DD
1299,45526,79931,3683,,24    Hya,,207.4689,5.49,-1.095,B9III,-0.081,-155.162678,134.063489,-31.542129,,24,Hya,1,45395,,238.7811283,
1300,45527,79910,3681,,23    Hya,,75.2445,5.24,0.858,K2III,1.172,-56.587592,48.890098,-8.326264,,23,Hya,1,45396,,39.51845889,
1301,45556,80404,3699,,Iot Car,Aspidiske,234.7418,2.21,-4.643,A8Ib,0.189,-90.887872,78.251756,-201.791538,Iot,,Car,1,45425,,6269.024975,
1302,45688,80081,3690,,38    Lyn,,38.2702,3.82,0.906,A1V,0.066,-23.374361,19.815176,22.926164,,38,Lyn,1,45557,,37.80941867,
1303,45751,80499,3706,,26    Hya,,103.3058,4.77,-0.301,G8III,0.927,-77.350337,65.035285,-21.434127,,26,Hya,1,45620,,114.9211597,
1304,45811,80586,3709,,27    Hya,,68.2128,4.8,0.631,F5V+...,0.913,-51.620293,43.129268,-11.323789,,27,Hya,1,45679,,48.70796665,
1305,45860,80493,3705,,40Alp Lyn,,62.2665,3.14,-0.831,M0IIIvar,1.55,-39.512346,32.846027,35.17204,Alp,40,Lyn,1,45728,,187.2405896,
1306,45902,80874,3718,,The Pyx,,154.0832,4.71,-1.229,M0III,1.633,-106.697986,88.35205,-67.462157,The,,Pyx,1,45770,,270.1469073,
1307,45941,81188,3734,,Kap Vel,Markeb,175.4386,2.47,-3.751,B2IV,-0.141,-77.65777,63.951481,-143.729782,Kap,,Vel,1,45809,,2756.76661,
1308,46026,81169,3733,,Lam Pyx,,58.8928,4.71,0.86,G8III,0.892,-39.981104,32.606579,-28.402371,Lam,,Pyx,1,45894,,39.44573021,
1309,46107,82554,3795,,Iot Cha,,58.1395,5.34,1.518,F3/F5IV,0.454,-7.238044,5.853217,-57.38954,Iot,,Cha,1,45975,,21.5179057,
1310,46146,81146,3731,,1Kap Leo,,61.7284,4.47,0.518,K2III,1.222,-43.149317,34.738124,27.236473,Kap,1,Leo,1,46014,,54.05053537,
1311,46221,81420,3738,,28    Hya,,275.4821,5.6,-1.6,K5III,1.523,-214.287752,171.369144,-24.572089,,28,Hya,1,46088,,380.1893963,
1312,46365,81728,3744,,29    Hya,,234.7418,6.53,-0.323,A2V,0.053,-182.115944,143.254495,-37.626738,,29,Hya,1,46233,,117.2735306,
1313,46390,81797,3748,,30Alp Hya,Alphard,55.2792,1.99,-1.723,K3III,1.44,-43.003468,33.722848,-8.322089,Alp,30,Hya,1,46259,,425.7944536,
1314,46454,81858,3754,,2Ome Leo,,33.1675,5.4,2.796,F9V,0.605,-25.85059,20.113869,5.220992,Ome,2,Leo,1,46322,,6.631320219,
1315,46457,81873,3755,,3    Leo,,124.2236,5.72,0.249,K0III,1.045,-97.052139,75.494365,17.692796,,3,Leo,1,46325,,69.24684643,
1316,46471,81688,3743,,,Intercrus,85.8369,5.4,0.732,K0III-IV,0.993,-47.431774,36.836132,61.329924,,,UMa,1,46339,,44.38129803,
1317,46509,81997,3759,Gl 348A,31Tau1Hya,,17.334,4.59,3.396,F6V,0.411,-13.696743,10.590983,-0.837388,Tau-1,31,Hya,1,46376,Gl 348,3.815926491,
1318,46515,82150,3765,,Eps Ant,,217.8649,4.51,-2.181,K3III,1.408,-139.565679,107.824531,-127.90814,Eps,,Ant,1,46382,,649.2321231,
1319,46651,82434,3786,Gl 351A,Psi Vel,,18.8147,3.6,2.228,F2IV,0.371,-11.382585,8.679058,-12.210922,Psi,,Vel,1,46518,Gl 351,11.18922482,
1320,46652,82087,3764,,7    LMi,,153.8462,5.87,-0.065,G8III:,1.032,-101.840502,77.637648,85.261753,,7,LMi,1,46519,,92.46981739,
1321,46657,82383,3780,,Zet1Ant,,124.3781,5.75,0.276,A0,0.066,-83.997782,64.007522,-65.706277,Zet-1,,Ant,1,46524,,67.54605666,
1322,46733,81937,3757,GJ 3559,23    UMa,,23.8152,3.65,1.766,F0IV,0.36,-8.603035,6.510645,21.231076,,23,UMa,1,46600,,17.12379421,
1323,46734,82513,3789,,Zet2Ant,,117.6471,5.91,0.557,A9IV,0.258,-79.669595,60.288633,-62.12023,Zet-2,,Ant,1,46601,,52.14347854,
1324,46735,82198,3769,,8    LMi,,147.0588,5.39,-0.447,M1III,1.543,-95.939621,72.597944,84.56665,,8,LMi,1,46602,,131.4619288,
1325,46750,82308,3773,,4Lam Leo,Alterf,100.9082,4.32,-0.7,K5IIIvar,1.541,-74.131964,56.004334,39.376137,Lam,4,Leo,1,46617,,165.9586907,
1326,46771,82395,3782,,5Xi  Leo,,66.0939,4.99,0.889,K0IIIvar,1.046,-51.752664,39.017676,12.9507,Xi,5,Leo,1,46637,,38.40608157,
1327,46774,82381,3779,,6    Leo,,153.1394,5.07,-0.855,K3III,1.364,-120.532512,90.861063,25.843929,,6,Leo,1,46641,,191.4255925,
1328,46776,82446,3787,,32Tau2Hya,,158.7302,4.54,-1.463,A3V,0.109,-126.733075,95.515712,-3.281718,Tau-2,32,Hya,1,46643,,335.119732,
1329,46853,82328,3775,Gl 354A,25The UMa,,13.4789,3.17,2.522,F6IV,0.475,-6.693935,5.005096,10.57472,The,25,UMa,1,46720,Gl 354,8.534930716,
1330,46904,82522,3791,,9    LMi,,149.0313,6.19,0.324,K4III:,1.264,-96.164215,71.479032,88.619833,,9,LMi,1,46771,,64.62491725,
1331,46928,83979,3860,,Zet Cha,,175.4386,5.07,-1.151,B5V,-0.139,-22.196397,16.44102,-173.25006,Zet,,Cha,1,46795,,251.420103,Zet
1332,46952,82635,3800,,10    LMi,,56.7215,4.54,0.771,G8III,0.914,-36.727405,27.121579,33.6576,,10,LMi,1,46819,,42.81539943,SU
1333,46977,82210,3771,Gl 355.1,24    UMa,,31.9285,4.54,2.019,G4III-IV,0.781,-8.8633,6.529755,29.970273,,24,UMa,1,46844,,13.56438163,DK
1334,46982,82870,3814,,33    Hya,,173.6111,5.56,-0.638,K1III,1.159,-139.05904,102.388233,-17.890991,,33,Hya,1,46849,,156.7472752,
1335,47006,82621,3799,,26    UMa,,80.3859,4.47,-0.056,A2V,0.027,-39.843065,29.261248,63.389555,,26,UMa,1,46873,,91.70647491,
1336,47013,82189,3768,,22    UMa,,49.0918,5.77,2.315,F7V,0.53,-12.094424,8.876757,46.742909,,22,UMa,1,46880,,10.32761406,
1337,47080,82885,3815,Gl 356A,11    LMi,,11.3688,5.4,5.121,G8IV-V,0.77,-7.450851,5.430348,6.651975,,11,LMi,1,46945,Gl 356,0.779112191,SV
1338,47087,82886,,,,Illyrian,125.4705,7.62,2.127,G0,0.864,-83.307172,60.663459,71.573083,,,LMi,1,46954,,12.28004618,
1339,47096,83023,3818,,7    Leo,,209.6436,6.32,-0.287,A1V,0.027,-164.23014,119.450078,52.063943,,7,Leo,1,46963,,113.4488244,
1340,47189,83189,3826,,8    Leo,,355.8719,5.73,-2.026,K1III,1.223,-277.048966,199.367799,100.703517,,8,Leo,1,47056,,562.8594993,
1341,47202,83443,,,,Kalausi,41.1692,8.23,5.157,K0V,0.811,-24.34255,17.492359,-28.220225,,,Vel,1,47069,,0.753702577,
1342,47205,83240,3827,,10    Leo,,75.3012,5,0.616,K1IIIvar,1.051,-60.718424,43.626147,8.962702,,10,Leo,1,47072,,49.38556196,
1343,47249,83373,3832,,34    Hya,,130.039,6.4,0.83,A1V,-0.04,-104.391958,74.559404,-21.293519,,34,Hya,1,47116,,40.55085354,
1344,47300,83287,3829,,42    Lyn,,37.5799,5.28,2.405,F0V,0.223,-23.380479,16.621334,24.276147,,42,Lyn,1,47167,,9.506047937,
1345,47427,83650,3846,,37    Hya,,307.6923,6.31,-1.131,A0Vn,-0.029,-247.610872,173.717058,-56.4435,,37,Hya,1,47293,,246.831169,
1346,47431,83618,3845,,35Iot Hya,Ukdah,80.7103,3.9,-0.635,K3IIIvar,1.313,-66.071937,46.325951,-1.609728,Iot,35,Hya,1,47297,,156.3147643,
1347,47452,83754,3849,,38Kap Hya,,133.6898,5.07,-0.56,B4IV/V,-0.149,-106.2031,74.153048,-33.094297,Kap,38,Hya,1,47318,,145.881426,
1348,47508,83808,3852,,14Omi Leo,Subra,39.9521,3.52,0.512,A5V+...,0.516,-32.353394,22.412883,6.863686,Omi,14,Leo,1,47373,,54.35005651,
1349,47550,83821,3853,,13    Leo,,169.2047,6.26,0.118,K2III:,1.251,-125.290862,86.39897,73.943018,,13,Leo,1,47415,,78.12679346,
1350,47570,83805,3851,,43    Lyn,,106.4963,5.61,0.473,G8III,0.951,-67.472107,46.369818,68.109279,,43,Lyn,1,47435,,56.33781509,
1351,47631,83951,3857,,13    LMi,,53.2765,6.12,2.487,F3V,0.386,-36.001578,24.578799,30.629183,,13,LMi,1,47496,,8.814547044,
1352,47654,83506,3839,,27    UMa,,146.6276,5.15,-0.681,K0III,1.029,-36.93936,25.162175,139.649408,,27,UMa,1,47519,,163.0797361,
1353,47701,84107,3861,,15    Leo,,49.0196,5.64,2.188,A2IV,0.111,-35.157395,23.813565,24.490955,,15,Leo,1,47566,,11.6091387,
1354,47723,84194,3866,,16Psi Leo,,187.2659,5.36,-1.002,M2III,1.61,-150.505669,101.773873,45.372528,Psi,16,Leo,1,47588,,219.1795344,
1355,47758,84367,3871,Gl 366.1A,The Ant,,104.0583,4.78,-0.306,A7V+...,0.516,-76.378087,51.419982,-48.482449,The,,Ant,1,47623,Gl 366.1,115.4516117,
1356,47780,,,Gl 367,,Añañuca,9.8707,10.22,10.248,M1:,1.53,-5.716082,3.837529,-7.073973,,,Vel,1,47645,,0.006931065,
1357,47908,84441,3873,,17Eps Leo,Ras Elased Australis,75.643,2.97,-1.424,G0II,0.808,-57.700126,38.244772,30.494289,Eps,17,Leo,1,47772,,323.2957534,
1358,47911,84179,3865,,28    UMa,,77.4593,6.51,2.065,F2V,0.367,-28.659634,18.9833,69.413006,,28,UMa,1,47775,,13.00169578,
1359,47956,85396,3902,,Nu  Cha,,56.5291,5.43,1.669,G8III,0.901,-10.794031,7.121147,-55.03025,Nu,,Cha,1,47820,,18.72405896,
1360,47959,84561,3877,,18    Leo,,156.9859,5.67,-0.309,K4III,1.489,-128.281102,84.594799,32.129987,,18,Leo,1,47823,,115.7710574,
1361,48002,85123,3890,,Ups Car,,440.5286,2.92,-5.3,A9,0.273,-155.321542,101.734428,-399.488275,Ups,,Car,1,47866,,11481.53621,
1362,48029,84722,3880,,19    Leo,,84.674,6.44,1.801,A7Vn,0.255,-69.459013,45.352025,16.979977,,19,Leo,1,47893,,16.58059075,
1363,48218,85040,3889,,20    Leo,,191.5709,6.1,-0.312,A8IV,0.257,-150.586844,96.086973,69.212678,,20,Leo,1,48082,,116.091387,
1364,48235,85390,,,,Natasha,32.3729,8.54,5.989,K1V,0.855,-17.62853,11.226113,-24.722742,,,Vel,1,48099,,0.350267627,
1365,48273,85217,3893,,4    Sex,,44.6628,6.24,2.99,F6V...,0.479,-37.612413,23.846237,3.3827,,4,Sex,1,48137,,5.54625713,
1366,48319,84999,3888,,29Ups UMa,,35.6379,3.78,1.02,F0IV,0.291,-15.505407,9.784196,30.560252,Ups,29,UMa,1,48182,,34.04081897,Ups
1367,48324,85268,3896,,23    Leo,,369.0037,6.45,-1.385,M0III,1.624,-304.02444,191.763797,83.423365,,23,Leo,1,48188,,311.8889584,
1368,48341,85364,3899,,6    Sex,,63.5728,6.01,1.994,A8III,0.171,-53.652321,33.775599,-4.703918,,6,Sex,1,48204,,13.88033667,
1369,48356,85444,3903,,39Ups1Hya,Zhang,80.9061,4.11,-0.43,G6/G8III,0.918,-66.227032,41.59319,-20.730703,Ups-1,39,Hya,1,48219,,129.4195841,
1370,48390,85376,3900,,22    Leo,,41.4594,5.29,2.202,A5IV,0.229,-32.010267,20.024776,17.124003,,22,Leo,1,48253,,11.46040591,
1371,48402,85235,3894,,30Phi UMa,,156.0062,4.55,-1.416,A3IV,0.038,-77.666573,48.48156,126.314461,Phi,30,UMa,1,48265,,320.9223768,
1372,48414,85504,3906,,7    Sex,,202.8398,6.02,-0.516,A0Vs,-0.04,-171.955793,107.238534,8.685549,,7,Sex,1,48277,,140.0876984,
1373,48437,85558,3909,,8Gam Sex,,85.1064,5.07,0.42,A2V,0.038,-71.552126,44.490837,-11.999009,Gam,8,Sex,1,48300,,59.15616342,
1374,48455,85503,3905,,24Mu  Leo,Rasalas,38.0518,3.88,0.978,K0III,1.222,-29.062466,18.02588,16.685015,Mu,24,Leo,1,48318,,35.38343568,
1375,48615,85951,3923,,,Felis,188.3239,4.94,-1.435,K5III,1.559,-152.168245,92.455966,-61.341498,,,Hya,1,48478,,326.5878322,
1376,48682,85795,3917,,31    UMa,,63.7755,5.27,1.247,A3III,0.086,-35.244052,21.2361,48.725685,,31,UMa,1,48543,,27.61849442,
1377,48711,86081,,,,Bibhā,95.3289,8.73,3.834,F8,0.664,-81.553447,48.954496,-6.331799,,,Sex,1,48571,,2.549177051,
1378,48774,86440,3940,,Phi Vel,,487.8049,3.52,-4.921,B5Ib,-0.067,-242.953038,144.739494,-397.464518,Phi,,Vel,1,48635,,8098.414473,
1379,48833,86146,3928,GJ 3574,19    LMi,,28.1452,5.11,2.863,F6Vs,0.481,-18.271887,10.796902,18.485477,,19,LMi,1,48693,,6.234476611,
1380,48883,86360,3937,,27Nu  Leo,,153.1394,5.26,-0.665,B9IV,-0.035,-128.922972,75.772613,33.001404,Nu,27,Leo,1,48743,,160.6941253,
1381,48926,86629,3947,,Eta Ant,,33.3111,5.23,2.617,A8IV,0.3,-23.304405,13.608277,-19.528614,Eta,,Ant,1,48786,,7.819878404,
1382,48990,86611,3945,,12    Sex,,59.8444,6.69,2.805,F0V,0.288,-51.699545,29.933606,3.533295,,12,Sex,1,48850,,6.576578374,
1383,49029,86663,3950,,29Pi  Leo,,124.533,4.68,-0.796,M2III,1.589,-106.845097,61.554441,17.426851,Pi,29,Leo,1,48889,,181.3009167,
1384,49065,87971,3983,,Mu 1Cha,,115.0748,5.53,0.225,A0IV,0.035,-13.524589,7.751107,-114.014246,Mu-1,,Cha,1,48925,,70.79457844,
1385,49081,86728,3951,Gl 376,20    LMi,,15.0466,5.37,4.483,G1V,0.676,-11.088308,6.336788,7.956742,,20,LMi,1,48941,,1.402167834,
1386,49326,88351,3997,,Mu 2Cha,,159.7444,6.6,0.583,G6/G8III,0.919,-20.499239,11.348945,-158.016632,Mu-2,,Cha,1,49186,,50.90963695,
1387,49329,87301,3961,,13    Sex,,56.0224,6.43,2.688,F4V,0.398,-48.938465,27.087816,3.128285,,13,Sex,1,49189,,7.324871327,
1388,49402,87504,3970,,40Ups2Hya,,96.1538,4.6,-0.315,B8V,-0.087,-82.143224,45.007279,-21.735618,Ups-2,40,Hya,1,49261,,116.4126029,
1389,49530,87682,3973,,14    Sex,,109.1703,6.2,1.009,K1III,0.939,-95.65932,51.512399,10.674964,,14,Sex,1,49389,,34.38745222,
1390,49583,87737,3975,,30Eta Leo,,389.1051,3.48,-4.47,A0Ib,-0.031,-328.449984,175.868859,112.220999,Eta,30,Leo,1,49441,,5345.643594,
1391,49593,87696,3974,Gl 378.3,21    LMi,,28.2406,4.49,2.236,A7V,0.19,-20.337129,10.878482,16.2967,,21,LMi,1,49451,,11.10708256,
1392,49637,87837,3980,,31    Leo,Yunü,90.5797,4.39,-0.395,K4III,1.448,-78.745563,41.911852,15.725184,,31,Leo,1,49496,,125.3141175,
1393,49641,87887,3981,,15Alp Sex,,86.881,4.48,-0.215,A0III,-0.032,-76.698775,40.80808,-0.563531,Alp,15,Sex,1,49500,,106.1695557,
1394,49669,87901,3982,,32Alp Leo,Regulus,24.3132,1.36,-0.569,B7V,-0.087,-21.018857,11.132218,5.041397,Alp,32,Leo,1,49528,,147.0957077,
1395,49812,88195,3989,,17    Sex,,182.8154,5.91,-0.4,A1V,0.026,-160.462166,83.419507,-26.732037,,17,Sex,1,49671,,125.8925412,
1396,49841,88284,3994,,41Lam Hya,,34.5066,3.61,0.92,K0III,1.007,-29.938956,15.487743,-7.382812,Lam,41,Hya,1,49700,,37.32501578,
1397,49865,88333,3996,,18    Sex,,145.1379,5.64,-0.169,K2III,1.304,-127.620018,65.777238,-21.248447,,18,Sex,1,49723,,101.7653663,
1398,49929,88355,3998,,34    Leo,,64.5995,6.43,2.379,F7V,0.468,-55.956619,28.623095,14.921531,,34,Leo,1,49789,,9.736435698,
1399,50027,88547,4004,,19    Sex,,127.551,5.77,0.242,K0III:,1.178,-113.48292,57.320571,10.26205,,19,Sex,1,49886,,69.69473964,
1400,50099,89080,4037,,Ome Car,,104.8218,3.29,-1.812,B8III,-0.074,-32.00779,16.00439,-98.524026,Ome,,Car,1,49958,,462.1681361,
1401,50218,88786,4014,,22    LMi,,203.252,6.47,-0.07,G8III,0.858,-155.51727,76.603537,106.102341,,22,LMi,1,50077,,92.89663868,
1402,50303,88960,4024,,23    LMi,,79.9361,5.49,0.976,A0Vn,0.02,-62.680469,30.489917,39.132171,,23,LMi,1,50161,,35.44867445,
1403,50316,88986,4027,,24    LMi,,33.1895,6.46,3.855,G0V,0.635,-26.196335,12.710646,15.929604,,24,LMi,1,50174,,2.500345362,
1404,50319,89010,4030,,35    Leo,,31.1721,5.95,3.481,G2IV,0.655,-25.722053,12.470801,12.431272,,35,Leo,1,50177,,3.528580258,
1405,50333,89056,4035,,37    Leo,,179.5332,5.42,-0.851,M1III,1.65,-156.979353,75.989094,42.60657,,37,Leo,1,50191,,190.7216521,
1406,50335,89025,4031,,36Zet Leo,Adhafera,84.0336,3.43,-1.192,F0III,0.307,-69.409312,33.594777,33.397009,Zet,36,Leo,1,50193,,261.0958687,
1407,50372,89021,4033,,33Lam UMa,Tania Borealis,42.1585,3.45,0.326,A2IV,0.029,-27.815454,13.402145,28.706022,Lam,33,UMa,1,50230,,64.50598333,
1408,50384,89125,4039,Gl 387A,39    Leo,,22.805,5.81,4.02,F8Vw,0.5,-18.90255,9.092886,8.949656,,39,Leo,1,50242,Gl 387,2.147830474,
1409,50414,89254,4042,,22Eps Sex,,59.312,5.25,1.384,F2III,0.336,-52.963388,25.367269,-8.325293,Eps,22,Sex,1,50272,,24.34445184,
1410,50448,88983,4026,,32    UMa,,79.5545,5.74,1.237,A8III,0.163,-30.224966,14.411102,72.164257,,32,UMa,1,50306,,27.8740452,
1411,50564,89449,4054,Gl 388.1,40    Leo,,21.3675,4.78,3.131,F6IV,0.452,-18.248265,8.534898,7.122411,,40,Leo,1,50422,,4.870796665,
1412,50583,89484,4057,,41Gam1Leo,Algieba,39.8883,2.01,-0.994,K0III,1.128,-34.002797,15.860719,13.53874,Gam-1,41,Leo,1,50440,,217.5704951,
1413,50684,89688,4064,,23    Sex,,769.2308,6.66,-2.77,B2.5IV,-0.094,-698.060893,321.68708,30.732766,,23,Sex,1,50540,,1116.863248,RS
1414,50755,89774,4070,,42    Leo,,142.6534,6.16,0.389,A1V,0.018,-125.359867,57.236579,36.86317,,42,Leo,1,50610,,60.86953723,
1415,50801,89758,4069,,34Mu  UMa,Tania Australis,70.6215,3.06,-1.185,M0III SB,1.603,-48.161684,21.865099,46.794651,Mu,34,UMa,1,50655,,259.4179362,
1416,50851,89962,4077,,43    Leo,,71.1238,6.06,1.8,K3III,1.119,-64.426397,29.019455,8.104011,,43,Leo,1,50706,,16.59586907,
1417,50860,89904,4075,,27    LMi,,74.2942,5.89,1.535,A6V,0.147,-56.230071,25.298681,41.445917,,27,LMi,1,50715,,21.18361135,
1418,50885,90044,4082,,25    Sex,,104.1667,5.93,0.841,B9p Si(CrSr),-0.048,-94.817434,42.492703,-7.400581,,25,Sex,1,50740,,40.14209182,SS
1419,50935,90040,4081,,28    LMi,,130.039,5.52,-0.05,K1III,1.186,-98.839303,43.932016,72.186291,,28,LMi,1,50790,,91.20108394,
1420,51008,90254,4088,,44    Leo,,314.4654,5.61,-1.878,M2IIIs,1.63,-284.595132,124.849669,48.026522,,44,Leo,1,50863,,491.1339996,
1421,51056,90277,4090,,30    LMi,,71.5308,4.72,0.448,F0V,0.26,-54.504577,23.72371,39.788315,,30,LMi,1,50911,,57.65009138,
1422,51069,90432,4094,,42Mu  Hya,,71.7875,3.83,-0.45,K4III,1.456,-63.022703,27.373482,-20.792498,Mu,42,Hya,1,50924,,131.8256739,
1423,51172,90610,4104,,Alp Ant,,112.2334,4.28,-0.971,K4III,1.429,-88.352579,37.890013,-57.918293,Alp,,Ant,1,51027,,213.0100037,
1424,51213,90569,4101,,45    Leo,,129.199,6.01,0.454,A0sp...,-0.043,-117.129938,49.930048,21.907323,,45,Leo,1,51068,,57.33238387,
1425,51233,90537,4100,,31Bet LMi,,47.1921,4.2,0.831,G8III-IV,0.908,-34.818822,14.800637,28.20798,Bet,31,LMi,1,51089,,40.51352202,
1426,51362,90882,4116,,29Del Sex,,98.7167,5.19,0.218,B9.5V,-0.05,-91.012178,37.941396,-4.717455,Del,29,Sex,1,51217,,71.25248248,
1427,51376,90972,4118,,Del Ant,,133.1558,5.57,-0.052,B9/B9.5V,-0.041,-105.802094,44.046772,-67.796013,Del,,Ant,1,51231,,91.36923737,
1428,51401,90633,4106,,35    UMa,,101.2146,6.32,1.294,K2III:,1.141,-38.583885,16.000262,92.193414,,35,UMa,1,51256,,26.44843627,
1429,51420,90840,4113,,32    LMi,,231.4815,5.79,-1.033,A4V,0.087,-166.409261,68.837569,145.440847,,32,LMi,1,51275,,225.5277567,
1430,51437,90994,4119,,30Bet Sex,,124.0695,5.08,-0.388,B6V,-0.138,-114.678544,47.330714,-1.379402,Bet,30,Sex,1,51290,,124.5087864,Bet
1431,51459,90839,4112,Gl 395,36    UMa,,12.7796,4.82,4.287,F8V,0.541,-6.613102,2.718087,10.592404,,36,UMa,1,51312,,1.679577314,
1432,51556,91130,4124,,33    LMi,,78.0031,5.9,1.439,A0IV,0.114,-61.062741,24.715508,41.772574,,33,LMi,1,51408,,23.14195262,
1433,51585,91232,4127,,46    Leo,,212.766,5.43,-1.21,M2III,1.696,-191.364834,77.125884,51.967285,,46,Leo,1,51437,,265.4605562,
1434,51624,91316,4133,,47Rho Leo,Shaomin,100000,3.84,-16.16,B1Ib SB,-0.148,-91628.21995,36643.48097,16171.72491,Rho,47,Leo,1,51475,,253512863,
1435,51685,91365,4137,,34    LMi,,209.6436,5.57,-1.037,A2Vn,0.029,-159.669196,63.28587,120.212777,,34,LMi,1,51536,,226.360164,
1436,51718,91550,4145,,44    Hya,,244.4988,5.08,-1.861,K5III,1.596,-208.233504,82.009888,-98.452181,,44,Hya,1,51569,,483.5039206,
1437,51775,91612,4146,,48    Leo,,81.5661,5.07,0.512,G8II-III,0.921,-75.435493,29.410977,9.875057,,48,Leo,1,51626,,54.35005651,
1438,51802,91636,4148,,49    Leo,,131.406,5.67,0.077,A2V,0.059,-121.08577,47.065797,19.764205,,49,Leo,1,51653,,81.13346052,TX
1439,51814,91480,4141,,37    UMa,,26.5252,5.16,3.042,F1V,0.349,-13.438117,5.214896,22.266643,,37,UMa,1,51665,,5.286886659,
1440,51839,92305,4174,,Gam Cha,,128.041,4.11,-1.427,M0III,1.58,-23.590237,9.118277,-125.518147,Gam,,Cha,1,51690,,324.1902878,
1441,51905,91880,4156,,Phi2Hya,,232.0186,6.01,-0.818,M1III,1.638,-207.951068,79.536025,-65.292199,Phi-2,,Hya,1,51756,,185.0120435,
1442,51914,91752,4150,,35    LMi,,47.9616,6.29,2.886,F3V,0.436,-36.095158,13.791157,28.411934,,35,LMi,1,51765,,6.103795856,
1443,52085,92214,4171,,Phi3Hya,,64.5578,4.91,0.86,G8III,0.922,-57.920169,21.487818,-18.741882,Phi-3,,Hya,1,51934,,39.44573021,
1444,52098,92125,4166,,37    LMi,,177.305,4.68,-1.564,G0II,0.823,-141.042262,52.228946,93.894934,,37,LMi,1,51947,,367.7900704,
1445,52139,92168,4168,,38    LMi,,52.3286,5.84,2.246,F9V,0.595,-38.742191,14.268323,32.151929,,38,LMi,1,51988,,11.00525221,
1446,52316,92588,4182,,33    Sex,,36.8189,6.25,3.42,K1IV,0.88,-34.659242,12.375162,-1.118941,,33,Sex,1,52165,,3.732501578,
1447,52353,92424,4178,,38    UMa,,69.541,5.12,0.909,K2IIIvar,1.207,-26.956275,9.553326,63.387934,,38,UMa,1,52202,,37.70509158,
1448,52419,93030,4199,,The Car,,139.6648,2.74,-2.985,B0Vp,-0.22,-56.980945,19.910719,-125.948607,The,,Car,1,52268,,1361.444682,
1449,52422,92769,4189,,40    LMi,,48.3793,5.51,2.087,A4Vn,0.16,-40.939443,14.290408,21.454873,,40,LMi,1,52271,,12.74089686,
1450,52452,92841,4193,,35    Sex,,169.4915,5.77,-0.376,K3III+...,1.168,-159.550516,55.445349,14.028412,,35,Sex,1,52301,,123.1402412,
1451,52457,92825,4192,,41    LMi,,70.2741,5.08,0.846,A3Vn,0.042,-61.024025,21.186368,27.670908,,41,LMi,1,52306,,39.95765566,
1452,52478,92728,4187,,39    UMa,,113.3787,5.79,0.517,A0Vs,-0.038,-58.048933,20.066571,95.301382,,39,UMa,1,52327,,54.10034069,
1453,52521,93083,,GJ 1137,,Macondo,27.8552,8.3,6.075,K3V,0.945,-21.954758,7.522298,-15.405733,,,Ant,1,52370,,0.323593657,
1454,52584,93102,4201,,36    Sex,,147.0588,6.27,0.433,K4III,1.212,-139.155679,47.13029,6.383773,,36,Sex,1,52433,,58.45208404,
1455,52595,93779,4231,,Del1Cha,,106.8376,5.46,0.316,K0III,0.957,-16.757188,5.666137,-105.363112,Del-1,,Cha,1,52443,,65.10284984,
1456,52633,93845,4234,,Del2Cha,,107.5269,4.45,-0.708,B2.5IV,-0.188,-16.754133,5.623468,-106.064858,Del-2,,Cha,1,52481,,167.1860357,
1457,52638,93152,4203,,42    LMi,,117.2333,5.36,0.015,A1Vn,-0.05,-95.592901,32.047608,59.821566,,42,LMi,1,52486,,85.90135215,
1458,52685,93132,4202,,41    UMa,,214.5923,6.34,-0.318,M1III,1.568,-109.803293,36.540172,180.71497,,41,UMa,1,52533,,116.7347076,
1459,52686,93257,4208,,51    Leo,,57.2082,5.5,1.713,K3III,1.134,-51.360044,17.082951,18.522707,,51,Leo,1,52534,,17.98042695,
1460,52689,93291,4209,,52    Leo,,88.1057,5.49,0.765,G4III:,0.908,-81.051683,26.953944,21.605073,,52,Leo,1,52537,,43.05266105,
1461,52727,93497,4216,,Mu  Vel,,35.9195,2.69,-0.087,G5III SB,0.901,-22.183186,7.339648,-27.280949,Mu,,Vel,1,52575,,94.36262203,
1462,52882,93636,4223,,43    LMi,,181.1594,6.15,-0.14,K0,1.144,-150.281899,48.139016,88.976102,,43,LMi,1,52727,,99.08319449,
1463,52911,93702,4227,,53    Leo,,116.6861,5.32,-0.015,A2V,0.035,-109.293551,34.849986,21.35485,,53,Leo,1,52757,,88.30799004,
1464,52913,93742,4229,,40    Sex,,85.9845,6.61,1.938,A2IV,0.211,-81.722301,26.046389,-6.033809,,40,Sex,1,52759,,14.61503972,
1465,52943,93813,4232,,Nu  Hya,,44.0723,3.11,-0.111,K0/K1III,1.232,-40.343946,12.793047,-12.291085,Nu,,Hya,1,52789,,96.47171519,
1466,52959,93765,4230,,44    LMi,,86.6551,6.05,1.361,F5V,0.399,-72.977858,23.046439,40.647324,,44,LMi,1,52805,,24.86566051,
1467,52980,93903,4237,,41    Sex,,95.2381,5.8,0.906,A3m,0.156,-89.774172,28.176142,-14.730643,,41,Sex,1,52826,,37.80941867,
1468,53043,93859,4235,,43    UMa,,109.529,5.66,0.462,K2III,1.132,-57.62302,17.841853,91.42148,,43,UMa,1,52889,,56.91149576,
1469,53064,93875,4236,,42    UMa,,83.5422,5.57,0.96,K2III,1.16,-40.730976,12.5703,71.848793,,42,UMa,1,52910,,35.97493352,
1470,53229,94264,4247,,46    LMi,Praecipua,29.0867,3.79,1.472,K0III-IV,1.04,-23.041794,6.900625,16.355475,,46,LMi,1,53075,,22.44915508,
1471,53261,94247,4246,,44    UMa,,200.4008,5.12,-1.389,K3III,1.355,-111.287041,33.189755,163.322132,,44,UMa,1,53107,,313.040119,
1472,53295,94334,4248,,45Ome UMa,,75.5287,4.66,0.269,A1Vs,-0.039,-52.7979,15.644705,51.693196,Ome,45,UMa,1,53141,,67.98294905,
1473,53355,94480,4254,,48    LMi,,118.9061,6.19,0.814,A8V,0.291,-103.004315,30.167995,51.173047,,48,LMi,1,53200,,41.15285784,WW
1474,53417,94601,4259,,54    Leo,,87.9507,4.3,-0.421,A1,0.016,-76.740685,22.145239,36.821043,,54,Leo,1,53262,,128.3512197,
1475,53423,94672,4265,,55    Leo,,44.8632,5.91,2.651,F2III,0.425,-43.105827,12.420137,0.577002,,55,Leo,1,53268,,7.578792209,
1476,53426,94600,4258,,46    UMa,,72.6216,5.02,0.715,K1III,1.101,-58.188394,16.756789,40.089761,,46,UMa,1,53271,,45.08167045,
1477,53449,94705,4267,,56    Leo,,119.1895,5.91,0.529,M5IIIvar,1.256,-113.908698,32.649618,12.842122,,56,Leo,1,53294,,53.50569382,VY
1478,53492,94747,4270,,50    LMi,,78.4929,6.36,1.886,K0,1.036,-68.150834,19.357413,33.792481,,50,LMi,1,53337,,15.33204199,
1479,53502,94890,4273,,Iot Ant,,58.2751,4.6,0.773,K0III,1.006,-44.696342,12.665166,-35.182633,Iot,,Ant,1,53347,,42.73660315,
1480,53524,95086,,,,Aiolos,90.4159,7.36,2.579,A8III,0.23,-31.65874,8.921182,-84.220969,,,Car,1,53369,,8.098414473,
1481,53702,96124,4312,,Eta Oct,,105.4852,6.19,1.074,A1V,0.1,-9.590886,2.604462,-105.015968,Eta,,Oct,1,53546,,32.3891835,
1482,53721,95128,4277,Gl 407,47    UMa,Chalawan,14.0627,5.03,4.29,G0V,0.624,-10.333319,2.794615,9.120037,,47,UMa,1,53565,,1.674942876,
1483,53740,95272,4287,,7Alp Crt,Alkes,48.8043,4.08,0.638,K1III,1.079,-44.746057,12.036889,-15.32333,Alp,7,Crt,1,53584,,48.39494493,
1484,53807,95345,4291,,58    Leo,,110.4972,4.84,-0.377,K1III,1.144,-106.589011,28.281073,6.971851,,58,Leo,1,53651,,123.2537098,
1485,53824,95382,4294,,59    Leo,,46.3607,4.98,1.649,A5III,0.166,-44.565858,11.785895,4.927631,,59,Leo,1,53669,,19.07216521,
1486,53838,95310,4288,,49    UMa,,115.4734,5.06,-0.252,Am,0.255,-86.505796,22.839537,73.001474,,49,UMa,1,53682,,109.8499845,
1487,53907,95578,4299,,61    Leo,,179.2115,4.73,-1.537,K5III,1.593,-173.306253,44.95891,-7.76892,,61,Leo,1,53751,,358.756683,
1488,53910,95418,4295,GJ 9343,48Bet UMa,Merak,24.4499,2.34,0.399,A1V,0.033,-13.103033,3.398358,20.360601,Bet,48,UMa,1,53754,,60.31148196,
1489,53954,95608,4300,,60    Leo,,38.8651,4.42,1.472,A1m,0.053,-35.330409,9.082879,13.407184,,60,Leo,1,53798,,22.44915508,
1490,54035,95735,,Gl 411,,Lalande 21185,2.5469,7.49,10.46,M2V,1.502,-1.998,0.504305,1.495504,,,UMa,1,53879,,0.005701643,
1491,54049,95849,4306,,62    Leo,,185.8736,5.95,-0.396,K3III,1.218,-180.275484,45.273818,-0.002702,,62,Leo,1,53893,,125.4295892,
1492,54061,95689,4301,,50Alp UMa,Dubhe,37.679,1.81,-1.07,F7V comp,1.061,-17.298705,4.33488,33.191332,Alp,50,UMa,1,53905,,233.3458062,
1493,54136,95934,4309,,51    UMa,,78.8644,6.01,1.526,A3III-IV,0.165,-60.134917,14.848356,48.815176,,51,UMa,1,53980,,21.3599386,
1494,54158,96063,,,,Dingolay,157.9779,8.21,2.217,K0,0.856,-153.260473,37.686294,-6.927309,,,Leo,1,54001,,11.30316325,
1495,54182,96097,4310,,63Chi Leo,,28.9939,4.62,2.308,F2III-IVvar,0.332,-27.933018,6.832954,3.702177,Chi,63,Leo,1,54024,,10.39441375,
1496,54204,96202,4314,GJ 3642A,Chi1Hya,,43.2339,4.92,1.741,F3IV/V,0.369,-37.332873,9.078033,-19.825005,Chi-1,,Hya,1,54046,GJ 3642,17.52265862,
1497,54255,96314,4317,,Chi2Hya,,212.3142,5.69,-0.945,B8V,-0.067,-183.465713,44.080514,-97.337937,Chi-2,,Hya,1,54097,,207.9696687,Chi-2
1498,54336,96436,4319,,65    Leo,,63.2111,5.52,1.516,G9IIICN...,0.955,-61.486915,14.505587,2.157015,,65,Leo,1,54178,,21.55757968,
1499,54388,96528,4322,,64    Leo,,77.4593,6.48,2.035,A5m,0.164,-69.28275,16.102923,30.668173,,64,Leo,1,54229,,13.36595517,
1500,54487,96738,4332,,67    Leo,,141.2429,5.7,-0.05,A3IV,0.081,-125.175384,28.42871,58.927696,,67,Leo,1,54328,,91.20108394,
1501,54539,96833,4335,,52Psi UMa,,44.3066,3,-0.232,K1III,1.144,-30.843315,6.88533,31.054046,Psi,52,UMa,1,54380,,107.8449963,
1502,54682,97277,4343,Gl 416.1,11Bet Crt,,104.2753,4.46,-0.631,A1V,0.025,-93.979241,20.122462,-40.451687,Bet,11,Crt,1,54522,,155.7399389,
1503,54742,97411,4347,,Psi Crt,,153.8462,6.11,0.175,A0V,-0.004,-142.774694,30.018254,-48.815805,Psi,,Crt,1,54583,,74.13102413,
1504,54849,97585,4356,,69    Leo,,161.8123,5.4,-0.645,A0V,-0.02,-158.529815,32.426753,-0.196284,,69,Leo,1,54688,,157.761127,
1505,54872,97603,4357,Gl 419,68Del Leo,Zosma,17.9147,2.56,1.294,A4V,0.128,-16.442201,3.337108,6.280742,Del,68,Leo,1,54712,,26.44843627,
1506,54879,97633,4359,,70The Leo,Chertan,50.6073,3.33,-0.191,A2V,-0.003,-47.814213,9.675761,13.464276,The,70,Leo,1,54718,,103.8484455,
1507,54951,97778,4362,,72    Leo,,294.1176,4.56,-2.783,M3III,1.657,-265.39327,52.544691,115.372069,,72,Leo,1,54789,,1130.316325,
1508,55016,97907,4365,,73    Leo,,118.4834,5.31,-0.058,K3III,1.189,-113.170689,22.067345,27.272362,,73,Leo,1,54853,,91.87556017,
1509,55084,98058,4368,,74Phi Leo,,56.4653,4.45,0.691,A7IVn,0.21,-55.346129,10.592461,-3.596235,Phi,74,Leo,1,54921,,46.0892881,
1510,55137,98118,4371,,75    Leo,,101.833,5.18,0.141,M0III comp,1.511,-100.007703,18.855977,3.572652,,75,Leo,1,54974,,76.4891791,
1511,55174,98219,,,,Hunahpú,134.2282,8.05,2.411,K0III/IV,0.962,-120.572962,22.459787,-54.542905,,,Crt,1,55011,,9.45366046,
1512,55219,98262,4377,,54Nu  UMa,Alula Borealis,122.399,3.49,-1.949,K3III SB,1.4,-100.864256,18.476143,66.832099,Nu,54,UMa,1,55055,,524.3243172,
1513,55249,98366,4381,,76    Leo,,90.2527,5.9,1.123,K0III:,1.04,-88.769641,16.085774,2.599355,,76,Leo,1,55085,,30.95993213,
1514,55266,98353,4380,,55    UMa,,58.8235,4.76,0.912,A2V,0.113,-45.502825,8.201254,36.365276,,55,UMa,1,55102,,37.60105237,
1515,55282,98430,4382,,12Del Crt,,56.9476,3.56,-0.217,K0III,1.112,-54.199405,9.717642,-14.52639,Del,12,Crt,1,55118,,106.3653075,
1516,55425,98718,4390,,Pi  Cen,,109.6491,3.9,-1.3,B5Vn,-0.157,-62.768014,10.783606,-89.257117,Pi,,Cen,1,55260,,288.4031503,
1517,55434,98664,4386,,77Sig Leo,,67.4764,4.05,-0.096,B9.5Vs,-0.058,-66.140622,11.324464,7.087542,Sig,77,Leo,1,55269,,95.14807364,
1518,55560,98839,4392,,56    UMa,,163.3987,4.99,-1.076,G8II,0.998,-117.003029,19.146141,112.440475,,56,UMa,1,55395,,234.6388924,
1519,55598,98991,4395,,13Lam Crt,,42.8816,5.08,1.919,F3IV,0.439,-40.08116,6.462169,-13.805111,Lam,13,Crt,1,55433,,14.8730487,
1520,55642,99028,4399,,78Iot Leo,,23.6742,4,2.129,F2IV SB,0.423,-22.987695,3.648687,4.326252,Iot,78,Leo,1,55476,,12.25744632,
1521,55650,99055,4400,,79    Leo,,108.4599,5.39,0.214,G8IIICN...,0.938,-107.095026,16.943608,2.664605,,79,Leo,1,55484,,71.51547047,
1522,55664,99109,,,,Shama,49.9251,9.1,5.608,K0,0.874,-49.302696,7.744997,-1.332214,,,Leo,1,55498,,0.497507921,
1523,55687,99167,4402,,14Eps Crt,,115.3403,4.81,-0.5,K5III,1.556,-111.927049,17.422325,-21.729917,Eps,14,Crt,1,55521,,138.0384265,
1524,55705,99211,4405,,15Gam Crt,,25.2398,4.06,2.05,A9V,0.216,-23.765377,3.670362,-7.667025,Gam,15,Crt,1,55539,,13.18256739,
1525,55765,99285,4408,,81    Leo,,43.9174,5.58,2.367,F2V,0.39,-41.645081,6.29707,12.441316,,81,Leo,1,55599,,9.84464364,
1526,55791,99329,4410,,80    Leo,,55.9284,6.35,2.612,F3IV,0.345,-55.182583,8.2879,3.765136,,80,Leo,1,55625,,7.855973323,KV
1527,55846,99491,4414,Gl 429A,83    Leo,,17.7462,6.49,5.244,K0IV,0.778,-17.535582,2.561653,0.932819,,83,Leo,1,55679,Gl 429,0.695664754,
1528,55874,99564,4416,,16Kap Crt,,70.0771,5.93,1.702,F4III-IV,0.49,-67.752133,9.775723,-14.996371,Kap,16,Crt,1,55707,,18.16351931,
1529,55945,99648,4418,,84Tau Leo,,172.4138,4.95,-1.233,G8II-III,1,-170.517134,24.012169,8.591477,Tau,84,Leo,1,55779,,271.1440009,
1530,56034,99787,4422,,57    UMa,,65.2316,5.3,1.228,A2V,0.019,-49.993289,6.788525,41.348952,,57,UMa,1,55867,,28.106062,
1531,56080,99902,4426,,85    Leo,,134.2282,5.74,0.101,K4III,1.371,-128.270834,17.059489,35.67502,,85,Leo,1,55913,,79.35969682,
1532,56127,99998,4432,,87    Leo,,185.1852,4.77,-1.568,K4III,1.529,-183.381869,23.886401,-9.703152,,87,Leo,1,55959,,369.1475582,
1533,56146,100006,4433,,86    Leo,,96.5251,5.54,0.617,K0III,1.056,-90.826877,11.762564,30.483799,,86,Leo,1,55979,,49.34009712,
1534,56148,99984,4431,,58    UMa,,53.4188,5.94,2.302,F4V,0.524,-38.635633,4.997519,36.549312,,58,UMa,1,55981,,10.45201441,
1535,56211,100029,4434,,1Lam Dra,Giausar,102.145,3.82,-1.226,M0IIIvar,1.613,-35.773586,4.486959,95.570558,Lam,1,Dra,1,56044,,269.4014941,
1536,56242,100180,4437,GJ 3669A,88    Leo,,23.3263,6.27,4.431,G0V,0.57,-22.425551,2.778437,5.787008,,88,Leo,1,56075,GJ 3669,1.470957077,
1537,56243,100261,4441,,Omi1Cen,,100000,5.07,-14.93,G0Ia,1.026,-50455.67656,6247.073607,-86111.54823,Omi-1,,Cen,1,56076,,81658237.14,Omi-1
1538,56250,100262,4442,,Omi2Cen,,100000,5.12,-14.88,A3Ia,0.432,-50347.11475,6223.478814,-86176.77366,Omi-2,,Cen,1,56083,,77983011.05,Omi-2
1539,56343,100407,4450,,Xi  Hya,,39.7456,3.54,0.544,G8III,0.947,-33.524411,3.96759,-20.978114,Xi,,Hya,1,56174,,52.77156818,
1540,56445,100563,4455,GJ 9367,89    Leo,,27.2257,5.76,3.585,F5V,0.48,-27.017021,3.034523,1.453434,,89,Leo,1,56276,,3.206269325,
1541,56473,100600,4456,,90    Leo,,581.3953,5.95,-2.872,B4V,-0.156,-553.204482,61.298666,168.011808,,90,Leo,1,56304,,1226.874105,
1542,56508,100655,4459,,,Formosa,122.2494,6.45,1.014,G9III,1.01,-113.87372,12.439743,42.695774,,,Leo,1,56339,,34.22945623,
1543,56561,100841,4467,,Lam Cen,,128.7001,3.11,-2.438,B9II:,-0.044,-58.063196,6.158685,-114.692848,Lam,,Cen,1,56392,,822.6213939,
1544,56572,100777,,,,Sagarmatha,49.6032,8.42,4.942,K0,0.76,-49.158438,5.1974,-4.112467,,,Leo,1,56403,,0.918755602,
1545,56583,100696,4461,,2    Dra,,72.8332,5.19,0.878,K0III,0.974,-25.577066,2.683,68.141673,,2,Dra,1,56414,,38.79716573,
1546,56633,100889,4468,,21The Crt,,85.9845,4.7,0.028,B9.5Vn,-0.073,-84.291063,8.605864,-14.638702,The,21,Crt,1,56464,,84.8789503,
1547,56647,100920,4471,,91Ups Leo,,55.6483,4.3,0.573,G9III,0.983,-55.361348,5.587078,-0.800036,Ups,91,Leo,1,56478,,51.38069802,
1548,56675,101132,4479,,Pi  Cha,,41.511,5.64,2.549,F1III,0.362,-10.065361,1.001969,-40.259661,Pi,,Cha,1,56506,,8.325302067,
1549,56770,101107,4477,,59    UMa,,46.49,5.56,2.223,F2II-III,0.348,-33.502388,3.17534,32.075363,,59,UMa,1,56601,,11.24087193,
1550,56779,101153,4483,,1Ome Vir,,152.439,5.24,-0.675,M4III,1.499,-150.239364,14.162035,21.569187,Ome,1,Vir,1,56610,,162.1810097,Ome
1551,56789,101133,4480,,60    UMa,,99.2063,6.09,1.107,F5IIIs,0.401,-67.571249,6.340204,72.358658,,60,UMa,1,56620,,31.41955285,
1552,56802,101198,4488,GJ 3677A,24Iot Crt,,26.7308,5.48,3.345,F7V,0.52,-25.911468,2.418907,-6.104835,Iot,24,Crt,1,56633,GJ 3677,3.999447498,
1553,56922,101431,4494,,Omi Hya,,137.5516,4.7,-0.992,B9V,-0.07,-112.605217,9.746158,-78.393462,Omi,,Hya,1,56753,,217.1700843,
1554,56975,101484,4495,,92    Leo,,82.7815,5.26,0.67,K1III,0.984,-76.82833,6.456703,30.141479,,92,Leo,1,56805,,46.98941086,
1555,56997,101501,4496,Gl 434,61    UMa,,9.6117,5.31,5.396,G8Vvar,0.723,-7.922294,0.656542,5.402774,,61,UMa,1,56828,,0.604783592,
1556,57029,101606,4501,,62    UMa,,41.1523,5.73,2.658,F4V,0.44,-34.882602,2.811032,21.652656,,62,UMa,1,56859,,7.530087105,
1557,57087,,,Gl 436,,Noquisi,10.141,10.67,10.64,M3,1.493,-9.031878,0.703493,4.557621,,,Leo,1,56916,,0.004830588,
1558,57111,101673,4504,,3    Dra,,184.5018,5.32,-1.01,K3III,1.267,-72.633108,5.56564,169.512181,,3,Dra,1,56940,,220.8004733,
1559,57283,102070,4514,,27Zet Crt,,108.2251,4.71,-0.462,G8III,0.958,-102.494591,6.824337,-34.072715,Zet,27,Crt,1,57111,,133.2907464,
1560,57291,102117,,,,Uklun,39.6983,7.47,4.476,G6V,0.721,-20.576736,1.363005,-33.921898,,,Cen,1,57119,,1.411237148,
1561,57328,102124,4515,,2Xi  Vir,,37.4111,4.84,1.975,A4V,0.174,-36.946879,2.37565,5.373462,Xi,2,Vir,1,57156,,14.12537545,
1562,57363,102249,4520,,Lam Mus,,38.9864,3.63,0.675,A7III,0.16,-15.372609,0.966692,-35.814787,Lam,,Mus,1,57190,,46.77351413,
1563,57370,102195,,,,Flegetonte,29.6384,8.07,5.711,K0,0.835,-29.544905,1.845236,1.458929,,,Vir,1,57197,,0.452480638,
1564,57380,102212,4517,,3Nu  Vir,,90.0901,4.04,-0.733,M0III,1.501,-89.335882,5.519063,10.244433,Nu,3,Vir,1,57208,,171.0802988,Nu
1565,57399,102224,4518,,63Chi UMa,Taiyangshou,56.3063,3.69,-0.063,K0III,1.181,-37.766969,2.301619,41.698309,Chi,63,UMa,1,57226,,92.29963848,
1566,57548,,,Gl 447,,Ross 128,3.3553,11.12,13.491,M4.5V,1.746,-3.349892,0.179372,0.047111,,,Vir,1,57375,,0.000349623,
1567,57562,102510,4528,,4    Vir,,59.1716,5.31,1.449,A1,0.038,-58.478461,3.086474,8.486491,,4,Vir,1,57389,,22.92978592,
1568,57565,102509,4527,,93    Leo,,71.3267,4.5,0.234,A comp SB,0.547,-66.839525,3.507123,24.651099,,93,Leo,1,57392,,70.21016602,
1569,57581,102584,4530,,Mu  Mus,,131.7523,4.75,-0.849,K4III,1.522,-51.803121,2.659983,-121.112002,Mu,,Mus,1,57408,,190.3706532,Mu
1570,57632,102647,4534,Gl 448,94Bet Leo,Denebola,10.9999,2.14,1.933,A3Vvar,0.09,-10.633926,0.508011,2.767546,Bet,94,Leo,1,57459,,14.68249968,
1571,57757,102870,4540,Gl 449,5Bet Vir,Zavijava,10.929,3.59,3.397,F8V,0.518,-10.914853,0.443379,0.336562,Bet,5,Vir,1,57584,,3.812413511,
1572,57820,102956,,,,Aniara,126.2626,7.86,2.354,K0III,0.971,-67.531225,2.542591,106.655113,,,UMa,1,57647,,9.96322642,
1573,57936,103192,4552,,Bet Hya,,94.9668,4.29,-0.598,Ap Si,-0.1,-78.778366,2.438319,-52.978439,Bet,,Hya,1,57763,,151.0775732,Bet
1574,57939,103095,4550,Gl 451A,,Groombridge 1830,9.0917,6.42,6.627,G8Vp,0.754,-7.187679,0.220247,5.561623,,,UMa,1,57767,Gl 451,0.194625616,CF
1575,58001,103287,4554,,64Gam UMa,Phecda,25.5037,2.41,0.377,A0V SB,0.044,-15.094867,0.406425,20.552678,Gam,64,UMa,1,57828,,61.54602374,
1576,58110,103484,4559,,6    Vir,,52.5762,5.58,1.976,K0III:,0.937,-51.994067,1.122661,7.720366,,6,Vir,1,57937,,14.11237148,
1577,58112,103483,4560,,65    UMa,,211.8644,6.54,-0.09,A3Vn,0.117,-145.866469,3.121805,153.622007,,65,UMa,1,57939,,94.62371614,DN
1578,58117,103498,4561,,65    UMa,,296.7359,7.03,-0.332,A1spe...,0.015,-204.327933,4.290006,215.136814,,65,UMa,1,57944,,118.249687,
1579,58159,103578,4564,,95    Leo,,151.7451,5.53,-0.376,A3V,0.116,-146.095614,2.756995,40.926628,,95,Leo,1,57986,,123.1402412,
1580,58181,103605,4566,,66    UMa,,94.8767,5.83,0.944,K1III,1.101,-52.221791,0.917553,79.206394,,66,UMa,1,58007,,36.50900525,
1581,58188,103632,4567,,30Eta Crt,,77.101,5.17,0.735,A0V,-0.022,-73.661453,1.280657,-22.736208,Eta,30,Crt,1,58014,,44.25883724,
1582,58484,104174,4583,,Eps Cha,,110.8647,4.88,-0.344,B9Vn,-0.054,-22.630021,0.036908,-108.530587,Eps,,Cha,1,58309,,119.56388,
1583,58510,104181,4585,,7    Vir,,93.633,5.36,0.503,A1V,-0.001,-93.4425,0.020982,5.969285,,7,Vir,1,58334,,54.80245322,
1584,58590,104321,4589,,8Pi  Vir,,117.7856,4.65,-0.705,A5V,0.122,-117.000681,-0.445765,13.567178,Pi,8,Vir,1,58415,,166.7247213,
1585,58684,104513,4594,,67    UMa,,34.27,5.22,2.545,A7m,0.283,-25.043857,-0.230917,23.392061,,67,UMa,1,58509,,8.356030182,DP
1586,58758,104671,4599,,The1Cru,,72.0461,4.32,0.032,Am,0.28,-32.354329,-0.427074,-64.371212,The-1,,Cru,1,58583,,84.56682001,
1587,58858,104827,4602,,2    Com,,101.0101,5.89,0.868,F0IV-V,0.248,-93.991624,-1.754119,36.953334,,2,Com,1,58683,,39.15615148,
1588,58867,104841,4603,,The2Cru,,261.7801,4.72,-2.37,B2IV,-0.081,-118.149652,-2.227465,-233.590654,The-2,,Cru,1,58693,,772.6805851,The-2
1589,58905,104902,4605,,Kap Cha,,146.1988,5.04,-0.785,K4III,1.491,-34.074738,-0.70997,-142.170644,Kap,,Cha,1,58730,,179.4733627,
1590,58948,104979,4608,GJ 3703,9Omi Vir,,50.0501,4.12,0.623,G8III,0.967,-49.456789,-1.124272,7.599057,Omi,9,Vir,1,58773,,49.06818568,
1591,58952,104985,4609,,,Tonatiuh,97.0874,5.78,0.844,G9III,1.029,-21.989708,-0.504005,94.562822,,,Cam,1,58777,,40.03132822,
1592,59072,105211,4616,Gl 455.2,Eta Cru,,19.755,4.14,2.662,F2III,0.353,-8.465553,-0.254271,-17.847491,Eta,,Cru,1,58895,,7.502396279,
1593,59196,105435,4621,,Del Cen,,127.2265,2.58,-2.943,B2IVne,-0.128,-80.490795,-2.936809,-98.48459,Del,,Cen,1,59016,,1309.784962,Del
1594,59199,105452,4623,Gl 455.3,1Alp Crv,Alchiba,14.9365,4.02,3.149,F0IV/V,0.334,-13.557668,-0.497944,-6.248321,Alp,1,Crv,1,59020,,4.7907113,
1595,59285,105639,4626,,10    Vir,,73.046,5.95,1.632,K3III,1.12,-72.940732,-3.085337,2.419164,,10,Vir,1,59104,,19.37313925,
1596,59309,105702,4629,,11    Vir,,44.0529,5.72,2.5,Am,0.352,-43.784566,-1.922579,4.457175,,11,Vir,1,59127,,8.7096359,
1597,59316,105707,4630,,2Eps Crv,,97.4659,3.02,-1.924,K2III,1.326,-89.88085,-3.973272,-37.486747,Eps,2,Crv,1,59134,,512.3892387,
1598,59352,105778,4632,,3    Com,,224.2152,6.4,-0.353,A4V,0.07,-214.408605,-9.855431,64.840021,,3,Com,1,59170,,120.5591008,
1599,59394,105850,4635,,3    Crv,,58.8235,5.45,1.602,A1V,0.055,-53.839958,-2.601186,-23.55225,,3,Crv,1,59212,,19.91590289,
1600,59449,105937,4638,,Rho Cen,,116.144,3.97,-1.355,B3V,-0.156,-70.823795,-3.603843,-91.980772,Rho,,Cen,1,59267,,303.3891184,
1601,59458,106002,4641,,68    UMa,,271.7391,6.34,-0.831,K5III,1.505,-147.58928,-7.572381,228.040286,,68,UMa,1,59276,,187.2405896,
1602,59468,105981,4640,,4    Com,,271.7391,5.66,-1.511,K4III,1.401,-244.179807,-12.639811,118.5694,,4,Com,1,59286,,350.2676269,
1603,59501,106057,4643,,5    Com,,130.3781,5.6,0.024,K0II-III,0.961,-121.916115,-6.471949,45.748938,,5,Com,1,59319,,85.19223264,
1604,59608,106251,4650,GJ 3716,12    Vir,,50.1756,5.85,2.348,A2m,0.262,-49.288153,-2.892066,8.939063,,12,Vir,1,59426,,10.01843766,
1605,59747,106490,4656,,Del Cru,Imai,105.8201,2.79,-2.333,B2IV,-0.193,-54.778605,-3.62525,-90.466,Del,,Cru,1,59565,,746.7925899,Del
1606,59774,106591,4660,Gl 459,69Del UMa,Megrez,24.6853,3.32,1.358,A3Vvar,0.077,-13.402309,-0.903455,20.710384,Del,69,UMa,1,59592,,24.93446188,
1607,59803,106625,4662,,4Gam Crv,Gienah,47.1032,2.58,-0.785,B8III,-0.107,-44.805937,-3.095058,-14.197066,Gam,4,Crv,1,59621,,179.4733627,
1608,59819,106661,4663,,6    Com,,60.9013,5.09,1.167,A3V,0.068,-58.710479,-4.106236,15.65879,,6,Com,1,59637,,29.7303485,
1609,59831,106690,4666,,2    CVn,,236.4066,5.69,-1.178,M1III,1.586,-178.891202,-12.607989,154.035676,,2,CVn,1,59649,,257.750787,
1610,59847,106714,4667,,7    Com,,76.4526,4.93,0.513,K0III,0.957,-69.694731,-4.978144,31.029412,,7,Com,1,59665,,54.30002131,
1611,59929,106849,4671,,Eps Mus,,92.4214,4.06,-0.769,M5III,1.603,-34.578526,-2.656314,-85.667942,Eps,,Mus,1,59746,,176.8479378,Eps
1612,60000,106911,4674,,Bet Cha,,91.4913,4.24,-0.567,B5Vn,-0.123,-16.913371,-1.356886,-89.904352,Bet,,Cha,1,59816,,146.8249968,
1613,60009,106983,4679,,Zet Cru,,109.6491,4.06,-1.14,B2.5V,-0.168,-47.906339,-3.862337,-98.554663,Zet,,Cru,1,59826,,248.8857318,
1614,60030,107070,4681,,13    Vir,,114.5475,5.9,0.605,A5Vn,0.168,-114.156647,-9.321179,-1.573712,,13,Vir,1,59846,,49.88844875,
1615,60087,107168,4685,,8    Com,,85.6898,6.26,1.595,A8m,0.177,-78.577582,-6.639736,33.529403,,8,Com,1,59903,,20.04472027,
1616,60098,107213,4688,,9    Com,,54.4662,6.38,2.699,F8Vs,0.523,-47.846951,-4.079243,25.701909,,9,Com,1,59914,,7.251034976,
1617,60122,107274,4690,,3    CVn,,180.8318,5.28,-1.006,M0III,1.623,-118.230996,-10.246066,136.442718,,3,CVn,1,59938,,219.9885109,
1618,60129,107259,4689,,15Eta Vir,Zaniah,81.367,3.89,-0.662,A2IV,0.026,-81.054806,-7.05786,-0.946921,Eta,15,Vir,1,59945,,160.2507239,
1619,60172,107328,4695,,16    Vir,,94.4287,4.97,0.094,K1III,1.172,-93.89987,-8.35956,5.456403,,16,Vir,1,59988,,79.87300061,
1620,60189,107348,4696,,5Zet Crv,,127.3885,5.2,-0.326,B8V,-0.09,-117.457589,-10.565827,-48.165282,Zet,5,Crv,1,60003,,117.5980174,
1621,60202,107383,4697,,11    Com,,88.8889,4.72,-0.024,G8III,1.01,-84.291909,-7.640422,27.1625,,11,Com,1,60017,,89.04304436,
1622,60212,107465,4701,,70    UMa,,194.9318,5.54,-0.909,K5III,1.452,-103.260954,-9.419308,165.065771,,70,UMa,1,60027,,201.1870395,
1623,60260,107446,4700,,Eps Cru,Ginan,70.4722,3.59,-0.65,K3/K4III,1.389,-34.656852,-3.239447,-61.275879,Eps,,Cru,1,60075,,158.4893192,
1624,60320,107566,4703,,Zet2Mus,,101.1122,5.15,0.126,Am,0.195,-38.477906,-3.725728,-93.430273,Zet-2,,Mus,1,60135,,77.55324958,
1625,60329,107567,4704,,Zet1Mus,,100.2004,5.73,0.726,K0III,1.038,-36.863322,-3.582087,-93.104351,Zet-1,,Mus,1,60144,,44.62723708,
1626,60351,107700,4707,,12    Com,,90.3342,4.78,0.001,F8:p...,0.515,-80.90623,-7.970422,39.381767,,12,Com,1,60166,,87.01617722,
1627,60353,107705,4708,,17    Vir,,29.9222,6.46,4.08,F8V,0.567,-29.650155,-2.924725,2.766766,,17,Vir,1,60168,,2.032357011,
1628,60425,107815,4711,,6    Crv,,101.5228,5.66,0.627,K1III,1.153,-91.651694,-9.374195,-42.649347,,6,Crv,1,60240,,48.88774439,
1629,60467,107904,4715,,4    CVn,,95.1475,6.03,1.138,F3IV,0.366,-69.724982,-7.261814,64.333033,,4,CVn,1,60281,,30.53514594,AI
1630,60485,107950,4716,,5    CVn,,118.4834,4.76,-0.608,G7III,0.877,-73.252449,-7.707192,92.80608,,5,CVn,1,60299,,152.4754768,
1631,60514,107966,4717,,13    Com,,81.103,5.17,0.625,A3V,0.082,-72.424296,-7.710745,35.678618,,13,Com,1,60328,,48.97788194,GN
1632,60584,108135,4726,,71    UMa,,263.1579,5.82,-1.281,M3III,1.622,-143.320079,-15.729942,220.145235,,71,UMa,1,60398,,283.4001006,
1633,60644,108147,,,,Tupã,38.0807,6.99,4.086,F8/G0V,0.537,-16.574938,-1.871712,-34.233139,,,Cru,1,60457,,2.021156767,
1634,60646,108225,4728,,6    CVn,,80.1925,5.01,0.489,G8III-IV,0.955,-61.908979,-7.012314,50.486999,,6,CVn,1,60459,,55.51367774,
1635,60697,108283,4733,,14    Com,,84.6024,4.92,0.283,F0p,0.277,-74.702206,-8.643693,38.761154,,14,Com,1,60509,,67.11197197,
1636,60718,108248,4730,,Alp1Cru,Acrux,98.7167,0.77,-4.202,B0.5IV,-0.243,-44.363755,-5.171957,-88.034513,Alp-1,,Cru,1,60530,,4176.37993,
1637,60742,108381,4737,,15Gam Com,,51.2821,4.35,0.8,K2IIICN+...,1.128,-44.854517,-5.296552,24.287368,Gam,15,Com,1,60554,,41.68693835,
1638,60746,108382,4738,,16    Com,,85.1789,4.98,0.328,A4V,0.088,-75.485835,-8.930421,38.439359,,16,Com,1,60558,,64.38726829,
1639,60795,108502,4745,,73    UMa,,127.8772,5.68,0.146,M2III,1.582,-71.517569,-8.649849,105.655264,,73,UMa,1,60607,,76.13774325,
1640,60823,108483,4743,,Sig Cen,,126.2626,3.91,-1.596,B3V,-0.192,-80.166328,-9.857284,-97.048731,Sig,,Cen,1,60635,,378.7913038,
1641,60904,108662,4752,,17    Com,,72.8863,5.29,0.977,A0p,-0.056,-65.037311,-8.248342,31.851561,,17,Com,1,60715,,35.41604004,AI
1642,60936,,,,,3C 273,100000,12.88,-7.12,,0.12,-99130.70606,-12660.05862,3581.344963,,,Vir,1,60731,,61376.20052,
1643,60941,108722,4753,,18    Com,,61.6143,5.47,1.522,F5III,0.445,-55.776217,-7.207121,25.167848,,18,Com,1,60752,,21.43877666,
1644,60957,108765,4756,,20    Com,,84.0336,5.68,1.058,A3V,0.093,-77.847357,-10.152283,29.972631,,20,Com,1,60768,,32.8700224,
1645,60965,108767,4757,,7Del Crv,Algorab,26.6312,2.94,0.813,B9.5V,-0.012,-25.316094,-3.317674,-7.57057,Del,7,Crv,1,60776,,41.19077849,
1646,60978,108844,4760,,74    UMa,,83.7521,5.37,0.755,A5e...,0.205,-43.503536,-5.718738,71.338371,,74,UMa,1,60789,,43.45102242,
1647,60988,108845,4761,,7    CVn,,44.7628,6.21,2.955,F7V,0.536,-27.604857,-3.640026,35.049188,,7,CVn,1,60799,,5.72796031,
1648,60992,108861,4762,,75    UMa,,119.7605,6.07,0.678,G8III-IV,0.988,-61.562943,-8.124315,102.403811,,75,UMa,1,60804,,46.64445252,
1649,60998,108907,4765,,4    Dra,,190.4762,5.01,-1.389,M3IIIa,1.621,-67.052976,-8.86072,178.06326,,4,Dra,1,60809,,313.040119,CQ
1650,61071,108945,4766,,21    Com,,82.713,5.47,0.882,A2pvar,0.056,-74.537844,-10.147249,34.388737,,21,Com,1,60879,,38.65449466,UU
1651,61084,108903,4763,,Gam Cru,Gacrux,27.1518,1.59,-0.579,M4III,1.6,-14.606901,-1.998688,-22.800748,Gam,,Cru,1,60893,,148.4567675,
1652,61174,109085,4775,Gl 471.2,8Eta Crv,,18.2815,4.3,2.99,F2V,0.388,-17.384353,-2.448661,-5.09915,Eta,8,Crv,1,60983,,5.54625713,
1653,61177,109246,,,,Funi,66.0502,8.75,4.651,G0,0.645,-17.489575,-2.467324,63.644764,,,Dra,1,60986,,1.201157618,
1654,61199,109026,4773,,Gam Mus,,99.6016,3.84,-1.151,B5V,-0.157,-30.252522,-4.314584,-94.79796,Gam,,Mus,1,61008,,251.420103,Gam
1655,61246,109217,4777,,20    Vir,,144.9275,6.29,0.484,G8III,0.953,-141.114028,-20.490727,25.902586,,20,Vir,1,61053,,55.76991724,
1656,61281,109387,4787,,5Kap Dra,,150.3759,3.85,-2.036,B6IIIp,-0.116,-51.400013,-7.563147,141.115978,Kap,5,Dra,1,61088,,568.0675741,Kap
1657,61295,109307,4780,,22    Com,,89.0472,6.28,1.532,A4V,0.114,-80.299587,-11.84699,36.620105,,22,Com,1,61102,,21.24222477,
1658,61317,109358,4785,Gl 475,8Bet CVn,Chara,8.4395,4.24,4.608,G0V,0.588,-6.266213,-0.929293,5.576481,Bet,8,CVn,1,61124,,1.249683397,
1659,61318,109309,4781,,21    Vir,,79.2393,5.48,0.985,A0V,-0.035,-77.315936,-11.478783,-13.012868,,21,Vir,1,61125,,35.15604405,
1660,61359,109379,4786,,9Bet Crv,Kraz,44.6628,2.65,-0.6,G5II,0.893,-40.529889,-6.127261,-17.73539,Bet,9,Crv,1,61166,,151.3561248,
1661,61384,109551,4795,,6    Dra,,184.5018,4.95,-1.38,K2III,1.312,-62.314914,-9.517033,173.398985,,6,Dra,1,61191,,310.4559588,
1662,61394,109485,4789,,23    Com,Phyllon Kissinou,95.057,4.8,-0.09,A0IV,0.012,-86.726287,-13.290876,36.574715,,23,Com,1,61202,,94.62371614,
1663,61415,109510,4791,,24    Com,,51.8403,6.57,2.997,A7m,0.265,-48.620564,-7.506449,16.343663,,24,Com,1,61222,,5.510614111,
1664,61418,109511,4792,,24    Com,,138.1215,5.03,-0.671,K2III,1.152,-129.54084,-20.01308,43.545448,,24,Com,1,61225,,161.5846121,
1665,61558,109704,4799,,25    Vir,,69.0131,5.88,1.685,A3V,0.072,-67.773199,-10.973598,-7.012427,,25,Vir,1,61365,,18.45015419,
1666,61571,109742,4801,,25    Com,,194.5525,5.7,-0.745,K5III,1.436,-183.547736,-29.869795,57.172298,,25,Com,1,61378,,172.9816359,
1667,61585,109668,4798,,Alp Mus,,96.7118,2.69,-2.237,B2IV-V,-0.176,-33.992375,-5.563974,-90.370102,Alp,,Mus,1,61392,,683.5967668,Alp
1668,61622,109787,4802,,Tau Cen,,40.2414,3.85,0.827,A2V,0.049,-26.283342,-4.363283,-30.158275,Tau,,Cen,1,61429,,40.66305463,
1669,61692,109980,4811,,9    CVn,,67.8426,6.35,2.192,A7Vn,0.204,-50.566292,-8.636934,44.39655,,9,CVn,1,61499,,11.56644774,
1670,61724,110024,4815,,26    Com,,83.8223,5.49,0.873,G9III,0.978,-77.084954,-13.287805,30.124584,,26,Com,1,61531,,38.97624531,
1671,61740,110014,4813,,26Chi Vir,,90.009,4.66,-0.111,K2III,1.24,-87.830127,-15.189098,-12.519906,Chi,26,Vir,1,61547,,96.47171519,
1672,61932,110304,4819,,Gam Cen,,39.9042,2.2,-0.805,A1IV,-0.023,-25.771821,-4.720403,-30.097707,Gam,,Cen,1,61739,,182.8100216,
1673,61936,110462,4833,,76    UMa,,160,6.02,-0.001,A2III,0.051,-72.148508,-13.230397,142.195421,,76,UMa,1,61743,,87.17661466,
1674,61937,110377,4824,,27    Vir,,62.8931,6.22,2.227,A7Vn,0.192,-60.839849,-11.158849,11.381784,,27,Vir,1,61744,,11.19953522,GG
1675,61941,110379,4825,Gl 482A,29Gam Vir,Porrima,11.685,2.74,2.402,F0V+...,0.368,-11.488622,-2.111702,-0.295552,Gam,29,Vir,1,61748,Gl 482,9.532350439,
1676,61960,110411,4828,,30Rho Vir,,36.2713,4.88,2.082,A0V,0.076,-35.09965,-6.487005,6.445292,Rho,30,Vir,1,61767,,12.79970617,Rho
1677,61968,110423,4829,,31    Vir,,71.5308,5.57,1.298,A2V,0.002,-69.840037,-12.928943,8.477738,,31,Vir,1,61775,,26.3511759,
1678,62207,110897,4845,Gl 484,10    CVn,,17.3762,5.95,4.75,G0V,0.557,-13.192666,-2.623591,11.001261,,10,CVn,1,62014,,1.096478196,
1679,62223,110914,4846,,,La Superba,320.5128,5.42,-2.109,C7Iab,2.994,-220.542536,-43.99915,228.371602,,,CVn,1,62030,,607.5751461,Y
1680,62267,110951,4847,,32    Vir,,77.4593,5.22,0.775,A8m,0.322,-75.249946,-15.179075,10.342728,,32,Vir,1,62074,,42.65795188,FM
1681,62268,110829,4842,,Iot Cru,,36.8053,4.69,1.86,K1III,1.049,-17.501322,-3.531603,-32.184876,Iot,,Cru,1,62075,,15.70362804,
1682,62322,110879,4844,,Bet Mus,,104.712,3.04,-2.06,B2V,-0.178,-38.249334,-7.83061,-97.161472,Bet,,Mus,1,62127,,580.7644175,
1683,62325,111028,4849,,33    Vir,,45.1467,5.65,2.377,K1III-IV,0.989,-43.614408,-8.947941,7.482271,,33,Vir,1,62130,,9.754387404,
1684,62356,111067,4851,,27    Com,,104.1667,5.12,0.031,K3III,1.346,-97.776575,-20.180053,29.72048,,27,Com,1,62161,,84.64474481,
1685,62394,111164,4855,,34    Vir,,83.2639,6.11,1.508,A3V,0.122,-79.73362,-16.667158,17.251953,,34,Vir,1,62199,,21.71700843,
1686,62423,111335,4863,,7    Dra,Tianyi,227.2727,5.43,-1.353,K5III,1.567,-87.644943,-18.458661,208.879282,,7,Dra,1,62228,,302.8307694,
1687,62434,111123,4853,,Bet Cru,Mimosa,85.3971,1.25,-3.407,B0.5III,-0.238,-42.168771,-8.909619,-73.723149,Bet,,Cru,1,62239,,2008.167804,Bet
1688,62443,111239,4858,,35    Vir,,178.8909,6.42,0.157,M4III,1.596,-174.66485,-37.012163,11.147636,,35,Vir,1,62248,,75.37025767,
1689,62452,,,Gl 486,,Gar,8.3703,11.39,11.776,M4,1.563,-8.06968,-1.713193,1.417736,,,Vir,1,62257,,0.00169668,
1690,62478,111308,4861,,28    Com,,125.7862,6.47,0.972,A1V,0.015,-119.584736,-25.548846,29.477372,,28,Com,1,62283,,35.57951306,
1691,62516,111421,4866,,11    CVn,,137.5516,6.25,0.558,A6m,0.195,-89.152962,-19.233501,102.967274,,11,CVn,1,62320,,52.09547473,
1692,62541,111397,4865,,29    Com,,122.399,5.71,0.271,A1V,0.024,-116.007463,-25.136576,29.865006,,29,Com,1,62346,,67.8578351,
1693,62576,111469,4869,,30    Com,,92.9368,5.76,0.919,A2V,0.051,-80.498265,-17.584891,42.988736,,30,Com,1,62381,,37.35940923,
1694,62757,111765,4878,,37    Vir,,183.4862,6.02,-0.298,K4III:,1.288,-178.598128,-40.916586,9.784533,,37,Vir,1,62560,,114.6040591,
1695,62763,111812,4883,,31    Com,,89.1266,4.93,0.18,G0III,0.681,-77.024837,-17.675955,41.210244,,31,Com,1,62566,,73.79042301,LS
1696,62807,111862,4884,,32    Com,,598.8024,6.32,-2.566,M0III,1.622,-557.625298,-129.261593,175.811749,,32,Com,1,62611,,925.5502448,
1697,62875,111998,4891,GJ 9421,38    Vir,,32.7332,6.11,3.535,F5V,0.493,-31.794425,-7.513825,-2.028588,,38,Vir,1,62678,,3.357376142,
1698,62886,112033,4894,,35    Com,,86.8056,4.89,0.197,G8III,0.904,-78.728443,-18.645343,31.454488,,35,Com,1,62689,,72.64404186,
1699,62931,111973,4890,,Kap Cru,,100000,5.89,-14.11,B5Ia,0.2,-48073.75398,-11500.52586,-86929.00596,Kap,,Cru,1,62734,,38370724.55,
1700,62933,112097,4900,,41    Vir,,60.9013,6.25,2.327,A7III,0.282,-57.843353,-13.8412,13.096758,,41,Vir,1,62736,,10.21409752,
1701,62956,112185,4905,,77Eps UMa,Alioth,25.31,1.76,-0.256,A0p,-0.022,-13.775959,-3.309169,20.972944,Eps,77,UMa,1,62757,,110.2554332,Eps
1702,62985,112142,4902,,40Psi Vir,,166.9449,4.77,-1.343,M3IIIvar,1.59,-160.028453,-38.680014,-27.665937,Psi,40,Vir,1,62785,,300.0544002,Psi
1703,63003,112092,4898,,Mu 1Cru,,127.0648,4.03,-1.49,B2IV-V,-0.18,-66.928408,-16.25159,-106.780004,Mu-1,,Cru,1,62803,,343.5579479,
1704,63005,112091,4899,,Mu 2Cru,,124.8439,5.08,-0.402,B5Vne,-0.089,-65.773626,-15.977575,-104.90276,Mu-2,,Cru,1,62805,,126.1246575,Mu-2
1705,63007,112078,4897,,Lam Cru,,117.6471,4.62,-0.733,B4Vn,-0.153,-58.626976,-14.251893,-100.998151,Lam,,Cru,1,62807,,171.0802988,Lam
1706,63031,111482,4870,,Iot Oct,,107.8749,5.45,0.285,K0III,0.991,-8.907925,-2.178938,-107.484871,Iot,,Oct,1,62831,,66.98846094,
1707,63076,112429,4916,,8    Dra,Taiyi,29.2912,5.23,2.896,A5n,0.303,-11.820552,-2.918495,26.640872,,8,Dra,1,62876,,6.047835919,IR
1708,63090,112300,4910,,43Del Vir,Minelauva,60.8273,3.39,-0.53,M3III,1.571,-58.94191,-14.587593,3.604756,Del,43,Vir,1,62890,,141.9057522,
1709,63121,112412,4914,,12Alp1CVn,Cor Caroli B,36.9004,5.61,2.775,F0V,0.337,-28.092342,-7.005189,22.877614,Alp-1,12,CVn,1,62921,,6.760829754,
1710,63125,112413,4915,,12Alp2CVn,Cor Caroli,35.1989,2.89,0.157,A0spe...,-0.115,-26.795114,-6.684223,21.824384,Alp-2,12,CVn,1,62925,,75.37025767,Alp-2
1711,63355,112769,4920,,36    Com,,99.4036,4.76,-0.227,M0III,1.568,-91.732311,-24.118592,29.741363,,36,Com,1,63153,,107.3494936,
1712,63414,112846,4921,,44    Vir,,77.9423,5.79,1.331,A3V,0.203,-75.149664,-20.016363,-5.181717,,44,Vir,1,63212,,25.56230427,
1713,63432,113092,4928,,9    Dra,,191.5709,5.37,-1.042,K2III,1.282,-73.504586,-19.667256,175.81121,,9,Dra,1,63230,,227.4049951,
1714,63462,112989,4924,,37    Com,,202.4291,4.88,-1.651,K1IIIp,1.165,-167.925753,-45.211219,103.606856,,37,Com,1,63259,,398.4740097,LU
1715,63494,112992,4925,,46    Vir,,100.3009,5.99,0.983,K2III,1.119,-96.647967,-26.167726,-5.893426,,46,Vir,1,63291,,35.22086356,
1716,63503,113139,4931,,78    UMa,,25.4453,4.93,2.902,F2V,0.368,-13.601724,-3.690939,21.18558,,78,UMa,1,63300,,6.01450652,
1717,63533,113095,4929,,38    Com,,124.6883,5.97,0.491,K0III,0.971,-114.943402,-31.423526,36.711515,,38,Com,1,63330,,55.4115119,
1718,63608,113226,4932,,47Eps Vir,Vindemiatrix,33.6022,2.85,0.218,G8IIIvar,0.934,-31.782664,-8.840495,6.38806,Eps,47,Vir,1,63405,,71.25248248,
1719,63613,112985,4923,,Del Mus,,27.8707,3.61,1.384,K2III,1.19,-8.497455,-2.367379,-26.438289,Del,,Mus,1,63411,,24.34445184,
1720,63724,113314,4933,,Xi 1Cen,,67.6133,4.83,0.68,A0V,0.029,-42.210157,-12.01494,-51.434446,Xi-1,,Cen,1,63521,,46.55860935,
1721,63750,113459,4937,,48    Vir,,155.0388,6.62,0.668,F0V,0.296,-148.745695,-42.586821,-9.905487,,48,Vir,1,63547,,47.07604833,
1722,63901,113797,4943,,14    CVn,,104.3841,5.2,0.107,B9V,-0.059,-81.203956,-23.953765,61.058585,,14,CVn,1,63698,,78.92234848,
1723,63948,113848,4946,,39    Com,,49.6771,6,2.519,F4V,0.393,-44.401498,-13.226958,17.926786,,39,Com,1,63745,,8.558546212,
1724,63950,113866,4949,Gl 499.1,40    Com,,225.7336,5.53,-1.238,M5III,1.461,-199.696521,-59.510028,86.807221,,40,Com,1,63747,,272.3955447,FS
1725,64004,113791,4942,,Xi 2Cen,,143.2665,4.27,-1.511,B1.5V,-0.182,-88.364964,-26.557271,-109.597766,Xi-2,,Cen,1,63801,,350.2676269,
1726,64022,113996,4954,,41    Com,,101.626,4.8,-0.235,K5III,1.482,-86.200274,-26.016708,47.121741,,41,Com,1,63819,,108.1433951,
1727,64078,114038,4955,,49    Vir,,94.2507,5.15,0.279,K2III,1.138,-88.565516,-27.033624,-17.564504,,49,Vir,1,63875,,67.35967762,
1728,64094,113904,4952,,The Mus,,100000,5.44,-14.56,WC6 + O9.5I,-0.033,-39945.33639,-12235.23442,-90855.20948,The,,Mus,1,63891,,58076441.75,The
1729,64166,114149,4958,,45Psi Hya,,70.9723,4.94,0.685,K0III,1.048,-62.332323,-19.370955,-27.865588,Psi,45,Hya,1,63963,,46.34469197,
1730,64217,114376,4967,,15    CVn,,370.3704,6.25,-1.593,B7III,-0.098,-276.423002,-86.758876,230.732345,,15,CVn,1,64014,,377.7461094,
1731,64224,114287,4961,,50    Vir,,212.766,5.95,-0.69,K5III,1.49,-199.697127,-62.729311,-38.150164,,50,Vir,1,64021,,164.4371723,
1732,64238,114330,4963,,51The Vir,,96.8054,4.38,-0.549,A1V,-0.008,-91.90017,-28.953908,-9.343987,The,51,Vir,1,64034,,144.4109084,
1733,64241,114378,4968,Gl 501A,42Alp Com,Diadem,17.8253,4.32,3.065,F5V,0.455,-16.211012,-5.110375,5.368871,Alp,42,Com,1,64037,Gl 501,5.17606832,
1734,64246,114447,4971,,17    CVn,,63.2911,5.91,1.903,A9III-IV,0.294,-47.236707,-14.905822,39.398664,,17,CVn,1,64042,,15.09384897,
1735,64394,114710,4983,Gl 502,43Bet Com,,9.1291,4.23,4.428,G0V,0.572,-7.676072,-2.489414,4.268726,Bet,43,Com,1,64189,,1.475027102,
1736,64407,114642,4981,,53    Vir,,33.9098,5.04,2.388,F6V,0.46,-30.967114,-10.070647,-9.459703,,53,Vir,1,64203,,9.656060985,
1737,64520,114846,4990,,54    Vir,,194.1748,6.26,-0.181,A0V,0.088,-174.428963,-57.895707,-62.660468,,54,Vir,1,64315,,102.8963572,LM
1738,64577,114946,4995,,55    Vir,,38.9712,5.31,2.356,G8III/IV,0.862,-34.734141,-11.65249,-13.284653,,55,Vir,1,64372,,9.944890372,
1739,64661,114911,4993,,Eta Mus,,117.3709,4.79,-0.558,B8V,-0.078,-41.808581,-14.24278,-108.743263,Eta,,Mus,1,64456,,145.6129499,Eta
1740,64692,115271,5004,,19    CVn,,74.0741,5.77,1.422,A7V,0.198,-53.011616,-18.132501,48.455437,,19,CVn,1,64486,,23.50715116,
1741,64725,115202,5001,Gl 503.3,57    Vir,,38.4763,5.21,2.284,K1III,1.011,-34.199734,-11.772495,-13.123863,,57,Vir,1,64520,,10.62673865,
1742,64792,115383,5011,Gl 504,59    Vir,,17.5593,5.19,3.967,G0Vs,0.585,-16.359162,-5.694884,2.875153,,59,Vir,1,64587,,2.255277567,
1743,64844,115604,5017,,20    CVn,,81.0373,4.72,0.177,F3III,0.306,-58.064795,-20.431424,52.70761,,20,CVn,1,64639,,73.99459543,AO
1744,64852,115521,5015,,60Sig Vir,,207.0393,4.78,-1.8,M2III,1.638,-194.393291,-68.461175,19.735435,Sig,60,Vir,1,64647,,457.0881896,
1745,64906,115735,5023,,21    CVn,,84.246,5.14,0.512,A0V,-0.049,-51.363732,-18.249871,64.234673,,21,CVn,1,64701,,54.35005651,BK
1746,64924,115617,5019,Gl 506,61    Vir,,8.5551,4.74,5.079,G5V,0.709,-7.651172,-2.724657,-2.6878,,61,Vir,1,64720,,0.809841447,
1747,64962,115659,5020,,46Gam Hya,,41.0341,2.99,-0.076,G8III,0.92,-35.509172,-12.735386,-16.146279,Gam,46,Hya,1,64758,,93.41142557,
1748,65072,116010,5032,,23    CVn,,156.0062,5.6,-0.366,K1III,1.204,-111.996053,-40.938116,100.592398,,23,CVn,1,64867,,122.0112847,
1749,65109,115892,5028,Gl 508.1,Iot Cen,Kulou,18.0213,2.75,1.471,A2V,0.068,-13.562569,-4.976416,-10.773082,Iot,,Cen,1,64904,,22.46984104,
1750,65241,116235,5040,,64    Vir,,65.9196,5.89,1.795,A2m,0.109,-61.479038,-23.035458,5.922623,,64,Vir,1,65036,,16.67247213,
1751,65301,116292,5044,,63    Vir,,93.8086,5.36,0.499,K0III,0.987,-83.551797,-31.662689,-28.575855,,63,Vir,1,65096,,55.00472529,
1752,65323,116365,5047,,65    Vir,,381.6794,5.88,-2.028,K3III,1.431,-355.419007,-135.214946,-32.764014,,65,Vir,1,65118,,563.8972803,
1753,65378,116656,5054,GJ 3783A,79Zet UMa,Mizar,26.3089,2.23,0.129,A2V,0.057,-14.115808,-5.413302,21.531272,Zet,79,UMa,1,65173,GJ 3783,77.3392578,
1754,65420,116568,5050,,66    Vir,,29.967,5.76,3.377,F3V,0.415,-27.837241,-10.762966,-2.697251,,66,Vir,1,65215,,3.88329157,
1755,65426,116434,,,,Matza,97.9432,7.01,2.055,A2V,0.093,-56.858287,-21.997276,-76.655891,,,Cen,1,65221,,13.12199899,
1756,65468,116244,5042,,Iot1Mus,,67.7966,5.04,0.884,K0III,1.11,-16.470202,-6.414728,-65.452247,Iot-1,,Mus,1,65263,,38.58335599,
1757,65474,116658,5056,,67Alp Vir,Spica,76.5697,0.98,-3.44,B1V,-0.235,-69.990853,-27.285826,-14.82176,Alp,67,Vir,1,65269,,2070.141349,Alp
1758,65477,116842,5062,GJ 3785,80    UMa,Alcor,25.0564,3.99,1.995,A5V SB,0.169,-13.393436,-5.223608,20.521915,,80,UMa,1,65272,,13.86755829,
1759,65581,116870,5064,,68    Vir,,134.9528,5.27,-0.381,K5III,1.477,-122.334517,-48.633025,-29.686413,,68,Vir,1,65375,,123.7086307,
1760,65628,116579,5051,,Iot2Mus,,159.4896,6.62,0.606,B9V,-0.056,-39.088488,-15.655705,-153.830793,Iot-2,,Mus,1,65422,,49.84252094,
1761,65639,116976,5068,Gl 511.2,69    Vir,,85.9107,4.76,0.09,K1IIICN...,1.096,-76.652995,-30.757106,-23.642083,,69,Vir,1,65433,,80.16780634,
1762,65721,117176,5072,Gl 512.1,70    Vir,,17.9856,4.97,3.695,G5V,0.714,-16.183798,-6.57404,4.283711,,70,Vir,1,65515,,2.897343588,
1763,65790,117304,5081,,71    Vir,,98.2318,5.65,0.689,K0III,1.052,-89.267074,-36.618682,18.437637,,71,Vir,1,65584,,46.17426595,
1764,65892,117436,5088,,72    Vir,,53.2198,6.1,2.47,F2V,0.341,-48.817487,-20.32794,-5.9972,,72,Vir,1,65685,,8.953647655,
1765,66006,117675,5095,,74    Vir,,122.549,4.68,-0.762,M3III,1.606,-112.142683,-47.58139,-13.35391,,74,Vir,1,65798,,175.7114247,
1766,66015,117661,5094,,73    Vir,,76.5697,6.01,1.59,A7IV/V,0.196,-66.74469,-28.347519,-24.585743,,73,Vir,1,65807,,20.1372425,HX
1767,66047,117618,,,,Dofida,37.9651,7.17,4.273,G2V,0.603,-23.693773,-10.109418,-27.888234,,,Cen,1,65839,,1.701374816,
1768,66091,117789,5099,,75    Vir,,157.7287,5.52,-0.47,K1III,1.228,-139.777423,-59.952502,-41.787548,,75,Vir,1,65883,,134.2764961,
1769,66098,117818,5100,,76    Vir,,72.0981,5.21,0.92,K0III,0.964,-65.207239,-28.004416,-12.724123,,76,Vir,1,65890,,37.32501578,
1770,66192,118203,,,,Liesma,88.574,8.05,3.313,K0,0.699,-48.051398,-20.903886,71.410393,,,UMa,1,65983,,4.119077849,
1771,66198,118214,5109,,81    UMa,,91.5751,5.6,0.791,A0V,-0.014,-47.738568,-20.787486,75.331913,,81,UMa,1,65989,,42.03393032,
1772,66200,118022,5105,,78    Vir,,56.6572,4.92,1.154,A1p SrCrEu,0.029,-51.839033,-22.575812,3.615721,,78,Vir,1,65991,,30.08846277,CW
1773,66234,118232,5112,,24    CVn,,55.2792,4.68,0.967,A5V,0.132,-33.218997,-14.522401,41.729729,,24,CVn,1,66025,,35.74374063,
1774,66249,118098,5107,GJ 3792,79Zet Vir,Heze,22.7118,3.38,1.599,A3V,0.114,-20.799365,-9.118725,-0.236175,Zet,79,Vir,1,66040,,19.97100866,
1775,66320,118219,5111,,80    Vir,,97.1817,5.7,0.762,G6III,0.95,-88.468334,-39.167569,-9.139167,,80,Vir,1,66111,,43.17178445,
1776,66458,118623,5127,,25    CVn,,60.9013,4.82,0.897,A7III,0.239,-44.71347,-20.250115,36.049969,,25,CVn,1,66249,,38.12413511,
1777,66634,119024,5142,,82    UMa,,53.5906,5.46,1.815,A3Vn,0.113,-29.312421,-13.59199,42.754857,,82,UMa,1,66424,,16.36816521,
1778,66657,118716,5132,,Eps Cen,,131.0616,2.29,-3.297,B1III,-0.171,-70.726493,-32.9381,-105.309044,Eps,,Cen,1,66447,,1814.679779,Eps
1779,66727,119055,5144,,1    Boo,,100.6036,5.73,0.717,A1V,0.017,-85.585022,-40.21602,34.335306,,1,Boo,1,66516,,44.99870339,
1780,66738,119228,5154,,83    UMa,,160.5136,4.63,-1.398,M2IIIvar,1.63,-83.974953,-39.487818,130.971319,,83,UMa,1,66527,,315.6457891,IQ
1781,66753,117374,5084,,Kap Oct,,83.7521,5.56,0.945,A2m...,0.183,-5.567054,-2.623356,-83.525605,Kap,,Oct,1,66541,,36.47539469,
1782,66763,119126,5149,,2    Boo,,102.9866,5.63,0.566,G9III,1.009,-86.052126,-40.602777,39.404254,,2,Boo,1,66551,,51.71303179,
1783,66803,119149,5150,,82    Vir,,156.25,5.03,-0.939,M2III,1.623,-139.516946,-66.257172,-23.642498,,82,Vir,1,66591,,206.8235556,
1784,66936,119425,5159,,84    Vir,,73.0994,5.35,1.03,K1III,1.091,-65.706132,-31.714743,4.510855,,84,Vir,1,66724,,33.72873087,
1785,67057,119605,5165,,83    Vir,,252.5253,5.55,-1.462,G1IV/V,0.805,-217.748168,-106.788163,-70.363736,,83,Vir,1,66845,,334.8112174,
1786,67139,119786,5170,,85    Vir,,106.0445,6.18,1.053,A0V,0.046,-91.413999,-45.370583,-28.81578,,85,Vir,1,66927,,33.02174353,
1787,67153,119756,5168,Gl 525.1,1    Cen,,19.4024,4.23,2.791,F3V,0.39,-14.565089,-7.237099,-10.579613,,1,Cen,1,66941,,6.661929002,
1788,67172,119853,5173,,86    Vir,,124.6883,5.5,0.021,G8III,0.898,-108.988101,-54.303042,-26.831343,,86,Vir,1,66960,,85.42795299,
1789,67231,120198,5187,,84    UMa,,89.0472,5.68,0.932,B9p EuCr,-0.039,-46.293138,-23.230978,72.433886,,84,UMa,1,67019,,36.91475582,CR
1790,67239,120064,5182,,3    Boo,,89.6861,5.97,1.206,F6IV-V,0.523,-72.208038,-36.286093,38.896377,,3,Boo,1,67027,,28.68137713,
1791,67275,120136,5185,Gl 527A,4Tau Boo,,15.6177,4.5,3.532,F7V,0.508,-13.296143,-6.720908,4.685085,Tau,4,Boo,1,67063,Gl 527,3.366665744,
1792,67288,120052,5181,,87    Vir,,207.4689,5.41,-1.175,M2III,1.623,-176.173412,-89.20705,-63.628715,,87,Vir,1,67076,,257.0395783,
1793,67301,120315,5191,,85Eta UMa,Alkaid,31.8674,1.85,-0.667,B3V SB,-0.099,-18.529548,-9.394541,24.164506,Eta,85,UMa,1,67088,,160.9904076,
1794,67457,120323,5192,,2    Cen,,56.1167,4.19,0.445,M5III,1.52,-41.097871,-21.267942,-31.745313,,2,Cen,1,67244,,57.80960474,V806
1795,67459,120477,5200,,5Ups Boo,,80.7754,4.05,-0.486,K5IIIvar,1.52,-69.023958,-35.731771,21.990689,Ups,5,Boo,1,67246,,136.2699197,
1796,67464,120307,5190,,Nu  Cen,Heng,133.8688,3.41,-2.223,B2IV,-0.225,-88.774682,-45.96956,-89.0322,Nu,,Cen,1,67251,,674.8387309,Nu
1797,67472,120324,5193,,Mu  Cen,,155.0388,3.47,-2.482,B2IV-Ve,-0.17,-101.522043,-52.633292,-104.690333,Mu,,Cen,1,67259,,856.6432556,Mu
1798,67480,120539,5201,,6    Boo,,123.0012,4.92,-0.53,K4III,1.432,-101.741463,-52.801922,44.608525,,6,Boo,1,67267,,141.9057522,
1799,67494,120452,5196,,89    Vir,,74.9064,4.96,0.587,K0III,1.059,-63.160729,-32.834359,-23.313996,,89,Vir,1,67281,,50.72242399,
1800,67627,121130,5226,,10    Dra,,113.8952,4.58,-0.703,M3III,1.572,-42.996051,-22.724978,102.990335,,10,Dra,1,67414,,166.4178857,CU
1801,67669,120709,5210,,3    Cen,,105.3741,4.32,-0.794,B5,-0.146,-78.066399,-41.432939,-57.38178,,3,Cen,1,67455,,180.9672555,V983
1802,67786,120955,5221,,4    Cen,,195.3125,4.75,-1.704,B4IV,-0.111,-145.949303,-78.592981,-103.290534,,4,Cen,1,67572,,418.4080196,
1803,67787,121107,5225,,7    Boo,,211.4165,5.71,-0.916,G5III,0.845,-177.097484,-95.37263,65.095632,,7,Boo,1,67573,,202.4883307,
1804,67848,121409,5238,,86    UMa,,146.8429,5.7,-0.134,A0V,-0.032,-76.373082,-41.402602,118.388227,,86,UMa,1,67634,,98.53715069,
1805,67927,121370,5235,Gl 534,8Eta Boo,Muphrid,11.396,2.68,2.396,G0IV,0.58,-9.487671,-5.188142,3.596709,Eta,8,Boo,1,67711,,9.585173977,
1806,67929,121299,5232,,90    Vir,,75.5858,5.16,0.768,K2III,1.093,-66.292365,-36.257342,-1.982725,,90,Vir,1,67713,,42.93386635,
1807,68002,121263,5231,,Zet Cen,Leepwal,117.096,2.55,-2.793,B2.5IV,-0.176,-69.545858,-38.36753,-86.039492,Zet,,Cen,1,67786,,1140.775013,
1808,68092,121607,5244,,92    Vir,,90.2527,5.9,1.123,A8V,0.217,-78.83449,-43.90783,1.654786,,92,Vir,1,67875,,30.95993213,
1809,68103,121710,5247,,9    Boo,,178.2531,5.02,-1.235,K3IIIvar,1.441,-138.106935,-77.003319,82.286106,,9,Boo,1,67885,,271.6439269,
1810,68245,121743,5248,,Phi Cen,,161.0306,3.83,-2.205,B2IV,-0.224,-103.91994,-58.957456,-107.960807,Phi,,Cen,1,68027,,663.7430704,
1811,68269,121847,5250,,47    Hya,,102.0408,5.2,0.156,B8V,-0.086,-80.405648,-45.732049,-43.079526,,47,Hya,1,68051,,75.43970822,
1812,68276,121996,5255,,10    Boo,,144.7178,5.76,-0.043,A0Vs,-0.002,-116.845013,-66.545031,53.500083,,10,Boo,1,68058,,90.61498022,
1813,68282,121790,5249,,Ups1Cen,,131.0616,3.87,-1.717,B2IV-V,-0.208,-80.799834,-46.030955,-92.356336,Ups-1,,Cen,1,68064,,423.4479162,
1814,68390,122066,5257,,48    Hya,,55.991,5.77,2.029,F6V,0.48,-43.942463,-25.370709,-23.671968,,48,Hya,1,68172,,13.44002263,
1815,68478,122405,5263,,11    Boo,,90.9918,6.23,1.435,A7III,0.193,-69.761274,-40.754858,41.855404,,11,Boo,1,68260,,23.22736796,
1816,68520,122408,5264,,93Tau Vir,,68.9655,4.23,0.037,A3V,0.121,-59.454971,-34.898261,1.858889,Tau,93,Vir,1,68302,,84.17827077,
1817,68523,122223,5260,,Ups2Cen,,389.1051,4.34,-3.61,F6II,0.598,-234.7235,-137.883491,-278.02121,Ups-2,,Cen,1,68305,,2421.029047,
1818,68702,122451,5267,,Bet Cen,Hadar,120.1923,0.61,-4.789,B1III,-0.231,-50.954051,-30.56287,-104.478695,Bet,,Cen,1,68483,,7171.334827,Bet
1819,68756,123299,5291,,11Alp Dra,Thuban,92.9368,3.67,-1.171,A0III SB,-0.049,-34.416017,-20.758849,83.796391,Alp,11,Dra,1,68537,,256.0943517,
1820,68815,122250,5261,,The Aps,,113.1222,5.69,0.422,M6.5III,1.239,-22.069657,-13.435885,-110.13201,The,,Aps,1,68596,,59.04729404,The
1821,68862,122980,5285,,Chi Cen,,156.4945,4.36,-1.612,B2V,-0.198,-100.416272,-61.562968,-103.039485,Chi,,Cen,1,68642,,384.4147118,Chi
1822,68895,123123,5287,Gl 538.1,49Pi  Hya,,30.9598,3.25,0.796,K2III,1.091,-23.563202,-14.492156,-13.902421,Pi,49,Hya,1,68675,,41.84080196,
1823,68933,123139,5288,Gl 539,5The Cen,Menkent,18.0343,2.06,0.78,K0IIIb,1.011,-12.358808,-7.624204,-10.694288,The,5,Cen,1,68714,,42.46195639,
1824,68940,123255,5290,,95    Vir,,58.0383,5.46,1.641,F2IV,0.347,-48.739743,-30.076937,-9.392669,,95,Vir,1,68720,,19.21321311,
1825,68956,124063,5305,,3    UMi,,130.8901,6.43,0.845,A7V,0.16,-29.573583,-18.289881,126.186736,,3,UMi,1,68736,,39.99447498,
1826,69068,123782,5300,,13    Boo,,168.3502,5.26,-0.871,M2III,1.637,-92.727228,-58.104765,127.934546,,13,Boo,1,68848,,194.2674323,CF
1827,69112,124547,5321,,4    UMi,,140.056,4.8,-0.932,K3III,1.368,-25.551841,-16.098449,136.761257,,4,UMi,1,68892,,205.4944041,
1828,69127,123630,5298,,96    Vir,,127.2265,6.45,0.927,G8III,1.003,-105.850385,-66.79301,-22.823819,,96,Vir,1,68907,,37.08514659,
1829,69226,123999,5304,GJ 9470,12    Boo,,37.4251,4.82,1.954,F9IVw,0.541,-28.553661,-18.260634,15.870824,,12,Boo,1,69004,,14.40124371,
1830,69415,124206,5312,Gl 540.1,50    Hya,,66.7111,5.07,0.949,K2III,1.13,-49.626095,-32.464225,-30.556962,,50,Hya,1,69193,,36.34126161,
1831,69427,124294,5315,,98Kap Vir,Kang,78.125,4.18,-0.284,K3III,1.323,-64.306477,-42.119366,-13.933635,Kap,98,Vir,1,69205,,113.1357864,
1832,69481,124674,5328,,17Kap1Boo,,46.4468,6.62,3.285,F1V,0.394,-23.995187,-15.801412,36.494315,Kap-1,17,Boo,1,69259,,4.226686143,
1833,69483,124675,5329,,17Kap2Boo,,50.1002,4.53,1.031,A8IV,0.233,-25.879926,-17.045792,39.366041,Kap-2,17,Boo,1,69261,,33.69767986,Kap-2
1834,69536,124570,5323,,14    Boo,,33.9213,5.53,2.878,F6IV,0.537,-27.558849,-18.255736,7.607157,,14,Boo,1,69313,,6.148936385,
1835,69612,124679,5330,,15    Boo,,81.2348,5.29,0.741,K1III,1.007,-66.527098,-44.387977,14.246759,,15,Boo,1,69390,,44.01492843,
1836,69673,124897,5340,Gl 541,16Alp Boo,Arcturus,11.2575,-0.05,-0.307,K2IIIp,1.239,-8.823448,-5.932531,3.698938,Alp,16,Boo,1,69451,,115.5579955,
1837,69701,124850,5338,GJ 9473,99Iot Vir,Syrma,22.237,4.07,2.335,F7V,0.511,-18.333625,-12.367873,-2.324624,Iot,99,Vir,1,69479,,10.13911386,
1838,69713,125161,5350,GJ 9474A,21Iot Boo,,29.0698,4.75,2.433,A9V,0.236,-15.038822,-10.159621,22.708137,Iot,21,Boo,1,69491,GJ 9474,9.264031007,Iot
1839,69732,125162,5351,GJ 3837,19Lam Boo,Xuange,30.3582,4.18,1.769,A0sh,0.087,-17.435524,-11.802923,21.870286,Lam,19,Boo,1,69510,,17.07654473,
1840,69896,123998,5303,,Eta Aps,,42.337,4.89,1.756,A2m...,0.243,-5.449691,-3.753584,-41.816579,Eta,,Aps,1,69673,,17.28223873,
1841,69974,125337,5359,,100Lam Vir,Khambalia,57.1755,4.52,0.734,A1V,0.128,-45.689342,-31.728277,-13.222219,Lam,100,Vir,1,69751,,44.29961991,
1842,69989,125451,5365,GJ 3841,18    Boo,,26.096,5.41,3.327,F5IV,0.385,-20.874592,-14.517858,5.872224,,18,Boo,1,69766,,4.066305463,
1843,69996,125238,5354,,Iot Lup,,103.6269,3.55,-1.527,B2.5IV,-0.184,-59.012186,-41.092372,-74.616044,Iot,,Lup,1,69773,,355.467582,
1844,70012,125454,5366,,102Ups Vir,,80.1925,5.14,0.619,G9III,1.023,-65.730158,-45.828982,-3.170036,Ups,102,Vir,1,69789,,49.24929296,
1845,70027,125560,5370,,20    Boo,,57.3394,4.84,1.048,K3III,1.228,-45.113965,-31.517003,16.099914,,20,Boo,1,69804,,33.17416497,
1846,70090,125473,5367,,Psi Cen,,79.3651,4.05,-0.448,A0IV,-0.03,-51.22272,-36.052443,-48.736704,Psi,,Cen,1,69867,,131.5830655,
1847,70248,124771,5336,,Eps Aps,,197.6285,5.06,-1.419,B4V,-0.108,-27.604109,-19.760051,-194.691025,Eps,,Aps,1,70025,,321.8103443,Eps
1848,70306,125932,5381,,51    Hya,,48.2625,4.78,1.362,K3III,1.3,-34.652085,-24.968032,-22.474799,,51,Hya,1,70083,,24.84276894,
1849,70336,126035,5383,,2    Lib,,102.6694,6.22,1.163,G7III,0.99,-81.478829,-58.887208,-20.844687,,2,Lib,1,70113,,29.84008116,
1850,70497,126660,5404,Gl 549A,23The Boo,,14.5307,4.04,3.229,F7V,0.497,-7.233871,-5.313642,11.426925,The,23,Boo,1,70274,Gl 549,4.450409766,
1851,70574,126341,5395,,Tau1Lup,,334.4482,4.56,-3.062,B2IV,-0.147,-189.284544,-140.238457,-237.402618,Tau-1,,Lup,1,70351,,1461.503972,Tau-1
1852,70576,126354,5396,,Tau2Lup,,97.8474,4.33,-0.623,A7:+...,0.434,-55.216146,-40.925029,-69.645036,Tau-2,,Lup,1,70353,,154.5966219,
1853,70602,126661,5405,,22    Boo,,89.1266,5.4,0.65,F0m,0.231,-67.548865,-50.191862,29.350197,,22,Boo,1,70380,,47.86300923,
1854,70638,124882,5339,,Del Oct,,91.659,4.31,-0.501,K2III,1.3,-8.102137,-6.04578,-91.09986,Del,,Oct,1,70415,,138.1656231,
1855,70680,126722,5406,,104    Vir,,78.8644,6.18,1.696,A2IV,0.093,-62.746811,-47.028833,-8.408265,,104,Vir,1,70457,,18.26417249,
1856,70692,127700,5430,,5    UMi,,110.011,4.25,-0.957,K4III,1.431,-21.740786,-16.312428,106.600575,,5,UMi,1,70470,,210.2809837,
1857,70753,126769,5407,,52    Hya,,120.6273,4.97,-0.437,B7/B8V,-0.074,-83.806756,-63.252607,-59.38447,,52,Hya,1,70530,,130.2566786,
1858,70755,126868,5409,Gl 550.2A,105Phi Vir,Elgafar,36.2582,4.81,2.013,G2III,0.693,-28.915866,-21.829712,-1.409548,Phi,105,Vir,1,70532,Gl 550.2,13.63954868,
1859,70791,127243,5420,,24    Boo,,100,5.58,0.58,G3IV,0.864,-51.393838,-38.950067,76.430065,,24,Boo,1,70568,,51.0505,
1860,70794,126927,5410,,106    Vir,,191.5709,5.42,-0.992,K5III,1.49,-151.538741,-114.915163,-23.01645,,106,Vir,1,70572,,217.1700843,
1861,70890,,,Gl 551,,Proxima Centauri,1.2959,11.01,15.447,M5Ve,1.807,-0.472264,-0.361451,-1.151219,,,Cen,1,70666,,5.77E-05,V645
1862,71053,127665,5429,,25Rho Boo,,49.0918,3.57,0.115,K3III,1.298,-33.395248,-26.051319,24.820934,Rho,25,Boo,1,70828,,78.34296428,
1863,71075,127762,5435,,27Gam Boo,Seginus,26.6099,3.04,0.915,A7IIIvar,0.191,-16.449442,-12.860715,16.49506,Gam,27,Boo,1,70851,,37.49730022,Gam
1864,71115,127739,5434,,26    Boo,,54.0249,5.91,2.247,F2IV,0.391,-39.326431,-30.87533,20.465191,,26,Boo,1,70889,,10.99512067,
1865,71121,127381,5425,,Sig Lup,,176.3668,4.44,-1.792,B2III,-0.177,-88.295016,-69.367614,-136.005022,Sig,,Lup,1,70895,,453.7326169,Sig
1866,71284,128167,5447,Gl 557,28Sig Boo,,15.8328,4.47,3.472,F3Vwvar,0.364,-10.732826,-8.589414,7.855332,Sig,28,Boo,1,71058,,3.557951306,
1867,71352,127972,5440,,Eta Cen,,93.7207,2.33,-2.529,B1Vn + A,-0.157,-54.086167,-43.605833,-62.903,Eta,,Cen,1,71125,,894.5404838,Eta
1868,71536,128345,5453,,Rho Lup,,96.8992,4.05,-0.882,B5V,-0.152,-48.652444,-40.065743,-73.601256,Rho,,Lup,1,71310,,196.2456324,
1869,71618,129002,5468,,33    Boo,,57.0125,5.39,1.61,A1V,0.03,-31.333938,-26.022506,39.892674,,33,Boo,1,71392,,19.7696964,
1870,71681,128621,5460,Gl 559B,Alp2Cen,Toliman,1.3248,1.35,5.739,K1V,0.9,-0.495181,-0.413973,-1.156674,Alp-2,,Cen,2,71456,Gl 559,0.440960816,
1871,71683,128620,5459,Gl 559A,Alp1Cen,Rigil Kentaurus,1.3248,-0.01,4.379,G2V,0.71,-0.495203,-0.414084,-1.156625,Alp-1,,Cen,1,71456,Gl 559,1.543121066,
1872,71762,129174,5475,,29Pi 1Boo,,93.7207,4.49,-0.369,B9p MnHg,-0.002,-68.683281,-58.003926,26.48999,Pi-1,29,Boo,1,71536,,122.3488805,
1873,71795,129246,5477,,30Zet Boo,,53.8793,3.78,0.123,A3IVn,0.044,-39.925583,-33.844144,12.786515,Zet,30,Boo,1,71569,,77.76783345,
1874,71832,129312,5480,,31    Boo,,164.7446,4.86,-1.224,G8IIIvar,0.992,-124.167279,-105.717469,23.388495,,31,Boo,1,71606,,268.905695,
1875,71837,129336,5481,,32    Boo,,123.6094,5.55,0.09,G8III,0.941,-92.147476,-78.510587,24.983265,,32,Boo,1,71611,,80.16780634,
1876,71860,129056,5469,,Alp Lup,Uridim,142.4501,2.3,-3.468,B1.5III,-0.154,-73.354913,-62.611867,-104.837277,Alp,,Lup,1,71634,,2124.222477,Alp
1877,71908,128898,5463,Gl 560A,Alp Cir,Xami,16.57,3.18,2.083,F1Vp,0.256,-5.319852,-4.563974,-15.014538,Alp,,Cir,1,71682,Gl 560,12.78792263,Alp
1878,71957,129502,5487,GJ 9491,107Mu  Vir,,18.2715,3.87,2.561,F2III,0.385,-13.771311,-11.872446,-1.801463,Mu,107,Vir,1,71731,,8.233794052,
1879,71974,129433,5484,,4    Lib,,152.439,5.7,-0.215,B9.5V,0.006,-104.575605,-90.287833,-64.418072,,4,Lib,1,71748,,106.1695557,
1880,71995,129712,5490,,34    Boo,,215.9827,4.8,-1.872,M3III,1.672,-146.161613,-126.411397,96.464975,,34,Boo,1,71769,,488.4273784,W
1881,72105,129988,5505,,36Eps Boo,Izar,62.1118,2.35,-1.616,A0,0.966,-41.582771,-36.462926,28.269741,Eps,36,Boo,1,71879,,385.8335599,
1882,72125,129972,5502,GJ 9493,35Omi Boo,,74.5156,4.6,0.239,K0III,0.972,-53.536518,-47.049953,21.741799,Omi,35,Boo,1,71899,,69.88757961,
1883,72154,129956,5501,,108    Vir,,151.2859,5.68,-0.219,B9.5V,-0.021,-113.514349,-99.991375,1.893857,,108,Vir,1,71928,,106.5614202,
1884,72194,129978,5503,,5    Lib,,444.4444,6.33,-1.909,K2III,1.194,-320.871669,-283.789934,-118.470045,,5,Lib,1,71968,,505.3589948,
1885,72197,129926,5497,Gl 561.1A,54    Hya,,30.2847,5.15,2.744,F0V + G/K,0.315,-20.481798,-18.120976,-13.01071,,54,Hya,1,71971,Gl 561.1,6.956647535,
1886,72220,130109,5511,,109    Vir,,41.2371,3.73,0.654,A0V,-0.005,-30.838211,-27.343068,1.362104,,109,Vir,1,71994,,47.68699981,
1887,72323,130158,5514,,55    Hya,,227.7904,5.61,-1.178,B9IV/V,-0.043,-153.005913,-137.014548,-98.511914,,55,Hya,1,72097,,257.750787,
1888,72339,130322,,,,Mönch,31.7058,8.04,5.534,K0III,0.781,-23.603748,-21.168292,-0.15576,,,Vir,1,72113,,0.532598575,
1889,72357,130259,5516,,56    Hya,,109.7695,5.23,0.028,G8/K0III,0.938,-73.336943,-65.886289,-48.270392,,56,Hya,1,72131,,84.8789503,
1890,72370,129078,5470,,Alp Aps,Paradys,136.9863,3.83,-1.853,K5III,1.433,-19.356924,-17.40793,-134.489842,Alp,,Aps,1,72144,,479.9544249,
1891,72378,130274,5517,,57    Hya,,137.1742,5.76,0.074,B9.5V,-0.007,-91.128156,-82.022855,-61.519804,,57,Hya,1,72152,,81.35795056,
1892,72487,130945,5533,,38    Boo,Merga,48.9956,5.76,2.309,F7IVw,0.482,-25.109461,-22.870123,35.313409,,38,Boo,1,72261,,10.38484455,
1893,72489,130559,5523,,7Mu  Lib,,72.9395,5.32,1.005,Ap,0.066,-52.287263,-47.626783,-17.829668,Mu,7,Lib,1,72263,,34.51437393,
1894,72524,131041,5538,,39    Boo,,68.5871,5.68,1.499,F6V+...,0.501,-33.402396,-30.524166,51.543246,,39,Boo,1,72298,,21.89777555,
1895,72571,130694,5526,,58    Hya,Solitaire,101.5228,4.42,-0.613,K3III,1.366,-66.036951,-60.664821,-47.600014,,58,Hya,1,72345,,153.1792716,
1896,72603,130819,5530,Gl 563.4,8Alp1Lib,,22.9779,5.15,3.343,F3V,0.401,-16.24013,-14.971057,-6.332445,Alp-1,8,Lib,1,72377,,4.006821542,
1897,72607,131873,5563,,7Bet UMi,Kochab,40.1445,2.07,-0.948,K4IIIvar,1.465,-8.058164,-7.429707,38.619407,Bet,7,UMi,1,72380,,208.5451048,
1898,72622,130841,5531,Gl 564.1,9Alp2Lib,Zubenelgenubi,23.2396,2.75,0.919,A3IV,0.147,-16.408581,-15.151818,-6.421874,Alp-2,9,Lib,1,72396,,37.35940923,
1899,72631,130952,5535,,11    Lib,,67.0241,4.93,0.799,G8...,0.988,-49.174688,-45.463719,-2.688834,,11,Lib,1,72404,,41.72535112,
1900,72659,131156,5544,Gl 566A,37Xi  Boo,,6.7123,4.54,5.406,G8V + K4V,0.72,-4.650321,-4.313397,2.196442,Xi,37,Boo,1,72432,Gl 566,0.599238903,Xi
1901,72683,130807,5528,,Omi Lup,,123.9157,4.32,-1.146,B5IV,-0.154,-65.752375,-61.121404,-85.416131,Omi,,Lup,1,72456,,250.2649326,
1902,72845,131496,,,,Arcalís,110.011,7.8,2.593,K0,1.039,-75.984659,-71.719466,34.424841,,,Boo,1,72619,,7.994660025,
1903,72929,131430,5548,,12    Lib,,127.8772,5.27,-0.264,K2/K3III,1.336,-84.19407,-80.131747,-53.318482,,12,Lib,1,72702,,111.0708256,
1904,72934,131530,5554,,13Xi 1Lib,,103.3058,5.78,0.709,G7III,0.982,-73.209393,-69.70492,-21.299129,Xi-1,13,Lib,1,72707,,45.33149061,
1905,72965,131058,5539,,Zet Cir,,390.625,6.09,-1.869,B3Vn,-0.061,-114.949414,-109.761418,-356.828849,Zet,,Cir,1,72738,,487.0796665,
1906,73129,131492,5551,,The Cir,,462.963,5.08,-3.248,B4Vnp,-0.023,-151.853104,-147.584479,-411.696758,The,,Cir,1,72901,,1734.602628,The
1907,73133,131918,5564,,15Xi 2Lib,,168.3502,5.48,-0.651,K4III,1.491,-118.322783,-115.032269,-33.303619,Xi-2,15,Lib,1,72906,,158.6353605,
1908,73136,133086,,,,Baekdu,160,6.83,0.809,K0,0.985,-29.878814,-29.05737,154.476295,,8,UMi,1,72910,,41.3428108,
1909,73165,132052,5570,GJ 9503,16    Lib,,26.9034,4.47,2.321,F0V,0.318,-19.200694,-18.734445,-2.038952,,16,Lib,1,72938,,10.27069896,
1910,73249,132230,5578,,17    Lib,,109.4092,6.61,1.415,A1V,0.012,-76.488395,-75.311721,-21.166245,,17,Lib,1,73022,,23.65919697,
1911,73273,132058,5571,,Bet Lup,,117.3709,2.68,-2.668,B2III,-0.184,-60.951955,-60.176134,-80.247234,Bet,,Lup,1,73046,,1016.7168,
1912,73284,132219,5577,,59    Hya,,113.1222,5.65,0.382,A6IV,0.262,-71.264601,-70.432549,-52.50928,,59,Hya,1,73056,,61.26324544,
1913,73310,132345,5582,,18    Lib,,95.057,5.88,0.99,K3III-IV,1.274,-66.265762,-65.628685,-18.37219,,18,Lib,1,73083,,34.9945167,
1914,73334,132200,5576,,Kap Cen,,117.5088,3.13,-2.22,B2IV,-0.208,-61.87283,-61.421692,-78.787457,Kap,,Cen,1,73107,,672.9766563,
1915,73369,132772,5588,,40    Boo,,51.4933,5.64,2.081,F1III-IV,0.336,-28.237726,-28.143206,32.590824,,40,Boo,1,73142,,12.81150056,
1916,73473,132742,5586,,19Del Lib,,90.009,4.91,0.139,B9.5V,0,-62.675871,-63.210037,-13.333557,Del,19,Lib,1,73246,,76.63020723,Del
1917,73540,130650,5525,,Pi 1Oct,,120.7729,5.65,0.24,G8/K0III,0.962,-9.989243,-10.151529,-119.930334,Pi-1,,Oct,1,73312,,69.82324041,
1918,73555,133208,5602,,42Bet Boo,Nekkar,69.0608,3.49,-0.706,G8III,0.956,-36.876434,-37.508062,44.750903,Bet,42,Boo,1,73327,,166.8783511,
1919,73566,132851,5591,,60    Hya,,101.7294,5.83,0.793,A4IV,0.164,-62.89151,-64.058799,-47.854087,,60,Hya,1,73338,,41.95657223,
1920,73568,133124,5600,,41Ome Boo,,113.8952,4.8,-0.483,K4III,1.506,-72.311167,-73.654077,48.148906,Ome,41,Boo,1,73340,,135.8939117,
1921,73620,133165,5601,,110    Vir,,59.9161,4.39,0.502,K0III,1.026,-41.79953,-42.871209,2.186454,,110,Vir,1,73392,,54.85295139,
1922,73695,133640,5618,Gl 575A,44    Boo,Quadrans,12.5078,4.83,4.344,G2V + G2V,0.647,-5.858189,-6.055134,9.244209,,44,Boo,1,73467,Gl 575,1.593675881,I
1923,73714,133216,5603,,20Sig Lib,Brachium,88.4173,3.25,-1.483,M3/M4III,1.674,-55.51919,-57.527085,-37.760649,Sig,20,Lib,1,73486,,341.3500729,Sig
1924,73745,133582,5616,,43Psi Boo,,75.4148,4.52,0.133,K2III,1.24,-46.60506,-48.449153,34.176087,Psi,43,Boo,1,73517,,77.05485366,
1925,73771,131246,5545,,Pi 2Oct,,598.8024,5.65,-3.236,G8Ib,1.273,-50.23862,-52.380122,-594.387494,Pi-2,,Oct,1,73544,,1715.536648,
1926,73776,132905,5593,,Eta Cir,,84.6024,5.16,0.523,G8III,0.935,-25.640647,-26.738544,-76.060777,Eta,,Cir,1,73548,,53.80219572,
1927,73807,133242,5605,,Pi  Lup,,135.8696,3.91,-1.756,B5,-0.144,-63.981638,-66.905071,-99.451605,Pi,,Lup,1,73579,,438.9347855,
1928,73841,133962,5627,,47    Boo,,84.1043,5.59,0.966,A1V,-0.005,-38.725821,-40.605968,62.649659,,47,Boo,1,73613,,35.77667699,
1929,73945,133774,5622,,21Nu  Lib,,213.2196,5.19,-1.454,K5III,1.589,-140.49572,-148.864619,-59.689351,Nu,21,Lib,1,73717,,332.3533036,
1930,73996,134083,5634,Gl 578,45    Boo,,19.5542,4.93,3.474,F5V,0.429,-12.138752,-12.937889,8.223444,,45,Boo,1,73768,,3.55140335,
1931,74087,134320,5638,,46    Boo,,158.7302,5.67,-0.333,K2III,1.24,-96.867031,-104.238011,70.331724,,46,Boo,1,73859,,118.3586492,
1932,74117,133955,5626,,Lam Lup,,238.0952,4.07,-2.814,B3V,-0.162,-113.806447,-122.946676,-169.179119,Lam,,Lup,1,73889,,1163.054323,
1933,74296,131596,5557,,Ome Oct,,97.1817,5.88,0.942,B9.5V,-0.031,-5.931739,-6.538753,-96.779801,Ome,,Oct,1,74068,,36.5763193,
1934,74376,134481,5646,,Kap1Lup,,55.1876,3.88,0.171,B9V,-0.029,-24.36173,-27.040918,-41.484457,Kap-1,,Lup,1,74148,,74.40463662,
1935,74380,134482,5647,,Kap2Lup,,77.7605,5.7,1.246,A3IV,0.144,-34.317781,-38.100815,-58.45779,Kap-2,,Lup,1,74153,,27.64394371,
1936,74392,134759,5652,,24Iot1Lib,,116.4144,4.54,-0.79,Asp...,-0.071,-73.216302,-81.473155,-39.418088,Iot-1,24,Lib,1,74164,,180.3017741,
1937,74395,134505,5649,GJ 9512A,Zet Lup,,35.9712,3.41,0.63,G8III,0.918,-14.765283,-16.43956,-28.383941,Zet,,Lup,1,74167,GJ 9512,48.75284901,
1938,74493,134967,5656,,25Iot2Lib,,69.8812,6.07,1.848,A2V,0.124,-43.754836,-49.161069,-23.496398,Iot-2,25,Lib,1,74265,,15.87815364,
1939,74500,134987,5657,Gl 579.4,23    Lib,,26.2055,6.47,4.378,G5V,0.691,-15.737957,-17.707061,-11.203013,,23,Lib,1,74272,,1.544542987,
1940,74596,135502,5676,,48Chi Boo,,77.3994,5.28,0.836,A2V,0.062,-44.677089,-50.714548,37.717863,Chi,48,Boo,1,74368,,40.3273793,
1941,74600,135230,5662,,26    Lib,,245.098,6.18,-0.767,B9III,-0.015,-154.229776,-175.189805,-74.79722,,26,Lib,1,74372,,176.5224717,
1942,74604,135153,5660,,1    Lup,,598.8024,4.91,-3.976,F3III,0.374,-337.201135,-383.227256,-313.043658,,1,Lup,1,74376,,3391.563869,
1943,74649,135482,5675,,3    Ser,,114.4165,5.32,0.028,K0III,1.092,-75.088902,-85.765218,9.851393,,3,Ser,1,74421,,84.8789503,
1944,74666,135722,5681,,49Del Boo,,37.3413,3.46,0.599,G8III,0.961,-20.5232,-23.506036,20.509246,Del,49,Boo,1,74438,,50.16490568,
1945,74689,135559,5679,,4    Ser,,46.1467,5.62,2.299,A4V,0.181,-30.301905,-34.802482,0.299722,,4,Ser,1,74461,,10.48093433,
1946,74778,135240,5664,,Del Cir,,100000,5.04,-14.96,O8.5V,-0.077,-31697.30643,-36769.74623,-87425.77734,Del,,Cir,1,74549,,83945998.65,Del
1947,74785,135742,5685,,27Bet Lib,Zubeneschamali,56.7537,2.61,-1.16,B8V,-0.071,-36.549398,-42.420251,-9.252607,Bet,27,Lib,1,74556,,253.512863,
1948,74793,136726,5714,,11    UMi,,122.1001,5.02,-0.414,K4III,1.369,-24.849753,-28.864545,116.007445,,11,UMi,1,74564,,127.5263706,
1949,74824,135379,5670,Gl 580.1,Bet Cir,,30.553,4.07,1.645,A3V,0.088,-10.304156,-12.012956,-26.134351,Bet,,Cir,1,74595,,19.14255925,
1950,74837,135291,5666,,Eps Cir,,125,4.85,-0.635,K2.5III,1.26,-36.147448,-42.191897,-111.974081,Eps,,Cir,1,74608,,156.3147643,
1951,74857,135758,5686,,2    Lup,,99.9001,4.35,-0.648,K1II/III,1.1,-56.151802,-65.647023,-50.174358,,2,Lup,1,74628,,158.1976399,
1952,74911,135734,5683,,Mu  Lup,,102.8807,4.27,-0.792,B8V,-0.086,-44.694142,-52.577545,-76.305318,Mu,,Lup,1,74682,,180.6342083,
1953,74946,135382,5671,,Gam TrA,,56.3698,2.87,-0.885,A1V,0.014,-13.248562,-15.637336,-52.51191,Gam,,TrA,1,74717,,196.788629,
1954,74961,136418,,,,Nikawiy,98.2318,7.88,2.919,G5,0.93,-47.33943,-55.9706,65.389271,,,Boo,1,74732,,5.921067336,
1955,74975,136202,5694,,5    Ser,,25.3807,5.04,3.017,F8III-IV,0.54,-16.365124,-19.384937,0.781926,,5,Ser,1,74746,,5.410034069,MQ
1956,75049,136512,5709,,1Omi CrB,,82.7815,5.51,0.92,K0III,1.015,-46.224606,-55.158019,40.909375,Omi,1,CrB,1,74820,,37.32501578,
1957,75097,137422,5735,,13Gam UMi,Pherkad,149.2537,3,-2.87,A3II-III,0.058,-29.797327,-35.741213,141.814461,Gam,13,UMi,1,74868,,1224.616199,Gam
1958,75110,136366,5701,,28    Lib,,183.4862,6.16,-0.158,G8II/III,1.024,-111.546592,-133.994835,-57.183368,,28,Lib,1,74881,,100.7395485,
1959,75118,136407,5703,,29Omi Lib,,56.6572,6.14,2.374,F2V,0.393,-34.898842,-41.969843,-15.187049,Omi,29,Lib,1,74889,,9.781377043,
1960,75119,136514,5710,,6    Ser,,73.3676,5.35,1.022,K3III,1.191,-46.902313,-56.410554,0.91597,,6,Ser,1,74890,,33.97817118,
1961,75141,136298,5695,,Del Lup,,271.0027,3.22,-3.945,B1.5IV,-0.227,-131.223518,-158.301112,-176.532145,Del,,Lup,1,74912,,3296.097122,Del
1962,75177,136422,5705,,Phi1Lup,,84.317,3.57,-1.06,K5III,1.534,-43.289327,-52.423754,-49.870803,Phi-1,,Lup,1,74948,,231.206479,
1963,75178,136849,5718,,50    Boo,,80.3213,5.38,0.856,B9Vn,-0.051,-42.92355,-51.982376,43.668097,,50,Boo,1,74949,,39.59132167,
1964,75181,136352,5699,Gl 582,Nu 2Lup,,14.8126,5.65,4.797,G2V,0.639,-6.271902,-7.595081,-11.06222,Nu-2,,Lup,1,74952,,1.050025872,
1965,75206,136351,5698,GJ 3901,Nu 1Lup,,35.8551,4.99,2.217,F8V,0.515,-15.270778,-18.547654,-26.615201,Nu-1,,Lup,1,74977,,11.30316325,
1966,75230,136831,5717,,7    Ser,,137.5516,6.29,0.598,A0V,-0.008,-85.222079,-103.739353,29.929858,,7,Ser,1,75001,,50.21113055,
1967,75264,136504,5708,,Eps Lup,,156.9859,3.37,-2.609,B2IV-V,-0.191,-70.733584,-86.328198,-110.402888,Eps,,Lup,1,75035,,962.941713,
1968,75304,136664,5712,,Phi2Lup,,159.2357,4.54,-1.47,B4V,-0.155,-80.54436,-98.718294,-95.516062,Phi-2,,Lup,1,75075,,337.2873087,
1969,75312,137107,5727,Gl 584A,2Eta CrB,,17.8635,4.99,3.73,G2V,0.577,-9.748862,-11.953838,9.009316,Eta,2,CrB,1,75083,Gl 584,2.805433638,
1970,75323,136415,5704,,Gam Cir,,137.5516,4.48,-1.212,B5III + F8,0.169,-44.315595,-54.422257,-118.299395,Gam,,Cir,1,75094,,265.9500033,Gam
1971,75342,137006,5721,,8    Ser,,51.1247,6.11,2.567,F0V,0.264,-32.215718,-39.686881,-0.912219,,8,Ser,1,75113,,8.188417919,
1972,75379,137052,5723,,31Eps Lib,,31.2305,4.92,2.447,F5IV,0.453,-19.315192,-23.894489,-5.596007,Eps,31,Lib,1,75150,,9.145343031,
1973,75411,137391,5733,GJ 3903A,51Mu 1Boo,Alkalurops,34.6861,4.31,1.609,F0V,0.309,-17.300377,-21.457918,21.056469,Mu-1,51,Boo,1,75182,GJ 3903,19.78791335,
1974,75415,137392,5734,GJ 3904B,51Mu 2Boo,Alkalurops B,36.062,6.51,3.725,G1V,0.6,-17.991461,-22.319858,21.876782,Mu-2,51,Boo,2,75187,GJ 3904,2.818382931,
1975,75439,136933,5719,,Ups Lup,,124.6883,5.36,-0.119,Ap...,-0.093,-60.120592,-74.74164,-79.66402,Ups,,Lup,1,75209,,97.18517029,
1976,75458,137759,5744,,12Iot Dra,Edasich,31.027,3.29,0.831,K2III,1.166,-10.015969,-12.471787,26.585776,Iot,12,Dra,1,75229,,40.51352202,
1977,75530,137471,5739,,9Tau1Ser,,211.4165,5.16,-1.466,M1III,1.65,-127.013373,-159.377636,56.242626,Tau-1,9,Ser,1,75301,,336.0469825,
1978,75695,137909,5747,,3Bet CrB,Nusakan,34.2818,3.66,0.985,F0p,0.319,-18.45833,-23.589253,16.675351,Bet,3,CrB,1,75466,,35.15604405,Bet
1979,75730,137744,5743,,32Zet1Lib,,240.3846,5.64,-1.265,K4III,1.545,-141.53773,-181.579047,-69.143229,Zet-1,32,Lib,1,75501,,279.2543841,
1980,75761,137898,5746,,10    Ser,,39.7456,5.15,2.154,A8IV,0.245,-24.369994,-31.37159,1.277614,,10,Ser,1,75532,,11.97843278,
1981,75944,138137,5750,,34Zet3Lib,,155.7632,5.82,-0.142,K0III,1.056,-90.517858,-118.685573,-44.524385,Zet-3,34,Lib,1,75713,,99.26588069,
1982,75973,138481,5763,,52Nu 1Boo,,257.0694,5.04,-2.01,K5III,1.589,-117.779408,-154.788686,168.086597,Nu-1,52,Boo,1,75742,,554.625713,
1983,76008,139669,5826,,15The UMi,,262.4672,5,-2.095,K5III,1.545,-34.710382,-45.818632,256.095209,The,15,UMi,1,75777,,599.7910763,
1984,76013,137387,5730,,Kap1Aps,,380.2281,5.4,-2.5,B1npe,-0.146,-65.59719,-86.667173,-364.361963,Kap-1,,Aps,1,75782,,870.96359,Kap-1
1985,76041,138629,5774,,53Nu 2Boo,,119.0476,4.98,-0.399,A5V,0.086,-54.221334,-71.812586,77.944174,Nu-2,53,Boo,1,75811,,125.7766432,
1986,76069,138527,5770,,12Tau2Ser,,143.8849,6.22,0.43,B9V,-0.038,-83.136415,-110.487404,39.79558,Tau-2,12,Ser,1,75837,,58.61381645,
1987,76126,138485,5764,,35Zet4Lib,,201.2072,5.53,-0.988,B3V,-0.148,-115.27055,-154.254138,-58.332932,Zet-4,35,Lib,1,75894,,216.3714722,
1988,76127,138749,5778,,4The CrB,,115.0748,4.14,-1.165,B6Vnn,-0.127,-58.818354,-78.716957,59.88489,The,4,CrB,1,75895,,254.6830253,The
1989,76133,138562,5772,,11    Ser,,85.9107,5.5,0.83,K0III,1.092,-51.401701,-68.813696,-1.778786,,11,Ser,1,75901,,40.55085354,
1990,76219,138716,5777,,37    Lib,,28.9268,4.61,2.303,K1IV,1,-16.923971,-22.908696,-5.055242,,37,Lib,1,75987,,10.44239219,
1991,76259,138688,5775,,36    Lib,,97.561,5.13,0.184,K2/K3III,1.306,-51.028437,-69.353843,-45.872786,,36,Lib,1,76027,,73.51906921,
1992,76267,139006,5793,,5Alp CrB,Alphecca,23.0097,2.22,0.41,A0V,0.032,-12.176093,-16.558746,10.343974,Alp,5,CrB,1,76035,,59.70352866,Alp
1993,76276,138917,5788,,13Del Ser,,69.9301,3.8,-0.423,F0IV,0.268,-40.700384,-55.408101,12.790326,Del,13,Ser,1,76044,,128.5878693,Del
1994,76297,138690,5776,,Gam Lup,,129.0323,2.8,-2.753,B2IV,-0.216,-57.388809,-78.369378,-84.935884,Gam,,Lup,1,76065,,1099.512067,
1995,76307,139153,5800,,6Mu  CrB,,189.7533,5.14,-1.251,M2III,1.65,-87.056535,-119.000658,119.441422,Mu,6,CrB,1,76075,,275.676661,
1996,76333,138905,5787,GJ 3912,38Gam Lib,Zubenelhakrabi,50.025,3.91,0.414,K0III,1.007,-28.510476,-39.071229,-12.769777,Gam,38,Lib,1,76100,,59.48397741,
1997,76337,139074,5795,,15Tau3Ser,,116.2791,6.1,0.772,G8III:,0.975,-65.302062,-89.513599,35.266691,Tau-3,15,Ser,1,76104,,42.77598315,
1998,76351,137388,,,,Karaka,39.2311,8.71,5.742,K0/K1V,0.891,-3.930997,-5.39398,-38.659171,,,Aps,1,76118,,0.439744078,
1999,76424,139225,5804,,18Tau5Ser,,52.0562,5.93,2.348,F3V,0.354,-29.30886,-40.521095,14.4526,Tau-5,18,Ser,1,76190,,10.01843766,
2000,76425,139195,5802,,16    Ser,,70.8717,5.26,1.008,K0p,0.925,-40.901675,-56.551742,12.31915,,16,Ser,1,76191,,34.41913883,
2001,76427,139137,5799,,14    Ser,,145.3488,6.51,0.698,G8III+...,0.728,-85.141154,-117.792906,-1.424476,,14,Ser,1,76193,,45.79309532,
2002,76440,138538,5771,,Eps TrA,,61.8429,4.11,0.154,K0III,1.161,-14.537768,-20.142359,-56.634489,Eps,,TrA,1,76206,,75.57880137,
2003,76470,139063,5794,,39Ups Lib,,68.5871,3.6,-0.581,K3III,1.361,-35.331726,-49.089777,-32.34227,Ups,39,Lib,1,76235,,148.730487,
2004,76534,139641,5823,,54Phi Boo,,52.0291,5.25,1.669,G8III-IV,0.886,-23.048982,-32.261828,33.688823,Phi,54,Boo,1,76299,,18.72405896,
2005,76552,139127,5797,,Ome Lup,,67.0241,4.34,0.209,K4.5III,1.412,-28.655317,-40.193087,-45.338837,Ome,,Lup,1,76317,,71.84557088,
2006,76600,139365,5812,,40Tau Lib,,112.4859,3.66,-1.595,B2.5V,-0.177,-56.468031,-79.646617,-55.864673,Tau,40,Lib,1,76365,,378.4425847,
2007,76628,139446,5814,,41    Lib,,95.4198,5.36,0.462,G8III/IV,0.883,-52.004859,-73.523435,-31.54073,,41,Lib,1,76392,,56.91149576,
2008,76669,139891,5833,,7Zet1CrB,,145.1379,4.64,-1.169,B7V+...,-0.103,-67.060303,-95.220854,86.607536,Zet-1,7,CrB,1,76433,,255.6230427,
2009,76705,139521,5820,,3Psi1Lup,,67.3401,4.66,0.519,G8/K0III,0.964,-31.911503,-45.475588,-38.056383,Psi-1,3,Lup,1,76469,,54.00077591,
2010,76742,139663,5824,,42    Lib,,117.2333,4.97,-0.375,K3III,1.302,-61.407298,-87.928448,-47.34271,,42,Lib,1,76506,,123.0268771,
2011,76750,138800,5782,,Kap2Aps,,239.2344,5.64,-1.254,B8IV,-0.04,-39.008081,-55.893666,-229.319176,Kap-2,,Aps,1,76514,,276.4394371,
2012,76810,140027,5840,,19Tau6Ser,,185.8736,6,-0.346,G8III,0.908,-101.840202,-146.781547,51.310387,Tau-6,19,Ser,1,76574,,119.7843278,
2013,76852,140159,5842,,21Iot Ser,,58.2751,4.51,0.683,A1V,0.062,-31.169694,-45.162348,19.615863,Iot,21,Ser,1,76616,,46.43014073,
2014,76866,140160,5843,,20Chi Ser,,67.3854,5.34,1.197,A0p Sr,0.033,-37.261542,-54.109727,14.983641,Chi,20,Ser,1,76630,,28.92011396,Chi
2015,76878,140232,5845,,22Tau7Ser,,53.0786,5.8,2.175,A2m,0.207,-28.532238,-41.48049,16.810404,Tau-7,22,Ser,1,76642,,11.74897555,
2016,76880,139997,5838,,43Kap Lib,,94.6074,4.75,-0.13,K5III,1.574,-50.473595,-73.402915,-31.858778,Kap,43,Lib,1,76644,,98.1747943,
2017,76945,140008,5839,,4Psi2Lup,,111.4827,4.75,-0.486,B5V,-0.151,-51.68183,-75.680182,-63.481486,Psi-2,4,Lup,1,76709,,136.2699197,
2018,76952,140436,5849,,8Gam CrB,,44.7828,3.81,0.554,A1Vs,0.02,-22.633064,-33.161033,19.838868,Gam,8,CrB,1,76716,,52.28775553,Gam
2019,76996,137333,5729,,Rho Oct,,66.1376,5.57,1.468,A2V,0.118,-3.583582,-5.277149,-65.829164,Rho,,Oct,1,76760,,22.53201336,
2020,77048,140716,5855,,9Pi  CrB,,74.6269,5.57,1.206,G9III:,1.076,-35.191878,-52.168379,40.114348,Pi,9,CrB,1,76812,,28.68137713,
2021,77052,140538,5853,Gl 596.1A,23Psi Ser,,14.6585,5.86,5.03,G5V,0.684,-8.187523,-12.141967,0.643281,Psi,23,Ser,1,76816,Gl 596.1,0.847227414,
2022,77055,142105,5903,,16Zet UMi,,113.1222,4.29,-0.978,A3Vn,0.038,-13.368655,-19.830791,110.565025,Zet,16,UMi,1,76819,,214.3877666,
2023,77060,140417,5848,,44Eta Lib,,45.7457,5.41,2.108,A6IV,0.238,-24.617747,-36.522511,-12.35785,Eta,44,Lib,1,76824,,12.49683397,
2024,77070,140573,5854,Gl 596.2,24Alp Ser,Unukalhai,22.6757,2.63,0.852,K2III,1.167,-12.5786,-18.695648,2.537718,Alp,24,Ser,1,76835,,39.73745051,
2025,77111,140729,5858,,26Tau8Ser,,113.6364,6.15,0.872,A0V,0.002,-60.405798,-90.149849,33.724849,Tau-8,26,Ser,1,76875,,39.0121603,
2026,77227,140873,5863,,25    Ser,,137.931,5.39,-0.308,B8III,-0.035,-76.044287,-114.992779,-4.342602,,25,Ser,1,76991,,115.6644774,PT
2027,77233,141003,5867,,28Bet Ser,Zhou,47.5511,3.65,0.264,A3V,0.073,-25.268927,-38.245168,12.644945,Bet,28,Ser,1,76997,,68.29674408,
2028,77257,141004,5868,Gl 598,27Lam Ser,,12.1242,4.42,4.002,G0Vvar,0.604,-6.61701,-10.039373,1.551618,Lam,27,Ser,1,77022,,2.183735328,
2029,77336,141187,5870,,31Ups Ser,,76.6871,5.71,1.286,A3V,0.094,-40.698953,-62.247056,18.701977,Ups,31,Ser,1,77100,,26.64403528,
2030,77450,141477,5879,,35Kap Ser,Gudja,117.096,4.09,-1.253,M1III,1.616,-60.303137,-93.518027,36.45959,Kap,35,Ser,1,77214,,276.1849442,
2031,77512,141714,5889,,10Del CrB,,52.1376,4.59,1.004,G5III-IV,0.794,-25.233535,-39.454341,22.911467,Del,10,CrB,1,77276,,34.54617749,Del
2032,77516,141513,5881,,32Mu  Ser,,52.0021,3.54,-0.04,A0V,-0.036,-27.963131,-43.733196,-3.11142,Mu,32,Ser,1,77280,,90.36494737,
2033,77578,141680,5888,,34Ome Ser,,83.8223,5.21,0.593,G8III,1.019,-44.914398,-70.700408,3.212649,Ome,34,Ser,1,77342,,50.4428946,
2034,77622,141795,5892,GJ 3921,37Eps Ser,,21.5983,3.71,2.038,A2m,0.147,-11.504554,-18.201236,1.686207,Eps,37,Ser,1,77386,,13.32907464,
2035,77634,141556,5883,,5Chi Lup,,59.8444,3.97,0.085,B9.5III-IV,-0.045,-26.597559,-42.137857,-33.141039,Chi,5,Lup,1,77398,,80.53784412,
2036,77635,141637,5885,,1    Sco,,151.7451,4.63,-1.276,B1.5Vn,-0.072,-72.942357,-115.583258,-65.928041,,1,Sco,1,77399,,282.0979954,
2037,77655,142091,5901,,11Kap CrB,,30.4971,4.79,2.369,K0III-IV,0.996,-13.201328,-20.969886,17.777763,Kap,11,CrB,1,77420,,9.826525828,
2038,77660,141851,5895,,36    Ser,,49.7512,5.09,1.606,A3Vn,0.135,-26.461653,-42.044753,-2.682242,,36,Ser,1,77424,,19.84266498,
2039,77661,141992,5899,,38Rho Ser,,114.9425,4.74,-0.562,K5III,1.534,-57.164285,-90.832595,41.150151,Rho,38,Ser,1,77426,,146.1503972,
2040,77760,142373,5914,Gl 602,1Chi Her,,15.8932,4.6,3.594,F9V,0.563,-6.184702,-9.962833,10.727031,Chi,1,Her,1,77524,,3.179801428,
2041,77801,142267,5911,GJ 3924,39    Ser,,17.3491,6.07,4.874,G0IV,0.598,-8.875775,-14.371331,3.960759,,39,Ser,1,77565,,0.978137704,
2042,77811,142096,5902,,45Lam Lib,,94.8767,5.04,0.154,B3V,-0.014,-46.754093,-75.800652,-32.709545,Lam,45,Lib,1,77575,,75.57880137,Lam
2043,77840,142114,5904,,2    Sco,,154.0832,4.59,-1.349,B2.5Vn,-0.073,-72.9707,-118.626076,-65.914612,,2,Sco,1,77604,,301.7171523,
2044,77853,142198,5908,,46The Lib,,51.6529,4.13,0.565,K0III,1.003,-25.878383,-42.157652,-14.868305,The,46,Lib,1,77617,,51.7606832,
2045,77907,142780,5932,,2    Her,,200.4008,5.35,-1.159,M3III,1.645,-76.062958,-124.893831,137.027013,,2,Her,1,77671,,253.2794766,
2046,77909,142301,5912,,3    Sco,,157.9779,5.87,-0.123,B8III/IV,-0.065,-74.309907,-122.04891,-67.372791,,3,Sco,1,77673,,97.54387404,V927
2047,77910,142500,5919,,40    Ser,,78.8644,6.28,1.796,A7Vn,0.171,-40.550305,-66.609212,11.76622,,40,Ser,1,77674,,16.65712328,FP
2048,77939,142378,5915,,47    Lib,,236.4066,5.95,-0.918,B2/B3V,-0.013,-115.685228,-190.654729,-78.458609,,47,Lib,1,77703,,202.8616717,
2049,77952,141891,5897,Gl 601A,Bet TrA,,12.3778,2.83,2.367,F2III,0.315,-2.869157,-4.734869,-11.070637,Bet,,TrA,1,77716,Gl 601,9.84464364,
2050,77982,141767,5891,,Kap TrA,,370.3704,5.11,-2.733,G6VII,1.108,-69.848616,-115.667606,-344.842643,Kap,,TrA,1,77746,,1079.44371,
2051,77984,142445,5917,,4    Sco,,125.1564,5.63,0.143,A3V,0.141,-58.013803,-96.077034,-55.386477,,4,Sco,1,77748,,76.34841052,
2052,77986,142926,5938,,4    Her,,164.4737,5.73,-0.35,B9p,-0.102,-62.610622,-103.698584,111.256737,,4,Her,1,77750,,120.2264435,V839
2053,78012,142908,5936,GJ 9531,12Lam CrB,,41.5628,5.43,2.336,F0IV,0.352,-16.905998,-28.078859,25.55822,Lam,12,CrB,1,77776,,10.12977969,
2054,78072,142860,5933,Gl 603,41Gam Ser,,11.2537,3.85,3.594,F6V,0.478,-5.56255,-9.299226,3.038014,Gam,41,Ser,1,77836,,3.179801428,
2055,78104,142669,5928,,5Rho Sco,Iklil,144.7178,3.87,-1.933,B2IV/V,-0.199,-64.636099,-108.519131,-70.633018,Rho,5,Sco,1,77868,,516.6542426,
2056,78105,142629,5925,,Xi 1Lup,,42.3729,5.14,2.005,A3V,0.129,-17.982473,-30.19332,-23.673808,Xi-1,,Lup,1,77869,,13.74041975,
2057,78106,142630,5926,,Xi 2Lup,,46.0617,5.59,2.273,B9V,0.072,-19.546888,-32.82341,-25.733504,Xi-2,,Lup,1,77870,,10.73494936,
2058,78132,142980,5940,,Phi Ser,,73.9645,5.54,1.195,K1IV,1.141,-36.561491,-61.602811,18.412177,Phi,,Ser,1,77896,,28.97343588,
2059,78159,143107,5947,,13Eps CrB,,67.8887,4.14,-0.019,K3III,1.231,-30.827626,-52.120195,30.691703,Eps,13,CrB,1,77923,,88.63392873,
2060,78207,142983,5941,,48    Lib,,143.472,4.95,-0.834,B8Ia/Iab,-0.08,-70.468723,-119.858644,-35.387341,,48,Lib,1,77971,,187.7586699,FX
2061,78265,143018,5944,,6Pi  Sco,Fang,179.5332,2.89,-3.381,B1V + B2V,-0.18,-81.301517,-139.203202,-79.023364,Pi,6,Sco,1,78029,,1960.649667,Pi
2062,78384,143118,5948,,Eta Lup,,135.5014,3.42,-2.24,B2.5IV,-0.206,-53.049208,-91.997111,-84.160334,Eta,,Lup,1,78148,,685.4882265,
2063,78400,143333,5954,GJ 3931,49    Lib,,35.2113,5.47,2.737,F7V,0.517,-16.835958,-29.256918,-10.020136,,49,Lib,1,78164,,7.001643594,
2064,78401,143275,5953,,7Del Sco,Dschubba,150.6024,2.29,-3.599,B0.2IV,-0.117,-69.332609,-120.492107,-57.928452,Del,7,Sco,1,78165,,2396.624529,Del
2065,78436,143459,5959,,50    Lib,,150.1502,5.53,-0.353,A0Vs,0.043,-73.821432,-128.891501,-21.963804,,50,Lib,1,78199,,120.5591008,
2066,78459,143761,5968,Gl 606.2,15Rho CrB,,17.2354,5.39,4.208,G2V,0.612,-7.145594,-12.507816,9.463601,Rho,15,CrB,1,78223,,1.806342083,
2067,78481,143666,5966,,5    Her,,76.9231,5.1,0.67,G8III,0.992,-36.273217,-63.618631,23.538494,,5,Her,1,78244,,46.98941086,
2068,78493,143807,5971,,14Iot CrB,,95.6023,4.98,0.078,A0p...,-0.05,-41.006057,-72.068531,47.585683,Iot,14,CrB,1,78256,,81.05876825,
2069,78527,144284,5986,Gl 609.1,13The Dra,,21.0349,4.01,2.395,F8IV-V,0.528,-5.406623,-9.545392,17.947647,The,13,Dra,1,78290,,9.594006315,
2070,78554,143894,5972,,44Pi  Ser,,54.8847,4.82,1.123,A3V,0.066,-24.857149,-44.067053,21.272513,Pi,44,Ser,1,78316,,30.95993213,
2071,78592,144206,5982,,6Ups Her,,113.8952,4.72,-0.563,B9III,-0.094,-38.693912,-68.950542,81.980038,Ups,6,Her,1,78354,,146.2850687,
2072,78639,143546,5962,,Eta Nor,,67.2948,4.65,0.51,G8III,0.902,-21.436686,-38.362307,-50.964612,Eta,,Nor,1,78400,,54.45026528,
2073,78662,143474,5961,,Iot1Nor,,39.3856,4.63,1.653,A7IV,0.252,-10.219274,-18.348137,-33.318582,Iot-1,,Nor,1,78423,,19.00203003,
2074,78685,144046,5976,,43    Ser,,110.6195,6.07,0.851,G9III,0.96,-53.526471,-96.327777,9.615767,,43,Ser,1,78446,,39.77406691,
2075,78820,144217,5984,,8Bet1Sco,Acrab,123.9157,2.56,-2.906,B0.5V,-0.065,-55.881427,-102.320756,-41.98604,Bet-1,8,Sco,1,78580,,1265.901749,
2076,78821,144218,5985,,8Bet2Sco,Acrab B,122.1001,4.9,-0.534,B2V,-0.024,-55.06152,-100.825111,-41.363651,Bet-2,8,Sco,1,78581,,142.4295165,
2077,78914,144197,5980,GJ 3938,Del Nor,,37.5094,4.73,1.859,Am,0.23,-12.567618,-23.26531,-26.603102,Del,,Nor,1,78673,,15.71809828,
2078,78918,144294,5987,,The Lup,,127.0648,4.22,-1.3,B2.5Vn,-0.184,-48.315728,-89.537659,-76.118957,The,,Lup,1,78678,,288.4031503,
2079,78933,144470,5993,,9Ome1Sco,,144.5087,3.93,-1.869,B1V,-0.046,-64.096463,-119.048882,-51.007488,Ome-1,9,Sco,1,78693,,487.0796665,
2080,78990,144608,5997,,10Ome2Sco,,89.1266,4.31,-0.44,G6/G8III,0.831,-39.288097,-73.429979,-31.749432,Ome-2,10,Sco,1,78750,,130.6170888,
2081,79005,144708,6002,,11    Sco,,112.3596,5.75,0.497,B9V,0.018,-51.615666,-96.674585,-24.788647,,11,Sco,1,78766,,55.10614111,
2082,79007,144874,6004,,45    Ser,,99.0099,5.63,0.652,A7V,0.2,-45.931827,-86.045837,17.008583,,45,Ser,1,78767,,47.77492347,
2083,79043,145001,6008,,7Kap Her,Marsic,112.7396,5,-0.26,G8III,0.931,-50.571259,-95.186266,33.050231,Kap,7,Her,1,78804,,110.6623784,
2084,79045,145000,6009,,7Kap Her,Marsic B,645.1613,6.25,-2.798,K1III,1.14,-289.369888,-544.699215,189.212514,Kap,7,Her,1,78805,,1146.040591,
2085,79072,145002,6010,,47    Ser,,247.5248,5.69,-1.278,M3.5IIIa,1.575,-114.477529,-216.365449,36.733054,,47,Ser,1,78832,,282.618118,FS
2086,79101,145389,6023,,11Phi Her,,62.5391,4.23,0.249,B9MNp...,-0.045,-20.653027,-39.159373,44.171451,Phi,11,Her,1,78861,,69.24684643,
2087,79102,145122,6013,,8    Her,,97.7517,6.13,1.179,A0Vnn,-0.003,-43.558055,-82.595263,28.915107,,8,Her,1,78862,,29.40356574,
2088,79119,145328,6018,,16Tau CrB,,35.7782,4.73,1.962,K0III-IV,1.015,-13.395982,-25.453931,21.277041,Tau,16,CrB,1,78879,,14.2955214,
2089,79153,144480,5994,,Iot2Nor,,85.8369,5.57,0.902,B9V,-0.024,-21.163656,-40.357512,-72.741627,Iot-2,,Nor,1,78913,,37.94897062,
2090,79219,145457,,,,Kamuy,125.3133,6.57,1.08,K0III,1.037,-51.645678,-99.279411,56.389141,,,CrB,1,78979,,32.21068791,
2091,79280,146926,6079,,19    UMi,,189.3939,5.48,-0.907,B8V,-0.093,-21.190157,-41.066352,183.669752,,19,UMi,1,79040,,200.8167804,
2092,79349,145713,6039,,10    Her,,209.205,5.74,-0.863,M4IIIa,1.519,-87.375978,-170.80998,83.402801,,10,Her,1,79109,,192.8412776,LQ
2093,79374,145502,6027,,14Nu  Sco,Jabbah,145.3488,4,-1.812,B2IV,0.076,-62.219516,-122.106847,-48.424462,Nu,14,Sco,1,79134,,462.1681361,
2094,79375,145570,6031,,15Psi Sco,,47.7099,4.93,1.537,A3IV,0.087,-21.326559,-41.855643,-8.337413,Psi,15,Sco,1,79135,,21.14462562,
2095,79387,145607,6033,,16    Sco,,77.3994,5.43,0.986,A4V,0.118,-34.712036,-68.215895,-11.503926,,16,Sco,1,79147,,35.12367905,
2096,79399,145483,6029,,12    Sco,,93.0233,5.67,0.827,B9V,0.012,-37.057916,-72.940459,-44.268833,,12,Sco,1,79159,,40.66305463,
2097,79404,145482,6028,,13    Sco,,146.8429,4.58,-1.254,B2V,-0.172,-58.749059,-115.679869,-68.771937,,13,Sco,1,79164,,276.4394371,
2098,79420,147142,6082,,20    UMi,,200.4008,6.36,-0.149,K2IV,1.283,-23.11759,-45.63384,193.761496,,20,UMi,1,79180,,99.907939,
2099,79431,,,,,Sharjah,14.3968,11.34,10.549,,1.486,-6.147626,-12.156552,-4.657551,,,Sco,1,79191,,0.00525291,
2100,79488,145892,6047,,9    Her,,121.8027,5.46,0.032,K5III,1.472,-54.491207,-108.411052,10.660459,,9,Her,1,79248,,84.56682001,
2101,79497,145361,6019,,Zet Nor,,66.7557,5.78,1.658,F2III,0.365,-16.945103,-33.756976,-55.04179,Zet,,Nor,1,79257,,18.91472363,
2102,79509,145397,6024,,Kap Nor,,131.2336,4.95,-0.64,G4III,1.017,-34.049566,-67.905705,-107.012462,Kap,,Nor,1,79270,,157.0362804,
2103,79540,145897,6048,,17Chi Sco,,116.0093,5.24,-0.082,K3III,1.394,-50.729322,-101.57897,-23.798205,Chi,17,Sco,1,79300,,93.92906516,
2104,79593,146051,6056,,1Del Oph,Yed Prior,52.4659,2.73,-0.869,M1III,1.584,-23.290749,-46.890988,-3.380547,Del,1,Oph,1,79352,,193.9099079,
2105,79607,146361,6063,Gl 615.2A,17Sig CrB,,21.0793,5.23,3.611,F8V,0.599,-7.763883,-15.688492,11.744175,Sig,17,CrB,1,79366,Gl 615.2,3.13040119,TZ
2106,79653,145842,6045,,The Nor,,118.2033,5.13,-0.233,B8V,-0.114,-35.325867,-71.83536,-86.970031,The,,Nor,1,79412,,107.944371,
2107,79664,145544,6030,,Del TrA,,186.2197,3.86,-2.49,G5II,1.105,-36.369544,-74.106715,-166.92277,Del,,TrA,1,79423,,862.9785478,
2108,79666,146388,6065,,16    Her,,106.6098,5.72,0.581,K3III,1.126,-44.445911,-90.602534,34.370873,,16,Her,1,79425,,51.0035024,
2109,79672,146233,6060,Gl 616,18    Sco,,13.9005,5.49,4.775,G1V,0.652,-6.049152,-12.350743,-2.023308,,18,Sco,1,79431,,1.071519305,
2110,79757,146738,6074,,18Ups CrB,,204.499,5.8,-0.753,A3V,0.063,-77.769095,-160.777226,99.611836,Ups,18,CrB,1,79516,,174.260919,
2111,79790,146143,6058,,Gam1Nor,,450.4505,4.97,-3.298,F9Ia,0.788,-125.594972,-260.4305,-345.408995,Gam-1,,Nor,1,79548,,1816.351931,
2112,79822,148048,6116,GJ 3950A,21Eta UMi,,29.7354,4.95,2.584,F5V,0.393,-3.16421,-6.597182,28.821068,Eta,21,UMi,1,79580,GJ 3950,8.061205639,
2113,79882,146791,6075,GJ 3949,2Eps Oph,Yed Posterior,32.6371,3.23,0.661,G8III,0.966,-13.962311,-29.378579,-2.669978,Eps,2,Oph,1,79640,,47.38053933,
2114,79963,146667,6071,,Lam Nor,,106.9519,5.44,0.294,A3Vn,0.099,-33.451243,-71.163334,-72.494651,Lam,,Nor,1,79721,,66.4354682,
2115,79992,147394,6092,,22Tau Her,,94.2507,3.91,-0.961,B5IV,-0.151,-27.579279,-58.969611,68.155258,Tau,22,Her,1,79750,,211.0571163,
2116,80000,146686,6072,GJ 9554,Gam2Nor,,39.4789,4.01,1.028,G8III,1.08,-10.705758,-22.916885,-30.311157,Gam-2,,Nor,1,79759,,33.79091874,
2117,80047,145366,6020,,Del1Aps,,233.6449,4.68,-2.163,M5III,1.68,-19.292589,-41.537057,-229.112108,Del-1,,Aps,1,79805,,638.5574851,Del-1
2118,80057,145388,6021,,Del2Aps,,187.9699,5.27,-1.1,K3III,1.413,-15.544634,-33.506284,-184.305027,Del-2,,Aps,1,79815,,239.8832919,
2119,80076,147506,,,,Hunor,114.4165,8.72,3.428,F8,0.463,-36.260076,-78.299814,75.136419,,,Her,1,79834,,3.705100563,
2120,80079,147084,6081,,19Omi Sco,,269.5418,4.55,-2.603,A4II/III,0.758,-103.308338,-223.161079,-110.3597,Omi,19,Sco,1,79837,,957.634977,
2121,80112,147165,6084,,20Sig Sco,Alniyat,213.6752,2.9,-3.749,B1III,0.299,-80.536239,-175.075401,-92.301792,Sig,20,Sco,1,79870,,2751.693133,Sig
2122,80170,147547,6095,,20Gam Her,,59.0667,3.74,-0.117,A9III,0.299,-23.156213,-50.764845,19.379328,Gam,20,Her,1,79928,,97.00631338,Gam
2123,80179,147449,6093,GJ 3952,50Sig Ser,,27.2702,4.82,2.642,F0V,0.338,-11.298928,-24.814028,0.489742,Sig,50,Ser,1,79938,,7.64187624,
2124,80181,147677,6103,,19Xi  CrB,,56.243,4.86,1.11,K0III,0.97,-19.996134,-43.926804,28.876225,Xi,19,CrB,1,79939,,31.33285724,
2125,80197,147749,6107,,20Nu 1CrB,,196.4637,5.2,-1.266,M2III,1.631,-67.471264,-148.665579,109.289128,Nu-1,20,CrB,1,79955,,279.5117054,
2126,80214,147767,6108,,21Nu 2CrB,,182.1494,5.4,-0.902,K5III,1.523,-62.546788,-138.022839,101.073581,Nu-2,21,CrB,1,79973,,199.8941111,
2127,80331,148387,6132,Gl 624.1A,14Eta Dra,Athebyne,28.2326,2.73,0.476,G8III,0.91,-5.477258,-12.300885,24.814526,Eta,14,Dra,1,80089,Gl 624.1,56.18236281,
2128,80343,147700,6104,,4Psi Oph,,61.1621,4.48,0.548,K0III,0.996,-23.347455,-52.502771,-20.956111,Psi,4,Oph,1,80101,,52.57750823,
2129,80351,147869,6111,,21    Her,,112.3596,5.83,0.577,A2sp...,0.018,-45.284757,-101.927192,13.592338,,21,Her,1,80109,,51.1917528,
2130,80460,148283,6123,,25    Her,,74.4602,5.53,1.17,A5V,0.174,-23.730059,-54.188814,45.219208,,25,Her,1,80217,,29.6483139,
2131,80463,148112,6117,,24Ome Her,Cujam,76.6871,4.57,0.146,B9p Cr,0.002,-29.840058,-68.151905,18.595479,Ome,24,Her,1,80221,,76.13774325,Ome
2132,80473,147933,6112,,5Rho Oph,,110.742,4.57,-0.652,B2V,0.227,-40.680497,-93.09769,-44.064588,Rho,5,Oph,1,80232,,158.7815364,
2133,80569,148184,6118,,7Chi Oph,,161.0306,4.22,-1.815,B2Vne,0.217,-60.281719,-140.349876,-50.979132,Chi,7,Oph,1,80327,,463.4469197,Chi
2134,80582,147971,6115,,Eps Nor,,162.6016,4.46,-1.596,B4V,-0.07,-43.237191,-100.860395,-119.987381,Eps,,Nor,1,80339,,378.7913038,
2135,80628,148367,6129,,3Ups Oph,,40.95,4.62,1.559,A3m,0.185,-15.861867,-37.279145,-5.962071,Ups,3,Oph,1,80385,,20.72048898,
2136,80645,147787,6109,,Iot TrA,,38.8048,5.28,2.336,F4IV,0.383,-6.635916,-15.624846,-34.894668,Iot,,TrA,1,80402,,10.12977969,Iot
2137,80650,149212,6161,,15    Dra,,149.2537,4.94,-0.93,A0III,-0.051,-21.123039,-49.752839,139.122681,,15,Dra,1,80406,,205.1162179,
2138,80686,147584,6098,Gl 624,Zet TrA,,12.1168,4.9,4.483,F9V,0.555,-1.604938,-3.802618,-11.392224,Zet,,TrA,1,80442,,1.402167834,
2139,80687,148427,,,,Timir,59.0319,6.89,3.035,K0III/IV,0.95,-22.329431,-52.905718,-13.680158,,,Oph,1,80443,,5.321082593,
2140,80704,148783,6146,,30    Her,,108.5776,4.83,-0.349,M6III:var,1.289,-31.377501,-74.500728,72.485826,,30,Her,1,80460,,120.1157618,G
2141,80763,148478,6134,,21Alp Sco,Antares,169.7793,1.06,-5.089,M1Ib + B2.5V,1.865,-58.542602,-140.307591,-75.574766,Alp,21,Sco,1,80519,,9453.66046,Alp
2142,80809,149081,6156,,34    Her,,101.4199,6.44,1.409,A1V,0.026,-25.455639,-61.531724,76.497312,,34,Her,1,80564,,23.79030446,
2143,80815,148605,6141,,22    Sco,,126.7427,4.79,-0.725,B3V,-0.116,-43.820533,-106.064194,-53.794689,,22,Sco,1,80570,,169.8243652,
2144,80816,148856,6148,,27Bet Her,Kornephoros,42.6621,2.78,-0.37,G8III,0.947,-15.155861,-36.689058,15.62843,Bet,27,Her,1,80571,,122.4616199,
2145,80824,,,Gl 628,,Wolf 1061,4.2922,10.1,11.937,M4,1.604,-1.597477,-3.871023,-0.940865,,,Oph,1,80579,,0.001462851,V2306
2146,80838,149026,,,,Ogma,79.4281,8.15,3.65,G0,0.611,-23.714339,-57.602097,49.279323,,,Her,1,80593,,3.01995172,
2147,80883,148857,6149,,10Lam Oph,Marfik,53.0786,3.82,0.195,A2V,0.022,-20.104527,-49.089266,1.837527,Lam,10,Oph,1,80637,,72.77798045,
2148,80894,148786,6147,,8Phi Oph,,74.6826,4.29,-0.076,G8/K0III,0.924,-27.057672,-66.252771,-21.351768,Phi,8,Oph,1,80648,,93.41142557,
2149,80975,148898,6153,,9Ome Oph,,51.7063,4.45,0.882,Ap,0.13,-17.999307,-44.626441,-18.922208,Ome,9,Oph,1,80729,,38.65449466,Ome
2150,81007,149121,6158,,28    Her,,118.3432,5.63,0.264,B9.5III,-0.044,-43.842804,-109.330767,11.386298,,28,Her,1,80761,,68.29674408,
2151,81008,149161,6159,,29    Her,,107.6426,4.84,-0.32,K4III,1.495,-39.257539,-97.909002,21.438472,,29,Her,1,80762,,116.9499391,
2152,81022,149143,,,,Rosalíadecastro,62.0347,7.89,3.927,G0,0.68,-23.009677,-57.565318,2.256769,,,Oph,1,80776,,2.339914561,
2153,81065,147675,6102,Gl 626.1,Gam Aps,,47.9157,3.86,0.458,K0IV SB,0.923,-3.402312,-8.577006,-47.018913,Gam,,Aps,1,80819,,57.12155216,
2154,81122,149038,6155,,Mu  Nor,,100000,4.86,-15.14,B0Ia,0.045,-26319.32892,-66887.11465,-69522.70734,Mu,,Nor,1,80876,,99083194.49,Mu
2155,81126,149630,6168,,35Sig Her,,96.5251,4.2,-0.723,B9Vvar,-0.013,-26.078761,-66.292176,65.133106,Sig,35,Her,1,80880,,169.5118252,
2156,81252,148890,6151,,The TrA,,104.9318,5.5,0.395,G8/K0III,0.949,-15.641815,-40.614242,-95.48046,The,,TrA,1,81006,,60.53408748,
2157,81266,149438,6165,,23Tau Sco,Paikauhale,145.3488,2.82,-2.992,B0V,-0.206,-45.960032,-119.546841,-68.7205,Tau,23,Sco,1,81020,,1370.250597,
2158,81290,150100,6184,,16    Dra,,130.8901,5.53,-0.055,B9.5Vn,-0.06,-28.233292,-73.733211,104.395843,,16,Dra,1,81044,,91.62204901,
2159,81292,150117,6185,,17    Dra,,126.4223,5.07,-0.439,B9V,-0.027,-27.242329,-71.18089,100.864819,,17,Dra,1,81046,,130.4968414,
2160,81300,149661,6171,Gl 631,12    Oph,,9.7513,5.77,5.825,K2V,0.827,-3.477447,-9.101465,-0.395514,,12,Oph,1,81054,,0.407380278,V2133
2161,81377,149757,6175,,13Zet Oph,,112.2334,2.54,-2.711,O9.5V,0.038,-39.017319,-103.200447,-20.582092,Zet,13,Oph,1,81130,,1057.791322,Zet
2162,81497,150450,6200,,42    Her,,127.0648,4.86,-0.66,M2.5III,1.562,-28.98069,-78.289781,95.792318,,42,Her,1,81249,,159.9558029,
2163,81634,150379,6194,,36    Her,,93.1099,6.92,2.075,A3IV,0.136,-31.536405,-87.339575,6.830857,,36,Her,1,81385,,12.88249552,
2164,81641,150378,6195,,37    Her,,90.009,5.77,0.999,A1V,-0.004,-30.4639,-84.43726,6.623078,,37,Her,1,81392,,34.7056354,
2165,81660,151101,6223,,18    Dra,,225.7336,4.84,-1.928,K1p,1.212,-32.76434,-91.154503,203.894615,,18,Dra,1,81411,,514.2804319,
2166,81693,150680,6212,Gl 635A,40Zet Her,,10.7158,2.81,2.66,F9IV,0.65,-3.073152,-8.593139,5.615032,Zet,40,Her,1,81444,Gl 635,7.51622894,
2167,81710,149671,6172,,Eta1TrA,,202.8398,5.89,-0.646,B7IV,-0.078,-25.229122,-70.641963,-188.459632,Eta-1,,TrA,1,81460,,157.9064973,
2168,81729,150682,6213,,39    Her,,43.7445,5.92,2.715,F2III,0.402,-13.082524,-36.745907,19.802974,,39,Her,1,81479,,7.144963261,
2169,81734,150557,6205,,14    Oph,,55.5864,5.74,2.015,F2.7III-IV,0.336,-18.61777,-52.362856,1.145901,,14,Oph,1,81484,,13.61444682,
2170,81833,150997,6220,,44Eta Her,,33.3111,3.48,0.867,G8III-IV,0.916,-8.555377,-24.463195,20.928253,Eta,44,Her,1,81583,,39.19223225,
2171,81852,149324,6163,,Bet Aps,,48.1232,4.23,0.818,K0III,1.06,-3.425923,-9.82102,-46.985394,Bet,,Aps,1,81602,,41.00152405,
2172,82037,151133,6224,,16    Oph,,153.1394,6.02,0.095,B9.5III,-0.012,-48.904208,-145.095088,2.726528,,16,Oph,1,81786,,79.79946873,
2173,82073,151217,6228,,43    Her,,108.5776,5.15,-0.029,K5III,1.535,-34.141151,-101.788408,16.203587,,43,Her,1,81823,,89.45404838,
2174,82080,153751,6322,,22Eps UMi,,93.1966,4.21,-0.637,G5IIIvar,0.897,-4.098102,-12.242736,92.297935,Eps,22,UMi,1,81830,,156.6029721,Eps
2175,82140,151179,6225,,25    Sco,,216.4502,6.72,0.043,K0II,1.177,-61.283376,-185.45507,-93.281625,,25,Sco,1,81889,,83.71436744,
2176,82162,151431,6232,,19    Oph,,166.113,6.07,-0.032,A3V,0.14,-51.874961,-157.691752,5.984217,,19,Oph,1,81911,,89.70156084,
2177,82216,151525,6234,,45    Her,,120.6273,5.22,-0.187,B9p (Cr),-0.001,-37.232477,-114.205849,11.030757,,45,Her,1,81965,,103.4665576,V776
2178,82273,150798,6217,,Alp TrA,Atria,119.7605,1.91,-3.482,K2IIb-IIIa,1.447,-13.127447,-40.804561,-111.826781,Alp,,TrA,1,82022,,2151.79057,
2179,82321,152107,6254,,52    Her,,55.2486,4.82,1.108,A2p...,0.087,-11.66607,-36.574998,39.731338,,52,Her,1,82070,,31.39062769,V637
2180,82363,151249,6229,,Eta Ara,,91.7431,3.77,-1.043,K5III,1.562,-14.233672,-44.996851,-78.673358,Eta,,Ara,1,82112,,227.6145393,
2181,82369,151769,6243,,20    Oph,,31.9795,4.64,2.116,F7IV,0.478,-9.468343,-29.953991,-5.983039,,20,Oph,1,82118,,12.4050923,
2182,82396,151680,6241,,26Eps Sco,Larawag,19.5351,2.29,0.836,K2IIIb,1.144,-4.842163,-15.39568,-11.006616,Eps,26,Sco,1,82144,,40.3273793,
2183,82402,151956,6250,,47    Her,,54.407,5.48,1.802,A3m,0.108,-16.157205,-51.497078,6.863921,,47,Her,1,82151,,16.56532649,
2184,82422,152173,6258,,50    Her,,327.8689,5.73,-1.849,M1III,1.626,-84.780138,-271.568637,162.974724,,50,Her,1,82171,,478.1894607,
2185,82480,152127,6255,,21    Oph,,116.144,5.51,0.185,A2Vs,0.055,-34.232608,-110.956878,2.464651,,21,Oph,1,82229,,73.45138682,
2186,82504,152326,6270,,51    Her,,214.1328,5.03,-1.623,K2II-III,1.246,-57.097671,-186.044664,89.331033,,51,Her,1,82253,,388.329157,
2187,82514,151890,6247,,Mu 1Sco,Xamidimura,153.6098,3,-2.932,B1.5IV + B,-0.2,-35.43289,-115.66204,-94.671563,Mu-1,,Sco,1,82263,,1296.582035,Mu-1
2188,82526,152308,6268,,49    Her,,124.0695,6.51,1.042,B9.5p (Cr),-0.033,-35.00212,-114.631384,32.05756,,49,Her,1,82275,,33.35799967,V823
2189,82545,151985,6252,,Mu 2Sco,Pipirima,145.3488,3.56,-2.252,B2IV,-0.21,-33.31875,-109.554458,-89.520712,Mu-2,,Sco,1,82294,,693.1065451,
2190,82587,152598,6279,,53    Her,,29.1886,5.34,3.014,F0V,0.319,-7.160243,-23.778713,15.338404,,53,Her,1,82336,,5.425003216,
2191,82651,152581,,,,Mahsati,185.5288,8.38,2.038,K0,0.9,-51.7543,-173.956642,38.490448,,,Oph,1,82399,,13.32907464,
2192,82671,152236,6262,,Zet1Sco,,787.4016,4.7,-4.781,B1Iae,0.444,-165.254768,-557.850047,-530.561119,Zet-1,,Sco,1,82419,,7118.688673,Zet-1
2193,82673,152614,6281,,25Iot Oph,,75.188,4.39,0.009,B8V,-0.088,-21.016847,-70.960621,13.269872,Iot,25,Oph,1,82421,,86.37737465,
2194,82729,152334,6271,,Zet2Sco,,40.568,3.62,0.579,K4III,1.393,-8.440449,-28.763155,-27.33475,Zet-2,,Sco,1,82477,,51.09754091,
2195,82730,152601,6280,,23    Oph,,73.8007,5.23,0.89,K2III,1.1,-20.657012,-70.407508,-7.911482,,23,Oph,1,82478,,38.37072455,
2196,82780,152863,6292,,56    Her,,136.7989,6.06,0.38,G5III,0.921,-34.466006,-118.31675,59.390088,,56,Her,1,82529,,61.37620052,
2197,82802,152879,6293,,54    Her,,120.048,5.35,-0.047,K4III,1.407,-31.693086,-109.390144,37.959093,,54,Her,1,82550,,90.94943386,
2198,82860,153597,6315,Gl 648,19    Dra,,15.2579,4.88,3.963,F6Vvar,0.481,-1.767632,-6.167324,13.843316,,19,Dra,1,82607,,2.26360164,
2199,82898,153697,6319,,20    Dra,,69.9301,6.4,2.177,F1V,0.383,-8.082022,-28.38209,63.39819,,20,Dra,1,82645,,11.72735306,
2200,82925,152849,6291,,24    Oph,,93.1099,5.57,0.725,A0V,-0.018,-23.310275,-82.377605,-36.605619,,24,Oph,1,82669,,44.66835922,
2201,82960,152820,6288,,27    Sco,,290.6977,5.48,-1.837,K5III,1.606,-65.791438,-234.006672,-159.427481,,27,Sco,1,82704,,472.9334149,
2202,82987,153287,6305,,57    Her,,169.4915,6.27,0.124,G5III:,0.909,-41.242926,-147.510367,72.574849,,57,Her,1,82731,,77.6962396,
2203,83000,153210,6299,,27Kap Oph,,28.0426,3.19,0.951,K2IIIvar,1.16,-7.432411,-26.650562,4.567947,Kap,27,Oph,1,82745,,36.27438015,Kap
2204,83081,152786,6285,GJ 9581,Zet Ara,,149.0313,3.12,-2.746,K5III,1.552,-22.05913,-80.386753,-123.53816,Zet,,Ara,1,82826,,1092.446053,
2205,83153,152980,6295,,Eps1Ara,,110.6195,4.06,-1.159,K4III,1.452,-17.282386,-64.033737,-88.530893,Eps-1,,Ara,1,82898,,253.2794766,
2206,83196,153363,6310,,26    Oph,,33.7041,5.74,3.102,F3V,0.407,-7.886294,-29.513683,-14.238213,,26,Oph,1,82941,,5.002648624,
2207,83207,153808,6324,,58Eps Her,,47.5285,3.92,0.535,A0V,-0.018,-10.50257,-39.395153,24.426522,Eps,58,Her,1,82952,,53.21082593,
2208,83262,153687,6318,,30    Oph,,124.2236,4.82,-0.651,K4III,1.483,-31.510319,-119.812027,-9.146869,,30,Oph,1,83007,,158.6353605,
2209,83313,154029,6332,,59    Her,,98.8142,5.27,0.296,A3IV,0.028,-20.751945,-79.676518,54.637295,,59,Her,1,83058,,66.31320219,
2210,83331,153727,6321,,29    Oph,,177.6199,6.28,0.033,K1III,1.351,-42.181956,-162.678621,-57.49189,,29,Oph,1,83077,,84.48896695,
2211,83431,153580,6314,GJ 3985,Eps2Ara,,27.2257,5.27,3.095,F6V,0.498,-4.001009,-15.795945,-21.811057,Eps-2,,Ara,1,83176,,5.035006088,
2212,83462,154356,6346,,61    Her,,229.8851,6.19,-0.618,M4III,1.467,-45.718442,-181.689204,133.21399,,61,Her,1,83206,,153.886315,
2213,83547,153950,,,,Rapeto,49.5295,7.39,3.916,G2IV-V,0.565,-8.640486,-34.989554,-33.974575,,,Sco,1,83290,,2.363741608,
2214,83608,154905,6369,GJ 9584B,21Mu  Dra,,27.4348,4.91,2.718,F5,0.471,-3.766782,-15.491692,22.326644,Mu,21,Dra,2,119127,GJ 9584,7.125248248,
2215,83613,154494,6355,,60    Her,,40.8664,4.89,1.833,A4IV,0.125,-9.410291,-38.733409,9.01272,,60,Her,1,83358,,16.09904076,
2216,83895,155763,6396,,22Zet Dra,Aldhibah,100.7049,3.17,-1.845,B6III,-0.12,-9.178442,-40.388128,91.793254,Zet,22,Dra,1,83638,,476.4309868,
2217,84012,155125,6378,Gl 656.1A,35Eta Oph,Sabik,27.0929,2.43,0.266,A2.5Va,0.059,-5.602493,-25.470005,-7.342684,Eta,35,Oph,1,83755,Gl 656.1,68.17105263,
2218,84054,155514,6391,,63    Her,,82.3045,6.2,1.623,A8V,0.227,-15.906926,-73.344232,33.787885,,63,Her,1,83796,,19.53439656,V620
2219,84143,155203,6380,Gl 657,Eta Sco,,22.5276,3.32,1.556,F3p,0.441,-3.401345,-16.05484,-15.432267,Eta,,Sco,1,83885,,20.77782098,
2220,84177,155644,6393,,37    Oph,,334.4482,5.32,-2.302,M2III,1.593,-67.701975,-321.710546,61.437136,,37,Oph,1,83919,,725.7716503,
2221,84345,156014,6406,,64Alp1Her,Rasalgethi,110.2536,2.78,-2.432,M5IIvar,1.164,-20.995512,-104.709944,27.400863,Alp-1,64,Her,1,84086,,818.0879579,Alp
2222,84379,156164,6410,GJ 3995A,65Del Her,Sarin,23.0362,3.12,1.308,A3IVv SB,0.08,-4.075476,-20.503689,9.676738,Del,65,Her,1,84121,GJ 3995,26.10958687,
2223,84380,156283,6418,,67Pi  Her,,115.4734,3.16,-2.152,K3IIvar,1.437,-18.017787,-90.679203,69.185936,Pi,67,Her,1,84122,,632.120682,
2224,84405,155885,6401,Gl 663A,36    Oph,Guniibuu,5.9333,4.33,5.464,K2:III:,0.855,-1.027046,-5.204798,-2.656955,,36,Oph,1,84147,Gl 663,0.568067574,
2225,84514,156266,6415,,41    Oph,,63.0915,4.72,0.72,K2III,1.119,-11.872792,-61.962339,-0.490336,,41,Oph,1,84256,,44.87453899,
2226,84535,183030,7394,,Lam UMi,,271.7391,6.31,-0.861,M1III,1.575,-0.852391,-4.483378,271.700793,Lam,,UMi,1,84279,,192.4863778,Lam
2227,84573,156633,6431,,68    Her,,204.0816,4.8,-1.749,B1.5Vp,-0.166,-31.649594,-168.007506,111.449558,,68,Her,1,84315,,436.1139714,U
2228,84606,156729,6436,,69    Her,,53.7924,4.64,0.986,A2V,0.043,-7.859219,-42.067341,32.591167,,69,Her,1,84348,,35.12367905,
2229,84625,156350,6425,,39Omi Oph,,98.2318,6.59,1.629,G8/K0II,0.51,-16.313459,-88.041128,-40.398864,Omi,39,Oph,1,84367,,19.42674323,
2230,84626,156349,6424,,39Omi Oph,,90.4159,5.14,0.359,K:...,1.046,-15.01469,-81.034332,-37.188494,Omi,39,Oph,1,84368,,62.57487634,
2231,84787,156411,,,,Inquill,54.7945,6.67,2.976,G1Vw...,0.614,-6.321012,-35.717587,-41.069892,,,Ara,1,84529,,5.618236281,
2232,84835,157325,6464,,74    Her,,170.9402,5.51,-0.654,M0III,1.586,-20.351021,-116.462161,123.461648,,74,Her,1,84577,,159.0742924,
2233,84862,157214,6458,Gl 672,72    Her,,14.3266,5.38,4.599,G0V,0.619,-2.064569,-11.909033,7.690492,,72,Her,1,84604,,1.260085459,
2234,84880,156928,6446,,53Nu  Ser,,62.3053,4.32,0.347,A0/A1V,0.037,-10.332265,-59.860544,-13.853358,Nu,53,Ser,1,84622,,63.27031549,
2235,84887,157198,6457,,70    Her,,131.0616,5.13,-0.457,A2V,0,-20.246378,-117.530245,54.349118,,70,Her,1,84629,,132.6783311,
2236,84893,156897,6445,Gl 670A,40Xi  Oph,,17.3551,4.39,3.193,F2/F3V,0.394,-2.741337,-15.956245,-6.251407,Xi,40,Oph,1,84636,Gl 670,4.600446664,
2237,84969,156277,6417,,Zet Aps,,91.1577,4.76,-0.039,K1III,1.194,-5.693181,-34.013168,-84.382697,Zet,,Aps,1,84710,,90.2817565,
2238,84970,157056,6453,,42The Oph,,133.6898,3.27,-2.36,B2IV,-0.186,-19.992891,-119.503681,-56.498782,The,42,Oph,1,84711,,765.5966069,The
2239,84979,156190,6411,,Iot Aps,,404.8583,5.39,-2.647,B8/B9Vn...,-0.042,-22.660997,-135.773155,-380.739207,Iot,,Aps,1,84720,,997.2407117,
2240,85079,157042,6451,,Iot Ara,,286.533,5.21,-2.076,B2IIIne,-0.097,-30.911682,-191.213521,-211.146679,Iot,,Ara,1,84820,,589.3862502,Iot
2241,85084,157236,6459,,43    Oph,,251.2563,5.3,-1.701,K4/K5III,1.549,-35.269335,-218.725967,-118.510297,,43,Oph,1,84825,,417.2535112,
2242,85112,157778,6484,,75Rho Her,,120.6273,4.15,-1.257,B9.5III,-0.011,-15.173056,-94.947155,72.840377,Rho,75,Her,1,84853,,277.2043238,
2243,85157,157728,6480,,73    Her,,42.6985,5.7,2.548,F0IV,0.229,-6.131707,-38.834469,16.656316,,73,Her,1,84898,,8.332973486,
2244,85258,157244,6461,,Bet Ara,,198.0198,2.84,-3.644,K3Ib-II,1.479,-16.904234,-110.792345,-163.251778,Bet,,Ara,1,84999,,2498.043519,
2245,85267,157246,6462,,Gam Ara,,341.2969,3.31,-4.356,B1Ib,-0.15,-28.42707,-186.83103,-284.199972,Gam,,Ara,1,85008,,4812.824219,
2246,85312,157457,6468,,Kap Ara,,139.6648,5.19,-0.535,K1III,1.055,-13.093636,-87.613468,-107.975626,Kap,,Ara,1,85053,,142.5607594,
2247,85340,157792,6486,Gl 673.1,44    Oph,,25.4972,4.16,2.128,A3IV:m,0.283,-3.40098,-23.010733,-10.441731,,44,Oph,1,85081,,12.26874105,
2248,85355,157999,6498,,49Sig Oph,,276.2431,4.34,-2.866,K3IIvar,1.48,-40.112693,-272.586309,19.944743,Sig,49,Oph,1,85096,,1220.112847,
2249,85379,158414,6509,,77    Her,,115.2074,5.83,0.523,A4V,0.121,-11.092765,-75.892949,85.964745,,77,Her,1,85120,,53.80219572,
2250,85423,157919,6492,,45    Oph,,34.2114,4.28,1.609,F3III,0.402,-4.211689,-29.367376,-17.037061,,45,Oph,1,85164,,19.78791335,
2251,85670,159181,6536,,23Bet Dra,Rastaban,116.5501,2.79,-2.543,G2II,0.954,-9.169333,-70.678899,92.218765,Bet,23,Dra,1,85410,,906.1498022,
2252,85693,158899,6526,,76Lam Her,Maasym,113.2503,4.41,-0.86,K3IIIvar,1.434,-12.948576,-100.86468,49.842035,Lam,76,Her,1,85433,,192.3091729,
2253,85696,158408,6508,,34Ups Sco,Lesath,176.6784,2.7,-3.536,B2IV,-0.179,-17.880984,-139.40881,-107.054828,Ups,34,Sco,1,85436,,2261.517746,
2254,85699,166926,6811,,24    UMi,,46.8823,5.78,2.425,A2m,0.239,-0.315161,-2.459631,46.816683,,24,UMi,1,85439,,9.332543008,
2255,85727,158094,6500,,Del Ara,,60.6796,3.6,-0.315,B8V,-0.104,-3.736759,-29.474564,-52.908519,Del,,Ara,1,85467,,116.4126029,
2256,85755,158643,6519,,51    Oph,,124.3781,4.78,-0.694,A0V,0.016,-14.138881,-112.775053,-50.514993,,51,Oph,1,85494,,165.0440986,
2257,85790,159139,6533,,78    Her,,82.0345,5.66,1.09,A1V,-0.001,-8.847902,-71.611693,39.026928,,78,Her,1,85528,,31.91537855,
2258,85792,158427,6510,,Alp Ara,,81.9672,2.84,-1.728,B2Vne,-0.136,-6.473763,-52.424912,-62.676478,Alp,,Ara,1,85530,,427.7598315,Alp
2259,85805,159966,6566,,27    Dra,,64.6831,5.07,1.016,K0III,1.077,-2.939425,-23.90906,60.029455,,27,Dra,1,85544,,34.16646128,
2260,85819,159541,6554,,24Nu 1Dra,,30.248,4.89,2.487,Am...,0.251,-2.091471,-17.142584,24.833263,Nu-1,24,Dra,1,85557,,8.814547044,
2261,85822,166205,6789,,23Del UMi,Yildun,52.7704,4.35,0.738,A1Vn,0.021,-0.379972,-3.119005,52.676703,Del,23,UMi,1,85560,,44.13671435,
2262,85829,159560,6555,,25Nu 2Dra,,30.4878,4.86,2.439,Am,0.279,-2.101791,-17.284211,25.026701,Nu-2,25,Dra,1,85567,,9.212977277,
2263,85927,158926,6527,,35Lam Sco,Shaula,175.1313,1.62,-4.597,B1.5IV+...,-0.231,-16.048583,-138.749793,-105.649898,Lam,35,Sco,1,85665,,6008.969505,Lam
2264,85998,159480,6548,,53    Oph,,103.5197,5.8,0.725,A2V,0.04,-11.284418,-101.448224,17.240136,,53,Oph,1,85736,,44.66835922,
2265,86032,159561,6556,Gl 681,55Alp Oph,Rasalhague,14.8965,2.08,1.215,A5III,0.155,-1.587067,-14.453242,3.239454,Alp,55,Oph,1,85769,,28.44461107,
2266,86036,160269,6573,Gl 684A,26    Dra,,14.1904,5.23,4.47,G0V,0.602,-0.728444,-6.649556,12.514635,,26,Dra,1,85773,Gl 684,1.419057522,
2267,86060,159376,6545,,52    Oph,,258.3979,6.47,-0.591,Ap Si,0.011,-25.754187,-238.119464,-96.980729,,52,Oph,1,85797,,150.1066733,V2125
2268,86092,159217,6537,,1Sig Ara,,116.0093,4.56,-0.762,A0V,-0.02,-8.464162,-79.397322,-84.158121,Sig,1,Ara,1,85829,,175.7114247,
2269,86182,160290,6574,,82    Her,,108.3424,5.35,0.176,K1III,1.142,-7.296215,-71.296298,81.251062,,82,Her,1,85919,,74.06277837,
2270,86201,160922,6596,GJ 4017,28Ome Dra,,23.1642,4.77,2.946,F5V,0.43,-0.842597,-8.350132,21.590264,Ome,28,Dra,1,85939,,5.775638464,
2271,86228,159532,6553,,The Sco,Sargas,92.081,1.86,-2.961,F1II,0.406,-6.654055,-67.016643,-62.796539,The,,Sco,1,85965,,1331.680376,
2272,86254,160181,6571,,79    Her,,76.6871,5.76,1.336,A2Vn,0.114,-6.844621,-69.551356,31.570016,,79,Her,1,85991,,25.44485615,
2273,86263,159876,6561,,55Xi  Ser,,32.2789,3.54,0.995,F0IIIp,0.262,-3.038557,-30.971085,-8.570974,Xi,55,Ser,1,85998,,34.8337315,
2274,86284,159975,6567,,57Mu  Oph,,231.4815,4.58,-2.243,B8II-IIIMNp,0.132,-22.118191,-228.091396,-32.691082,Mu,57,Oph,1,86019,,687.3849196,
2275,86305,159492,6549,Gl 683,Pi  Ara,,44.5633,5.25,2.005,A7V,0.195,-2.469939,-25.759605,-36.279846,Pi,,Ara,1,86040,,13.74041975,
2276,86414,160762,6588,,85Iot Her,,139.47,3.82,-1.902,B3V SB,-0.179,-8.66837,-96.48418,100.3369,Iot,85,Her,1,86148,,502.1113055,Iot
2277,86486,160032,6569,Gl 686.2,Lam Ara,,21.45,4.76,3.103,F3IV,0.415,-1.192144,-13.903682,-16.290191,Lam,,Ara,1,86219,,4.998043136,
2278,86565,160613,6581,,56Omi Ser,,53.1067,4.24,0.614,A2Va,0.086,-4.193749,-51.601055,-11.833705,Omi,56,Ser,1,86298,,49.47661737,Omi
2279,86614,162003,6636,Gl 694.1A,31Psi1Dra,Dziban,22.8363,4.57,2.777,F5IV-V,0.434,-0.551088,-6.978598,21.736754,Psi-1,31,Dra,1,86347,Gl 694.1,6.748387309,
2280,86620,162004,6637,Gl 694.1B,31Psi1Dra,Dziban B,23.0627,5.81,3.995,G0V,0.53,-0.555414,-7.044781,21.953273,Psi-1,31,Dra,2,86347,Gl 694.1,2.197859873,
2281,86667,161074,6602,,83    Her,,124.3781,5.56,0.086,K4III,1.436,-8.642779,-112.790649,51.705161,,83,Her,1,86400,,80.46370017,
2282,86670,160578,6580,,Kap Sco,,148.1481,2.39,-3.463,B1.5III,-0.171,-8.785101,-114.747994,-93.292778,Kap,,Sco,1,86403,,2114.462562,Kap
2283,86731,161239,6608,,84    Her,,39.0625,5.73,2.771,G2IIIb,0.683,-2.582126,-35.499885,16.091969,,84,Her,1,86464,,6.78578351,
2284,86736,160915,6595,Gl 692,58    Oph,,17.6523,4.86,3.626,F6/F7V,0.469,-1.184939,-16.360471,-6.522104,,58,Oph,1,86469,,3.087450476,
2285,86742,161096,6603,,60Bet Oph,Cebalrai,25.0941,2.76,0.762,K2III,1.168,-1.802333,-24.949291,1.998237,Bet,60,Oph,1,86475,,43.17178445,
2286,86782,161693,6618,,,Alruba,163.3987,5.75,-0.316,A2V,0.017,-6.737285,-96.264768,131.85914,,,Dra,1,86515,,116.5198723,
2287,86796,160691,6585,Gl 691,Mu  Ara,Cervantes,15.5111,5.12,4.167,G5V,0.694,-0.662558,-9.561971,-12.19514,Mu,,Ara,1,86529,,1.875858174,
2288,86831,161270,6609,,61    Oph,,84.8176,6.16,1.518,A1IV-V,0.131,-5.700983,-84.539377,3.817164,,61,Oph,1,86564,,21.5179057,
2289,86929,160635,6582,,Eta Pav,,107.9914,3.61,-1.557,K1III,1.161,-2.868557,-46.020948,-97.652295,Eta,,Pav,1,86661,,365.4264678,
2290,86974,161797,6623,Gl 695A,86Mu  Her,,8.3105,3.42,3.822,G5IV,0.75,-0.434406,-7.3437,3.865655,Mu,86,Her,1,86705,Gl 695,2.57750787,
2291,87072,161592,6616,,3    Sgr,,302.1148,4.53,-2.871,F7II,0.6,-14.494275,-266.775691,-141.045839,,3,Sgr,1,86803,,1225.744632,X
2292,87073,161471,6615,,Iot1Sco,,591.716,2.99,-5.871,F3Ia,0.509,-24.497404,-451.772701,-381.351324,Iot-1,,Sco,1,86804,,19426.74323,
2293,87108,161868,6629,,62Gam Oph,Bake-eo,31.5159,3.75,1.257,A0V,0.043,-1.662293,-31.436744,1.488597,Gam,62,Oph,1,86839,,27.36528654,
2294,87194,162211,6644,,87    Her,,64.9773,5.09,1.026,K2III,1.141,-2.857093,-58.517516,28.099051,,87,Her,1,86924,,33.85322128,
2295,87212,162579,6656,,30    Dra,,66.5336,5.02,0.905,A2V,0.043,-2.005243,-42.020083,51.545573,,30,Dra,1,86942,,37.84425847,
2296,87234,163989,6701,,35    Dra,,31.7561,5.02,2.511,F6IV-Vs,0.518,-0.329627,-7.155979,30.937358,,35,Dra,1,86964,,8.621840811,
2297,87261,161892,6630,,,Fuyue,38.5802,3.19,0.258,K0/K1III,1.192,-1.362278,-30.763993,-23.24156,,,Sco,1,86991,,68.67521061,
2298,87280,162732,6664,,88    Her,,291.5452,6.78,-0.544,Bpsh,-0.109,-8.397238,-193.404472,217.997104,,88,Her,1,87010,,143.7474006,V744
2299,87294,161912,6631,,Iot2Sco,,781.25,4.78,-4.684,A6Ib,0.259,-25.587827,-597.130794,-503.121757,Iot-2,,Sco,1,87024,,6510.284984,
2300,87563,163217,6677,,90    Her,,108.4599,5.17,-0.006,K3III,1.166,-2.428129,-83.039685,69.72802,,90,Her,1,87292,,87.57900363,
2301,87585,163588,6688,,32Xi  Dra,Grumium,34.5066,3.73,1.04,K2III,1.177,-0.532395,-18.850278,28.897629,Xi,32,Dra,1,87314,,33.419504,
2302,87728,164613,6725,,34Psi2Dra,,323.6246,5.43,-2.12,F2.5II-III,0.34,-2.099937,-99.955899,307.794215,Psi-2,34,Dra,1,87457,,613.7620052,
2303,87747,163506,6685,,89    Her,,100000,5.47,-14.53,F2Iavar,0.341,-1795.340144,-89823.18196,43915.51759,,89,Her,1,87477,,56493697.48,V441
2304,87808,163770,6695,,91The Her,,230.9469,3.86,-2.958,K1IIvar,1.35,-3.005409,-183.808118,139.792353,The,91,Her,1,87537,,1328.005886,
2305,87833,164058,6705,,33Gam Dra,Eltanin,47.3037,2.24,-1.134,K5III,1.521,-0.436154,-29.451035,37.014357,Gam,33,Dra,1,87561,,247.5141318,
2306,87933,163993,6703,,92Xi  Her,,41.9463,3.7,0.587,K0III,0.935,-0.356945,-36.596981,20.49449,Xi,92,Her,1,87661,,50.72242399,
2307,87937,,,Gl 699,,Barnard's Star,1.8238,9.54,13.235,sdM4,1.57,-0.017373,-1.816613,0.149123,,,Oph,1,87665,,0.000442588,V2500
2308,87998,164136,6707,,94Nu  Her,,263.8522,4.41,-2.697,F2II,0.38,-1.490198,-228.060606,132.680139,Nu,94,Her,1,87726,,1044.239219,Nu
2309,88048,163917,6698,,64Nu  Oph,,46.2107,3.32,-0.004,K0III,0.987,-0.193436,-45.539708,-7.844563,Nu,64,Oph,1,87775,,87.41782564,
2310,88116,163955,6700,,4    Sgr,,127.3885,4.74,-0.786,B9V,-0.03,-0.105488,-116.540665,-51.439783,,4,Sgr,1,87844,,179.6387399,
2311,88127,166865,6809,,40    Dra,,72.6216,6.11,1.805,K2Vvar,0.521,0.003254,-12.609564,71.518535,,40,Dra,1,87855,,16.51961798,
2312,88128,164349,6713,,93    Her,,205.7613,4.67,-1.897,K0II-III,1.254,0.048945,-197.029965,59.302737,,93,Her,1,87856,,499.8043136,
2313,88136,166866,6810,,41    Dra,,63.5324,5.74,1.725,K2Vvar,0.516,0.007397,-11.027826,62.568076,,41,Dra,1,87864,,17.7827941,
2314,88149,164284,6712,,66    Oph,,199.6008,4.79,-1.711,B2Ve,-0.1,0.228655,-199.020638,15.204156,,66,Oph,1,87877,,421.1143104,V2048
2315,88175,164259,6710,Gl 699.2,57Zet Ser,,23.5516,4.62,2.76,F3V,0.39,0.049583,-23.502332,-1.515823,Zet,57,Ser,1,87902,,6.854882265,
2316,88192,164353,6714,,67    Oph,,377.3585,3.93,-3.954,B5Ib,0.029,1.061054,-376.863133,19.299314,,67,Oph,1,87920,,3323.533036,
2317,88258,164358,6715,,6    Sgr,,806.4516,6.27,-3.263,K2III,1.763,4.657842,-770.5508,-237.894167,,6,Sgr,1,87984,,1758.733354,
2318,88267,164668,6729,,95    Her,Bodu,127.8772,4.26,-1.274,G5,0.406,0.78172,-118.897851,47.065883,,95,Her,1,87994,,281.57883,
2319,88290,164577,6723,,68    Oph,,89.6861,4.42,-0.344,A2Vn,0.046,0.685936,-89.660264,2.042683,,68,Oph,1,88018,,119.56388,
2320,88331,164852,6738,,96    Her,,288.1844,5.25,-2.048,B3IV,-0.1,2.801853,-269.327362,102.494355,,96,Her,1,88057,,574.3809135,V820
2321,88346,164900,6741,,97    Her,,233.6449,6.22,-0.623,B3Vn,-0.092,2.349744,-215.180268,91.003955,,97,Her,1,88073,,154.5966219,
2322,88380,164584,6724,,7    Sgr,,331.1258,5.37,-2.23,F2/F3II/III,0.495,3.755466,-301.807359,-136.170624,,7,Sgr,1,88107,,679.2036326,
2323,88404,164764,6733,Gl 700.1B,69Tau Oph,,51.3347,4.77,1.218,F5V+...,0.41,0.683287,-50.807469,-7.304342,Tau,69,Oph,2,119195,Gl 700.1,28.36612419,
2324,88414,164604,,,,Pincoya,41.0678,9.62,6.552,K2,1.396,0.490331,-36.066992,-19.63405,,,Sgr,1,88141,,0.208545105,
2325,88469,164794,6736,,9    Sgr,,100000,5.89,-14.11,O6,0.031,1539.811867,-91083.64387,-41248.01588,,9,Sgr,1,88195,,38370724.55,
2326,88567,164975,6742,,Gam1Sgr,,266.6667,4.66,-2.47,G0Ib/II,0.774,5.079766,-231.855248,-131.637134,Gam-1,,Sgr,1,88293,,847.2274141,W
2327,88601,165341,6752,Gl 702A,70    Oph,,5.0834,4.03,5.499,K0V SB,0.86,0.120862,-5.077062,0.221741,,70,Oph,1,88327,Gl 702,0.550047253,V2391
2328,88635,165135,6746,,10Gam2Sgr,Alnasl,29.7,2.98,0.616,K0III,0.981,0.648969,-25.602281,-15.040072,Gam-2,10,Sgr,1,88361,,49.38556196,
2329,88657,165625,6765,,98    Her,,226.2443,4.96,-1.813,M3IIIa+...,1.656,5.511553,-209.372067,85.553275,,98,Her,1,88382,,462.5940048,
2330,88714,165024,6743,,The Ara,,249.3766,3.65,-3.334,B2Ib,-0.101,4.628533,-159.924037,-191.28926,The,,Ara,1,88439,,1877.586699,
2331,88745,165908,6775,Gl 704A,99    Her,,15.6421,5.05,4.079,F7V,0.528,0.412832,-13.462756,7.953585,,99,Her,1,88469,Gl 704,2.034229743,
2332,88765,165760,6770,,71    Oph,,83.612,4.64,0.029,G8III-IV,0.951,2.634065,-82.600446,12.696067,,71,Oph,1,88488,,84.80080989,
2333,88771,165777,6771,GJ 9615A,72    Oph,,26.6312,3.71,1.583,A4IVs,0.159,0.842022,-26.247342,4.424647,,72,Oph,1,88494,GJ 9615,20.26749152,
2334,88794,166014,6779,,103Omi Her,,103.6269,3.84,-1.237,B9.5V,-0.018,2.989087,-90.792184,49.863048,Omi,103,Her,1,88517,,272.1447746,Omi
2335,88817,166046,6782,,100    Her,,38.5802,5.79,2.858,A3V,0.127,1.18272,-34.62655,16.97127,,100,Her,1,88540,,6.263253648,
2336,88818,166045,6781,,100    Her,,49.6032,5.83,2.352,A3V,0.158,1.520783,-44.518449,21.823319,,100,Her,1,88541,,9.981596275,
2337,88866,165040,6745,,Pi  Pav,,39.8565,4.33,1.328,Am,0.228,0.66171,-17.666424,-35.720985,Pi,,Pav,1,88589,,25.6330332,
2338,88886,166182,6787,,102    Her,Ramus,280.8989,4.37,-2.873,B2IV,-0.164,10.031459,-262.374329,99.815819,,102,Her,1,88610,,1228.004618,
2339,88899,166230,6794,,101    Her,,100.8065,5.1,0.083,A8III,0.176,3.668784,-94.628648,34.552576,,101,Her,1,88621,,80.68633704,
2340,88964,166233,6795,,73    Oph,,54.7945,5.71,2.016,F2V,0.363,2.280611,-54.613722,3.815845,,73,Oph,1,88687,,13.60191323,V2666
2341,89042,165499,6761,Gl 705.1,Iot Pav,,17.6118,5.47,4.241,G0V,0.592,0.37635,-8.259198,-15.550848,Iot,,Pav,1,88765,,1.752265862,
2342,89112,166063,6783,,Eps Tel,,128.2051,4.52,-1.02,G5III,1.009,4.365484,-89.024955,-92.151983,Eps,,Tel,1,88835,,222.8435149,
2343,89153,166464,6801,,11    Sgr,,78.4929,4.96,0.486,K0III,1.055,3.674512,-71.778373,-31.55161,,1,Sgr,1,88876,,55.66727982,
2344,89172,167006,6815,,104    Her,,166.9449,4.96,-1.153,M3III,1.643,7.396773,-142.29571,86.993204,,104,Her,1,88895,,251.8836628,V669
2345,89341,166937,6812,,13Mu  Sgr,Polis,100000,3.84,-16.16,B2III:,0.195,5600.996443,-93152.9614,-35932.6399,Mu,13,Sgr,1,89064,,253512863,Mu
2346,89348,168151,6850,Gl 708.1,36    Dra,,22.92,4.99,3.189,F5V,0.44,0.600206,-9.886041,20.669241,,36,Dra,1,89071,,4.617426595,
2347,89369,167036,6816,,14    Sgr,,138.8889,5.49,-0.223,K2III,1.528,8.026253,-128.784039,-51.383173,,14,Sgr,1,89092,,106.9547311,
2348,89439,167264,6822,,15    Sgr,,100000,5.29,-14.71,B0/1Ia/ab,0.007,6204.552484,-93320.92013,-35393.6348,,15,Sgr,1,89161,,66680676.92,
2349,89440,167263,6823,,16    Sgr,,100000,5.96,-14.04,B0.5Ib/II,-0.023,6218.821238,-93528.99388,-34837.53089,,16,Sgr,1,89162,,35974933.52,
2350,89448,168653,6865,,37    Dra,,84.674,5.96,1.321,K1III:,1.055,2.044654,-30.612837,78.919863,,37,Dra,1,89170,,25.79882936,
2351,89642,167618,6832,,Eta Sgr,,44.7427,3.1,-0.154,M2III,1.582,2.754228,-35.738834,-26.777975,Eta,,Sgr,1,89364,,100.3690931,Eta
2352,89773,168532,6860,,105    Her,,298.5075,5.3,-2.075,K4II SB,1.508,22.713169,-270.795698,123.533212,,105,Her,1,89495,,588.8436554,
2353,89826,168775,6872,,1Kap Lyr,,77.1605,4.33,-0.107,K2IIIvar,1.162,5.398691,-62.138782,45.423984,Kap,1,Lyr,1,89548,,96.11695415,
2354,89861,168720,6868,,106    Her,,120.1923,4.92,-0.479,M1III,1.594,9.859953,-111.033545,44.949429,,106,Her,1,89583,,135.3941811,
2355,89908,170000,6920,,43Phi Dra,,92.8505,4.22,-0.619,A0p (Si),-0.093,2.687254,-29.589204,87.96844,Phi,43,Dra,1,89630,,154.0281148,Phi
2356,89918,168656,6866,,74    Oph,,79.8722,4.85,0.338,G8III,0.911,7.249918,-79.403247,4.705156,,74,Oph,1,89640,,63.79696227,
2357,89925,168913,6876,,108    Her,,56.1798,5.61,1.862,A5m,0.231,4.44745,-48.518583,27.969932,,108,Her,1,89648,,15.67472752,
2358,89931,168454,6859,,19Del Sgr,Kaus Media,106.6098,2.72,-2.419,K3III,1.38,8.460232,-92.098382,-53.027575,Del,19,Sgr,1,89653,,808.3510374,
2359,89935,168914,6877,,107    Her,,80.6452,5.12,0.587,A7V,0.212,6.467264,-70.32546,38.937246,,107,Her,1,89657,,50.72242399,
2360,89937,170153,6927,Gl 713A,44Chi Dra,,8.0574,3.55,4.019,F7Vvar,0.489,0.219434,-2.381656,7.694536,Chi,44,Dra,1,89660,Gl 713,2.14980961,
2361,89962,168723,6869,Gl 711,58Eta Ser,,18.5426,3.23,1.889,K0III-IV,0.941,1.719456,-18.438938,-0.937748,Eta,58,Ser,1,89684,,15.28973647,
2362,90004,168746,,,,Alasia,42.735,7.95,4.796,G5,0.713,3.976682,-41.623556,-8.82869,,,Ser,1,89726,,1.050993427,
2363,90098,168339,6855,,Xi  Pav,,143.6782,4.35,-1.437,M1III SB,1.462,6.937554,-68.218953,-126.259656,Xi,,Pav,1,89819,,327.1899836,
2364,90133,167468,6829,,Phi Oct,,59.4884,5.47,1.598,A0V,0.043,1.578604,-15.270958,-57.473306,Phi,,Oct,1,89854,,19.98941111,
2365,90135,169156,6884,,Zet Sct,,63.3714,4.66,0.651,K0III,0.932,6.451297,-62.269156,-9.841775,Zet,,Sct,1,89856,,47.81894607,
2366,90139,169414,6895,,109    Her,Tusizuo,36.4697,3.85,1.04,K2III,1.168,3.495833,-33.687362,13.525603,,109,Her,1,89860,,33.419504,
2367,90156,170073,6923,,39    Dra,,56.4653,4.98,1.221,A3V,0.082,3.046033,-29.090824,48.29866,,39,Dra,1,89877,,28.28785388,
2368,90185,169022,6879,,20Eps Sgr,Kaus Australis,43.9367,1.79,-1.424,B9.5III,-0.031,3.817188,-36.057831,-24.812975,Eps,20,Sgr,1,89906,,323.2957534,
2369,90191,169702,6903,,2Mu  Lyr,,134.5895,5.11,-0.535,A3IVn,0.047,10.957928,-103.261796,85.622433,Mu,2,Lyr,1,89912,,142.5607594,
2370,90260,169233,6888,,18    Sgr,,196.0784,5.58,-0.882,K0III,1.138,18.36137,-167.495985,-100.272765,,18,Sgr,1,89981,,196.2456324,
2371,90289,169420,6896,,21    Sgr,,125.7862,4.81,-0.688,A1/A2V,1.31,13.002383,-117.068408,-44.136913,,21,Sgr,1,90010,,164.1345467,
2372,90344,170693,6945,,42    Dra,Fafnir,96.5251,4.82,-0.103,K2III,1.179,4.51784,-39.674686,87.878659,,42,Dra,1,90065,,95.7634977,
2373,90422,169467,6897,,Alp Tel,,85.1789,3.49,-1.162,B3IV,-0.179,6.951907,-58.794382,-61.23999,Alp,,Tel,1,90143,,253.9802814,
2374,90441,169985,6918,,59    Ser,,143.8849,5.2,-0.59,G0III+...,0.487,17.041701,-142.871072,0.492479,,59,Ser,1,90162,,149.9684836,D
2375,90496,169916,6913,Gl 713.1,22Lam Sgr,Kaus Borealis,23.9693,2.82,0.922,K1IIIb,1.025,2.635486,-21.487046,-10.289309,Lam,22,Sgr,1,90217,,37.25632385,
2376,90568,169767,6905,,Zet Tel,,38.6997,4.1,1.161,G8/K0III,0.995,3.180986,-25.152757,-29.238082,Zet,,Tel,1,90288,,29.89509928,
2377,90595,170296,6930,,Gam Sct,,97.9432,4.67,-0.285,A1IV/V,0.076,12.044075,-94.026655,-24.631831,Gam,,Sct,1,90315,,113.2400363,
2378,90642,170474,6935,,60    Ser,,70.4225,5.38,1.141,K0III,0.961,9.08997,-69.791004,-2.439671,,60,Ser,1,90362,,30.45089067,
2379,90797,169978,6916,,Nu  Pav,,134.5895,4.63,-1.015,B8III,-0.116,8.543936,-62.022507,-119.141451,Nu,,Pav,1,90515,,221.819642,Nu
2380,90830,170465,6934,,Del1Tel,,216.9197,4.92,-1.761,B6IV,-0.101,20.84525,-149.470411,-155.81481,Del-1,,Tel,1,90548,,440.9608165,
2381,90844,170920,6957,,61    Ser,,188.3239,5.93,-0.445,A4III,0.17,26.164815,-186.468056,-3.296486,,61,Ser,1,90562,,131.2199899,
2382,90853,170523,6938,,Del2Tel,,366.3004,5.07,-2.749,B3III,-0.127,35.603876,-253.074971,-262.414668,Del-2,,Tel,1,90571,,1095.468767,
2383,90905,171635,6978,,45    Dra,,649.3506,4.77,-4.292,F7Ib,0.611,50.037861,-349.665988,544.872436,,45,Dra,1,90623,,4537.326169,
2384,90969,170867,6953,,Kap2CrA,,47.2144,6.31,2.94,B8,0.02,5.347051,-36.446951,-29.533227,Kap-2,,CrA,1,90687,,5.807644175,
2385,90968,170868,6952,,Kap1CrA,,298.5075,5.67,-1.705,B9.5,-0.06,33.804159,-230.413026,-186.745171,Kap-1,,CrA,1,90688,,418.7935651,
2386,90982,170845,6951,,The CrA,,170.9402,4.62,-1.544,G5III,0.994,18.41312,-125.059291,-115.072484,The,,CrA,1,90700,,361.0771451,
2387,91004,171115,6961,,24    Sgr,,632.9114,5.49,-3.517,K3III,1.795,85.170107,-571.739137,-257.753942,,24,Sgr,1,90722,,2222.286254,
2388,91066,171237,6965,,25    Sgr,,100000,6.53,-13.47,F2II,0.515,13694.46457,-90161.90484,-41027.94864,,25,Sgr,1,90784,,21281390.46,
2389,91117,171443,6973,,Alp Sct,,61.0501,3.85,-0.078,K2III,1.317,9.245186,-59.708018,-8.754035,Alp,,Sct,1,90835,,93.58365436,
2390,91262,172167,7001,Gl 721,3Alp Lyr,Vega,7.6787,0.03,0.604,A0Vvar,-0.001,0.960565,-5.908009,4.809731,Alp,3,Lyr,1,90979,,49.93441887,
2391,91689,172546,7011,,26    Sgr,,62.8931,6.22,2.227,A3m...,0.231,10.449549,-56.572879,-25.413786,,26,Sgr,1,91406,,11.19953522,
2392,91726,172748,7020,,Del Sct,,62.0732,4.7,0.735,F2IIIp d Del,0.358,11.242967,-60.259791,-9.766549,Del,,Sct,1,91441,,44.25883724,Del
2393,91755,173524,7049,,46    Dra,,104.3841,5.03,-0.063,B9.5p...,-0.07,10.923881,-58.045429,86.066145,,46,Dra,1,91471,,92.29963848,
2394,91768,173739,,Gl 725A,,Struve 2398 A,3.5691,8.94,11.177,K5,1.504,0.334856,-1.773105,3.079349,,,Dra,1,91484,Gl 725,0.002945778,
2395,91772,173740,,Gl 725B,,Struve 2398 B,3.4545,9.7,12.008,K5,1.561,0.324167,-1.716358,2.980381,,,Dra,2,91484,Gl 725,0.001370251,
2396,91792,171759,6982,,Zet Pav,,66.9792,4.01,-0.12,K2III,1.134,3.982268,-20.957449,-63.491109,Zet,,Pav,1,91507,,97.27472238,
2397,91845,173009,7032,,Eps Sct,,165.0165,4.88,-1.208,G8II,1.112,30.823598,-160.362815,-23.750503,Eps,,Sct,1,91559,,264.9720099,
2398,91852,173416,7043,,,Xihe,139.47,6.04,0.318,G8,1.04,21.185517,-110.010103,83.070331,,,Lyr,1,91566,,64.98303635,
2399,91875,172777,7021,,Lam CrA,,62.9327,5.11,1.116,A0/A1V,0.075,9.374585,-48.473774,-39.024426,Lam,,CrA,1,91589,,31.16018303,
2400,91919,173582,7051,,4Eps1Lyr,,49.776,4.67,1.185,F1V,0.17,7.366292,-37.5992,31.775155,Eps-1,4,Lyr,1,91633,,29.24152378,
2401,91926,173607,7053,,5Eps2Lyr,,47.6872,4.59,1.198,A8Vn,0.18,7.069425,-36.050085,30.404986,Eps-2,5,Lyr,1,91639,,28.89348982,
2402,91971,173648,7056,,6Zet1Lyr,,47.8698,4.34,0.94,Am,0.192,7.36169,-37.202578,29.210771,Zet-1,6,Lyr,1,91684,,36.64375746,
2403,91973,173649,7057,,7Zet2Lyr,,47.6872,5.73,2.338,F0IVvar,0.285,7.339623,-37.064921,29.092427,Zet-2,7,Lyr,1,91686,,10.11113712,
2404,91975,173370,7040,,4    Aql,,142.6534,5.02,-0.751,B9V,-0.055,27.709969,-139.842131,5.127916,,4,Aql,1,91688,,173.940214,
2405,92041,173300,7039,,27Phi Sgr,,73.3676,3.17,-1.158,B8.5III,-0.107,12.937936,-64.083559,-33.297761,Phi,27,Sgr,1,91754,,253.0463049,
2406,92043,173667,7061,Gl 725.2,110    Her,,19.2086,4.19,2.773,F6V,0.483,3.560021,-17.631081,6.741603,,110,Her,1,91756,,6.77329514,
2407,92111,173460,7046,,28    Sgr,,209.6436,5.37,-1.237,K5III,1.591,38.929317,-189.886596,-79.862487,,28,Sgr,1,91824,,272.1447746,
2408,92112,175286,7124,,50    Dra,,85.8369,5.37,0.702,A1Vn,0.049,4.338074,-21.147226,83.077898,,50,Dra,1,91825,,45.62469771,
2409,92117,173654,7059,,5    Aql,,111.8568,5.89,0.647,A2m,0.131,22.525397,-109.549348,-1.877397,,5,Aql,1,91830,,47.99544249,
2410,92161,173880,7069,,111    Her,,28.8934,4.34,2.036,A5III,0.148,5.592547,-26.87472,9.015438,,111,Her,1,91874,,13.35365033,
2411,92175,173764,7063,,Bet Sct,,280.8989,4.22,-3.023,G5II...,1.087,57.215132,-274.025425,-23.250298,Bet,,Sct,1,91888,,1409.937949,
2412,92226,173540,7050,,Mu  CrA,,121.3592,5.2,-0.22,G5/G6III,0.781,19.112223,-90.413122,-78.665155,Mu,,CrA,1,91939,,106.6596121,
2413,92294,173168,7036,,The Pav,,67.7048,5.71,1.557,A9V,0.268,6.008636,-27.890156,-61.400116,The,,Pav,1,92007,,20.7586927,
2414,92308,173715,7062,,Eta1CrA,,103.0928,5.46,0.394,A2Vn,0.133,15.76904,-72.870812,-71.199018,Eta-1,,CrA,1,92021,,60.58986711,
2415,92382,173861,7068,,Eta2CrA,,147.7105,5.6,-0.247,B9IV,-0.077,23.025318,-104.761635,-101.553757,Eta-2,,CrA,1,92094,,109.3452697,
2416,92390,174116,7078,GJ 4080,29    Sgr,,286.533,5.22,-2.066,K2III,1.404,57.776277,-262.407938,-99.524093,,29,Sgr,1,92102,,583.9827246,
2417,92398,174585,7100,,8Nu 1Lyr,,401.6064,5.93,-2.089,B3IV,-0.154,72.716858,-329.60201,217.628931,Nu-1,8,Lyr,1,92110,,596.4856499,
2418,92403,,,Gl 729,,Ross 154,2.9698,10.37,13.006,M3.5Ve,1.51,0.585883,-2.652454,-1.200123,,,Sgr,1,92115,,0.000546512,V1216
2419,92405,174602,7102,,9Nu 2Lyr,,70.9723,5.22,0.965,A3V,0.1,12.918088,-58.412107,38.186763,Nu-2,9,Lyr,1,92117,,35.80964371,
2420,92420,174638,7106,,10Bet Lyr,Sheliak,294.9853,3.52,-3.829,A8:V comp SB,0.003,53.40884,-240.514817,162.223134,Bet,10,Lyr,1,92133,,2962.101936,Bet
2421,92480,174309,7088,,30    Sgr,,70.5716,6.29,2.047,F2IV,0.39,14.380138,-63.755856,-26.621587,,30,Sgr,1,92191,,13.21904253,
2422,92512,175306,7125,,47Omi Dra,,104.8218,4.63,-0.472,K0II-III SB,1.185,11.825931,-52.050358,90.213524,Omi,47,Dra,1,92225,,134.5240705,Omi
2423,92524,174589,7101,,8    Aql,,78.6164,6.08,1.602,F2III,0.299,17.444704,-76.521471,-4.549943,,8,Aql,1,92236,,19.91590289,V1729
2424,92609,173948,7074,,Lam Pav,,438.5965,4.22,-3.99,B2II-III,-0.15,46.22288,-199.350966,-387.929889,Lam,,Pav,1,92319,,3435.579479,Lam
2425,92614,174933,7113,,112    Her,,124.3781,5.43,-0.044,B9p...,-0.068,26.180236,-112.784157,45.433427,,112,Her,1,92324,,90.69847815,
2426,92646,174295,7087,,Kap Tel,,83.3333,5.18,0.576,G8/K0III,0.962,11.657101,-49.83653,-65.763254,Kap,,Tel,1,92356,,51.23892387,
2427,92728,175426,7131,,11Del1Lyr,,303.9514,5.58,-1.834,B2.5V,-0.138,56.406693,-236.194466,182.802547,Del-1,11,Lyr,1,92438,,471.6284553,
2428,92747,174947,7114,,33    Sgr,,502.5126,5.68,-2.826,G8/K0II,1.206,109.254434,-455.064124,-183.027215,,33,Sgr,1,92457,,1175.980174,
2429,92761,174974,7116,,32Nu 1Sgr,Ainalrami,344.8276,4.86,-2.828,K1II,1.412,74.467326,-309.170538,-133.319898,Nu-1,32,Sgr,1,92471,,1178.148406,
2430,92782,176524,7180,,52Ups Dra,,105.4852,4.82,-0.296,K0III,1.151,7.953288,-32.876473,99.914948,Ups,52,Dra,1,92492,,114.393145,
2431,92791,175588,7139,,12Del2Lyr,,225.7336,4.22,-2.548,M4IIvar,1.575,42.527743,-175.43781,135.530509,Del-2,12,Lyr,1,92502,,910.3323997,Del-2
2432,92818,175492,7133,,113    Her,,144.7178,4.57,-1.233,G4III+...,0.782,31.602936,-129.768194,55.719384,,113,Her,1,92527,,271.1440009,
2433,92824,164461,6721,,Chi Oct,,78.7402,5.29,0.809,K3III,1.304,0.778828,-3.195753,-78.671771,Chi,,Oct,1,92534,,41.3428108,
2434,92845,175190,7120,GJ 9637,35Nu 2Sgr,,83.9631,5,0.38,K1Ib/II,1.348,18.454088,-75.246341,-32.363461,Nu-2,35,Sgr,1,92554,,61.37620052,
2435,92855,175191,7121,,34Sig Sgr,Nunki,69.8324,2.05,-2.17,B2.5V,-0.134,14.950858,-60.794062,-30.937099,Sig,34,Sgr,1,92564,,642.6877173,
2436,92862,175865,7157,,13    Lyr,,91.4077,4.08,-0.725,M5IIIvar,1.397,15.73619,-63.903742,63.435052,,13,Lyr,1,92571,,169.8243652,R
2437,92895,175541,,Gl 736,,Kaveh,127.0648,8.02,2.5,G8V,0.869,30.48371,-122.991629,9.450485,,,Ser,1,92604,,8.7096359,
2438,92946,175638,7141,,63The1Ser,Alya,47.4158,4.62,1.24,A5V,0.161,11.483943,-45.872196,3.475585,The-1,63,Ser,1,92654,,27.79713268,
2439,92951,175639,7142,,63The2Ser,Alya B,51.9481,4.98,1.402,A5Vn,0.204,12.587009,-50.255684,3.806479,The-2,63,Ser,1,92659,,23.94418173,
2440,92997,176408,7175,,48    Dra,,84.674,5.67,1.031,K1III,1.155,11.054483,-43.726326,71.661996,,48,Dra,1,92705,,33.69767986,
2441,93015,174694,7107,,Kap Pav,,153.3742,4.4,-1.529,F5Ib-II:,0.53,14.597349,-57.529297,-141.425058,Kap,,Pav,1,92723,,356.1229809,Kap
2442,93026,175751,7149,,Eta Sct,,62.0347,4.83,0.867,K1III,1.057,15.206379,-59.808358,-6.318797,Eta,,Sct,1,92733,,39.19223225,
2443,93051,175869,7158,,64    Ser,,348.4321,5.56,-2.151,B9IIIp...,0.004,86.090718,-337.276873,15.413134,,64,Ser,1,92758,,631.5387454,
2444,93057,175687,7145,,36Xi 1Sgr,,632.9114,5.02,-3.987,B9.5Ib,0.137,146.632345,-573.783597,-223.26711,Xi-1,36,Sgr,1,92764,,3426.099725,
2445,93085,175775,7150,,37Xi 2Sgr,,111.9821,3.52,-1.726,G8/K0II/III,1.151,26.037848,-101.172397,-40.325267,Xi-2,37,Sgr,1,92793,,426.972594,
2446,93148,175510,7134,,Lam Tel,,187.6173,4.85,-1.516,A0V,-0.051,28.531786,-109.412352,-149.716796,Lam,,Tel,1,92855,,351.8843888,
2447,93163,175329,7127,,Ome Pav,,172.7116,5.14,-1.047,K1III-IV,1.355,21.710932,-83.041308,-149.875381,Ome,,Pav,1,92870,,228.4546489,
2448,93174,175813,7152,,Eps CrA,,30.1841,4.83,2.431,F3IV/V,0.396,6.100734,-23.286509,-18.210673,Eps,,CrA,1,92881,,9.28111171,Eps
2449,93179,176232,7167,,10    Aql,,78.3699,5.91,1.439,F0spe...,0.251,19.298344,-73.584372,18.835506,,10,Aql,1,92886,,23.14195262,V1286
2450,93194,176437,7178,,14Gam Lyr,Sulafat,190.1141,3.25,-3.145,B9III,-0.049,40.69872,-154.738921,102.67804,Gam,14,Lyr,1,92902,,1577.61127,
2451,93203,176303,7172,,11    Aql,,48.4262,5.27,1.845,F8V,0.573,12.001609,-45.508133,11.405346,,11,Aql,1,92910,,15.92208727,
2452,93244,176411,7176,,13Eps Aql,,47.5059,4.02,0.636,K2III,1.082,11.79959,-44.328509,12.35001,Eps,13,Aql,1,92951,,48.48417387,
2453,93279,176670,7192,,15Lam Lyr,,338.9831,4.94,-2.711,K3III,1.465,74.302034,-277.232391,180.363117,Lam,15,Lyr,1,92987,,1057.791322,
2454,93340,177249,7218,,49    Dra,,150.8296,5.51,-0.382,G5IIbCN...,0.862,22.28178,-82.117841,124.538257,,49,Dra,1,93047,,123.8226231,
2455,93408,177196,7215,,16    Lyr,,37.4392,5,2.133,A7V,0.186,6.771591,-24.651517,27.352282,,16,Lyr,1,93115,,12.2123713,
2456,93429,176678,7193,,12    Aql,,44.1306,4.02,0.796,K1IIIvar,1.079,11.675164,-42.328374,-4.412978,,12,Aql,1,93136,,41.84080196,
2457,93506,176687,7194,,38Zet Sgr,Ascella,27.0416,2.6,0.44,A3IV,0.062,6.326274,-22.577554,-13.471863,Zet,38,Sgr,1,93213,,58.07644175,
2458,93526,176984,7209,,14    Aql,,153.1394,5.4,-0.525,A1V,-0.005,41.422687,-147.099019,-9.879713,,14,Aql,1,93233,,141.2537545,
2459,93542,176638,7188,,Zet CrA,,59.2066,4.74,0.878,A0Vn,-0.027,11.946382,-42.277742,-39.689849,Zet,,CrA,1,93248,,38.79716573,
2460,93683,177241,7217,GJ 9641,39Omi Sgr,,43.554,3.76,0.565,K0III,1.012,11.267032,-38.85539,-16.133344,Omi,39,Sgr,1,93388,,51.7606832,
2461,93713,178207,7251,,51    Dra,,111.1111,5.4,0.171,A0Vn,-0.014,18.516947,-63.612008,89.197892,,51,Dra,1,93418,,74.40463662,
2462,93717,177463,7225,,15    Aql,,88.7311,5.4,0.66,K1III,1.12,24.753665,-84.979537,-6.238096,,15,Aql,1,93422,,47.42419853,
2463,93747,177724,7235,GJ 4095A,17Zet Aql,Okab,25.4582,2.99,0.961,A0Vn,0.014,6.95881,-23.716532,6.099966,Zet,17,Aql,1,93452,GJ 4095,35.94181463,
2464,93805,177756,7236,,16Lam Aql,,37.9219,3.43,0.536,B9Vn,-0.096,10.770638,-36.216543,-3.227659,Lam,16,Aql,1,93510,,53.16183951,
2465,93815,177171,7213,,Rho Tel,,56.7215,5.17,1.401,F7V,0.532,9.890669,-33.213282,-44.904155,Rho,,Tel,1,93520,,23.96624529,
2466,93825,177474,7226,Gl 743.1A,Gam CrA,,17.304,4.23,3.039,F7IV-V,0.523,3.945759,-13.231884,-10.428815,Gam,,CrA,1,93530,Gl 743.1,5.301515067,
2467,93864,177716,7234,GJ 9643,40Tau Sgr,,37.2856,3.32,0.462,K1/K2III,1.169,9.508483,-31.623153,-17.31506,Tau,40,Sgr,1,93569,,56.91149576,
2468,93867,178125,7248,,18    Aql,,214.1328,5.07,-1.583,B8III,-0.055,60.543269,-201.237336,41.119713,,18,Aql,1,93572,,374.2829122,Y
2469,93903,178475,7262,,18Iot Lyr,,274.7253,5.25,-1.944,B6IV,-0.109,64.25245,-212.472082,161.86766,Iot,18,Lyr,1,93608,,521.9152658,
2470,93917,178449,7261,,17    Lyr,,41.58,5.2,2.106,F0V,0.367,10.168792,-33.560841,22.342001,,17,Lyr,1,93622,,12.51987521,
2471,94005,177873,7242,,Del CrA,,54.7345,4.57,0.879,K1III,1.07,12.229963,-39.785308,-35.544936,Del,,CrA,1,93710,,38.76144867,
2472,94068,178596,7266,,19    Aql,,45.7875,5.23,1.926,F0III-IV,0.346,13.50129,-43.48224,4.844231,,19,Aql,1,93773,,14.77746706,
2473,94083,180777,7312,Gl 748.1,59    Dra,,27.3,5.11,2.929,A9V,0.308,1.885917,-6.058273,26.552421,,59,Dra,1,93788,,5.866782664,
2474,94114,178253,7254,,Alp CrA,Meridiana,38.432,4.11,1.187,A0/A1V,0.042,9.052029,-28.941534,-23.610478,Alp,,CrA,1,93819,,29.18770848,
2475,94140,179933,7290,,55    Dra,,93.4579,6.26,1.407,A0V,0.008,11.402802,-36.295653,85.363598,,55,Dra,1,93845,,23.83416821,
2476,94141,178524,7264,,41Pi  Sgr,Albaldah,156.25,2.88,-3.089,F2II/III,0.377,43.714239,-139.143552,-56.055078,Pi,41,Sgr,1,93846,,1498.304211,
2477,94160,178345,7259,,Bet CrA,,145.3488,4.1,-1.712,K0II/IIICN.,1.163,33.816393,-107.204136,-92.141229,Bet,,CrA,1,93865,,421.5023497,
2478,94302,180006,7295,,53    Dra,,105.4852,5.13,0.014,G8III,1.008,17.743037,-54.871114,88.325776,,53,Dra,1,94007,,85.98050667,
2479,94311,179527,7283,,19    Lyr,,273.224,5.93,-1.253,B9p Si,-0.062,71.929297,-222.144433,141.877533,,19,Lyr,1,94016,,276.1849442,V471
2480,94376,180711,7310,,57Del Dra,Altais,29.8686,3.07,0.694,G9III,0.99,3.534238,-10.788301,27.627312,Del,57,Dra,1,94081,,45.96211447,
2481,94385,179406,7279,,20    Aql,,300.3003,5.35,-2.038,B3V,0.094,92.745377,-282.591425,-41.479767,,20,Aql,1,94090,,569.1149576,
2482,94477,179761,7287,,21    Aql,,217.8649,5.14,-1.551,B8II-III,-0.071,68.814412,-206.527587,8.719399,,21,Aql,1,94182,,363.4126161,V1288
2483,94481,180163,7298,,20Eta Lyr,Aladfar,425.5319,4.43,-3.715,B2.5IV,-0.15,104.385585,-313.073293,268.637487,Eta,20,Lyr,1,94186,,2666.858665,
2484,94490,180610,7309,,54    Dra,,50.6586,5,1.477,K2III,1.156,8.57898,-25.669979,42.821987,,54,Dra,1,94195,,22.34601058,
2485,94620,180317,7301,,1    Sge,,91.8274,5.65,0.835,A4V,0.121,27.615619,-81.016782,33.254957,,1,Sge,1,94325,,40.3645393,
2486,94643,179950,7292,,42Psi Sgr,,91.4913,4.86,0.053,K0/K1III+..,0.569,26.782195,-78.290753,-39.036853,Psi,42,Sgr,1,94348,,82.94686951,
2487,94645,179949,7291,,,Gumala,27.5482,6.25,4.05,F8V,0.548,8.135614,-23.777829,-11.28349,,,Sgr,1,94350,,2.089296131,V5652
2488,94648,181984,7352,,60Tau Dra,,44.8833,4.45,1.19,K3III,1.257,4.161675,-12.163752,43.002444,Tau,60,Dra,1,94352,,29.10717118,
2489,94703,180554,7306,,1    Vul,,248.7562,4.76,-2.219,B4IV,-0.058,75.616041,-218.93028,90.726612,,1,Vul,1,94408,,672.3571072,
2490,94713,180809,7314,,21The Lyr,,255.102,4.35,-2.684,K0II,1.258,65.631893,-189.618553,157.52507,The,21,Lyr,1,94418,,1031.810635,
2491,94724,179009,7274,,Tau Pav,,194.5525,6.25,-0.195,A6IV/V,0.193,22.6379,-65.303514,-181.861456,Tau,,Pav,1,94429,,104.2317429,
2492,94727,180482,7303,,22    Aql,,164.4737,5.59,-0.49,A3IV,0.101,53.70636,-154.838604,13.862318,,22,Aql,1,94432,,136.7728826,
2493,94779,181276,7328,,1Kap Cyg,,38.0662,3.8,0.897,K0III,0.95,7.497777,-21.43943,30.547504,Kap,1,Cyg,1,94484,,38.12413511,
2494,94820,180540,7304,,43    Sgr,,147.7105,4.88,-0.967,K0III,1.013,46.423708,-131.763665,-47.975072,,43,Sgr,1,94525,,212.2266897,
2495,94827,180968,7318,,2    Vul,,373.1343,5.46,-2.399,B0.5IV,0.02,114.246285,-323.845794,145.948281,,2,Vul,1,94532,,793.5969682,ES
2496,94834,180868,7315,,25Ome1Aql,,127.2265,5.28,-0.243,F0IV,0.196,41.508295,-117.514516,25.572457,Ome-1,25,Aql,1,94539,,108.943168,
2497,94885,180972,7319,,23    Aql,,113.7656,5.1,-0.18,K2II-IIIvar,1.143,38.222125,-107.130716,2.154482,,23,Aql,1,94590,,102.8016298,
2498,94913,181053,7321,,24    Aql,,127.0648,6.4,0.88,K0II-III:..,1.05,42.857713,-119.616256,0.751847,,24,Aql,1,94618,,38.72576449,
2499,94982,181333,7331,,28    Aql,,103.4126,5.53,0.457,F0III,0.265,34.404879,-94.970177,22.161708,,28,Aql,1,94689,,57.17418729,V1208
2500,95002,181383,7332,,29Ome2Aql,,81.4996,6.03,1.474,A2V,0.087,27.273598,-75.051332,16.297093,Ome-2,29,Aql,1,94707,,22.40784027,
2501,95066,181391,7333,,26    Aql,,47.2813,4.98,1.607,G8III-IV...,0.937,16.204706,-44.192747,-4.462499,,26,Aql,1,94771,,19.82439763,
2502,95073,181440,7336,,27    Aql,,134.2282,5.46,-0.179,B9III,-0.041,46.230244,-125.998179,-2.089999,,27,Aql,1,94778,,102.7069896,
2503,95081,182564,7371,,58Pi  Dra,,70.1754,4.6,0.369,A2IIIs,0.033,9.950368,-27.092377,63.965175,Pi,58,Dra,1,94786,,62.00118642,
2504,95124,181342,,,,Belel,110.6195,7.55,2.331,K0III,1.022,35.109071,-95.077194,-44.321033,,,Sgr,1,94829,,10.17653663,
2505,95168,181577,7340,GJ 4107,44Rho1Sgr,,38.9257,3.92,0.969,F0III/IV,0.228,12.926473,-34.724544,-11.929933,Rho-1,44,Sgr,1,94873,,35.67795883,Rho-1
2506,95176,181615,7342,,46Ups Sgr,,546.4481,4.52,-4.168,F2p,0.079,183.411949,-492.34429,-150.209092,Ups,46,Sgr,1,94881,,4047.622487,Ups
2507,95188,181645,7344,,45Rho2Sgr,,101.833,5.84,0.801,K0III,1.062,33.797403,-90.57804,-31.988912,Rho-2,45,Sgr,1,94892,,41.64856093,
2508,95241,181454,7337,,Bet1Sgr,Arkab Prior,96.1538,3.96,-0.955,B9V,-0.085,24.213622,-64.216561,-67.345884,Bet-1,,Sgr,1,94946,,209.8939884,
2509,95260,182255,7358,,3    Vul,,120.4819,5.22,-0.185,B6III,-0.119,38.212489,-101.062317,53.311124,,3,Vul,1,94965,,103.2761406,V377
2510,95261,181296,7329,,Eta Tel,,48.216,5.03,1.614,A0Vn,0.02,9.921558,-26.238139,-39.21628,Eta,,Tel,1,94966,,19.69699615,
2511,95262,181720,,,,Sika,58.072,7.84,4.02,G1V,0.599,17.247552,-45.594321,-31.559182,,,Sgr,1,94967,,2.147830474,
2512,95294,181623,7343,,Bet2Sgr,Arkab Posterior,41.1353,4.27,1.199,F2III,0.35,10.367344,-27.285432,-28.985346,Bet-2,,Sgr,1,94999,,28.86689018,
2513,95347,181869,7348,,Alp Sgr,Rukbat,55.7414,3.96,0.229,B8V,-0.105,15.143928,-39.50987,-36.286833,Alp,,Sgr,1,95052,,70.53424143,
2514,95372,182568,7372,,2    Cyg,,258.3979,4.99,-2.071,B3IV,-0.12,80.615025,-209.663862,127.717111,,2,Cyg,1,95077,,586.6782664,
2515,95398,182490,7369,,2    Sge,,112.1076,6.27,1.022,A2III-IV,0.075,38.593728,-100.059729,32.66057,,2,Sge,1,95103,,33.97817118,
2516,95447,182572,7373,Gl 759,31    Aql,,15.1768,5.17,4.264,G8IVvar,0.761,5.379424,-13.838527,3.140845,,31,Aql,1,95152,,1.715536648,
2517,95477,182369,7362,,47Chi1Sgr,,77.2201,5.02,0.581,A4IV/V,0.235,25.544198,-65.454303,-32.033014,Chi-1,47,Sgr,1,95182,,51.0035024,
2518,95498,182762,7385,,4    Vul,,83.2639,5.14,0.538,K0III,0.999,28.54601,-72.956325,28.202402,,4,Vul,1,95202,,53.06400192,
2519,95503,182416,7363,,49Chi3Sgr,,153.1394,5.45,-0.475,K3III,1.442,51.00111,-130.316332,-62.195868,Chi-3,49,Sgr,1,95206,,134.8962883,
2520,95501,182640,7377,Gl 760,30Del Aql,,15.5255,3.36,2.405,F0IV,0.319,5.650026,-14.436012,0.843584,Del,30,Aql,1,95207,,9.506047937,
2521,95556,183056,7395,,4    Cyg,,216.9197,5.17,-1.511,B9sp...,-0.12,64.165533,-162.577173,128.473803,,4,Cyg,1,95260,,350.2676269,V1741
2522,95560,182919,7390,,5    Vul,,72.8863,5.6,1.287,A0V,-0.006,25.147582,-63.660953,25.045311,,5,Vul,1,95264,,26.61950651,
2523,95564,182629,7375,,50    Sgr,,132.2751,5.57,-0.037,K1/K2III,1.228,45.17848,-114.225352,-49.072687,,50,Sgr,1,95268,,90.11560443,
2524,95585,182835,7387,,32Nu  Aql,,869.5652,4.64,-5.057,F2Ib,0.576,320.519466,-808.322022,5.138372,Nu,32,Aql,1,95289,,9179.097861,
2525,95656,183534,7408,,7Iot1Cyg,,107.5269,5.73,0.572,A1V,-0.002,24.470181,-61.000174,85.101275,Iot-1,7,Cyg,1,95360,,51.42804319,
2526,95771,183439,7405,,6Alp Vul,Anser,91.1577,4.44,-0.359,M0 comp,1.502,31.268751,-76.712143,38.040745,Alp,6,Vul,1,95473,,121.2271793,
2527,95785,183491,7406,,8    Vul,,157.7287,5.82,-0.17,K0III,1.023,54.201343,-132.565965,66.081358,,8,Vul,1,95487,,101.8591388,
2528,95793,183324,7400,,35    Aql,,61.1995,5.79,1.856,A0V,0.088,23.163789,-56.608235,2.082938,,35,Aql,1,95495,,15.76158905,V1431
2529,95818,183537,7409,,7    Vul,,355.8719,6.34,-1.416,B5Vn,-0.097,126.866709,-308.763755,123.346485,,7,Vul,1,95519,,320.9223768,
2530,95853,184006,7420,,10Iot2Cyg,,37.2024,3.76,0.907,A5Vn,0.148,8.790467,-21.299308,29.207404,Iot-2,10,Cyg,1,95554,,37.77461094,
2531,95932,183028,7393,,Mu  Tel,,34.3761,6.29,3.609,F5V,0.45,7.570499,-18.14747,-28.197139,Mu,,Tel,1,95633,,3.136172917,
2532,95937,183630,7414,,36    Aql,,162.0746,5.03,-1.019,M1IIIvar,1.77,62.382788,-149.379866,-7.885904,,36,Aql,1,95638,,222.638363,
2533,95947,183912,7417,,6Bet1Cyg,Albireo,133.1558,3.05,-2.572,K3II+...,1.088,45.350466,-108.51838,62.430012,Bet-1,6,Cyg,1,95648,,930.6791832,
2534,95951,183914,7418,,6Bet2Cyg,Albireo B,122.549,5.12,-0.322,B8V,-0.095,41.751189,-99.862557,57.467608,Bet-2,6,Cyg,1,95652,,117.1655674,
2535,96052,184171,7426,,8    Cyg,,263.8522,4.74,-2.367,B3IV,-0.15,84.812094,-200.358656,149.268877,,8,Cyg,1,95752,,770.5485366,
2536,96078,231701,,,,Uruk,118.4834,8.97,3.602,F8V,0.539,44.426247,-104.573689,33.600124,,,Sge,1,95777,,3.156457891,
2537,96100,185144,7462,Gl 764,61Sig Dra,Alsafi,5.7547,4.67,5.87,K0V,0.786,0.784452,-1.840016,5.396152,Sig,61,Dra,1,95799,,0.390840896,
2538,96229,184406,7429,GJ 9661,38Mu  Aql,,32.9924,4.45,1.858,K3III,1.176,13.058329,-30.00016,4.237222,Mu,38,Aql,1,95927,,15.73258185,
2539,96275,184606,7437,,9    Vul,,169.4915,5,-1.146,B8IIIn,-0.093,63.970652,-146.107351,57.339179,,9,Vul,1,95973,,250.2649326,
2540,96295,184738,,,,Campbell's Hydrogen Star,100000,10,-10,WC...,-0.013,34611.2841,-78889.8449,50778.45341,,,Cyg,1,95992,,870963.59,V1966
2541,96302,184759,7441,,9    Cyg,,171.2329,5.39,-0.778,A0V+...,0.581,59.954636,-136.501476,84.222688,,9,Cyg,1,96000,,178.3199772,
2542,96327,184492,7430,,37    Aql,,140.2525,5.12,-0.615,G8III,1.122,55.595958,-126.170753,-25.704404,,37,Aql,1,96026,,153.4616983,
2543,96341,184127,7424,,Iot Tel,,113.6364,4.88,-0.398,G9III,1.096,30.630603,-69.435368,-84.579973,Iot,,Tel,1,96039,,125.660852,
2544,96387,185037,7457,,11    Cyg,,184.8429,6.03,-0.304,B8Vn,-0.08,59.972235,-135.008769,111.098207,,11,Cyg,1,96085,,115.2391377,
2545,96406,184552,7431,,51    Sgr,,90.2527,5.64,0.863,A1m...,0.185,33.354291,-74.890731,-37.740821,,51,Sgr,1,96104,,39.33688807,V5548
2546,96441,185395,7469,Gl 765A,13The Cyg,,18.3352,4.49,3.174,F4V,0.395,4.792178,-10.707751,14.090766,The,13,Cyg,1,96138,Gl 765,4.681661397,
2547,96465,184707,7440,,52    Sgr,,58.1395,4.59,0.768,B8/B9V,-0.075,21.600654,-48.11572,-24.463665,,52,Sgr,1,96162,,42.93386635,
2548,96468,184930,7447,,41Iot Aql,,119.9041,4.36,-1.034,B5III,-0.079,49.101431,-109.356067,-2.692266,Iot,41,Aql,1,96165,,225.7355711,
2549,96483,184915,7446,,39Kap Aql,,515.4639,4.93,-3.631,B0.5III,-0.046,209.897982,-466.549626,-63.064577,Kap,39,Aql,1,96180,,2468.31169,
2550,96516,185194,7463,,4Eps Sge,,147.2754,5.67,-0.171,G8IIIvar,1.007,58.171704,-128.701424,41.736704,Eps,4,Sge,1,96212,,101.9529978,
2551,96556,185124,7460,,42    Aql,,32.1543,5.45,2.914,F3IV,0.429,13.263283,-29.174896,-2.605361,,42,Aql,1,96252,,5.948397741,
2552,96665,185507,7474,,44Sig Aql,,239.2344,5.18,-1.714,B3V + B3V,-0.001,99.896731,-216.211145,22.504685,Sig,44,Aql,1,96359,,422.2795013,Sig
2553,96683,185734,7478,,12Phi Cyg,,81.6327,4.68,0.121,G8III-IV...,0.971,29.657091,-64.054037,41.00541,Phi,12,Cyg,1,96377,,77.91121911,
2554,96693,185872,7483,,14    Cyg,,200,5.41,-1.095,B9III,-0.063,61.67489,-133.10827,135.934896,,14,Cyg,1,96386,,238.7811283,
2555,96729,185404,7470,,53    Sgr,,98.7167,6.33,1.358,A0V,0.034,38.217261,-82.121455,-39.248886,,53,Sgr,1,96422,,24.93446188,
2556,96757,185758,7479,,5Alp Sge,Sham,130.3781,4.39,-1.186,G0II,0.777,52.446573,-112.348474,40.319114,Alp,5,Sge,1,96450,,259.656979,
2557,96807,185762,7480,,45    Aql,,107.9914,5.64,0.473,A3IV,0.123,45.944369,-97.723066,-1.170876,,45,Aql,1,96500,,56.33781509,
2558,96808,185644,7476,,54    Sgr,,73.7463,5.3,0.961,K1III,1.109,30.116866,-64.057413,-20.689668,,54,Sgr,1,96501,,35.94181463,
2559,96837,185958,7488,,6Bet Sge,,134.7709,4.39,-1.258,G8II,1.041,54.860279,-116.256022,40.472581,Bet,6,Sge,1,96530,,277.459756,
2560,96895,186408,7503,Gl 765.1A,16    Cyg,,21.0793,5.99,4.371,G2V,0.643,5.75948,-12.100007,16.270979,,16,Cyg,1,96588,Gl 765.1,1.554533194,
2561,96931,186122,7493,,46    Aql,,215.5172,6.33,-0.337,B9III,-0.077,90.866442,-190.04953,45.519292,,46,Aql,1,96624,,118.7955028,
2562,96950,186005,7489,,55    Sgr,,54.3183,5.06,1.385,F3IV/V,0.319,22.571226,-47.047131,-15.085049,,55,Sgr,1,96643,,24.32204009,
2563,96957,186203,7497,,47Chi Aql,,261.7801,5.28,-1.81,F3V:+...,0.575,110.878448,-230.98954,53.65184,Chi,47,Aql,1,96650,,461.3175746,
2564,97077,186486,7506,,10    Vul,,101.7294,5.5,0.463,G8III,0.939,40.057125,-82.388773,44.230886,,10,Vul,1,96770,,56.85910247,
2565,97118,186675,7517,,15    Cyg,,88.6525,4.89,0.152,G8III,0.948,30.968275,-63.300259,53.789134,,15,Cyg,1,96811,,75.71815097,
2566,97139,186547,7511,,48Psi Aql,,310.559,6.25,-1.211,B9III-IV,-0.041,133.162097,-271.308511,71.458658,Psi,48,Aql,1,96832,,265.705167,
2567,97165,186882,7528,,18Del Cyg,Fawaris,50.5817,2.86,-0.66,B9.5III,-0.002,15.779435,-32.006459,35.8481,Del,18,Cyg,1,96858,,159.9558029,
2568,97229,186689,7519,,49Ups Aql,,53.6193,5.89,2.243,A3IV,0.18,23.644417,-47.597059,7.103665,Ups,49,Aql,1,96921,,11.0357029,
2569,97278,186791,7525,,50Gam Aql,Tarazed,121.0654,2.72,-2.695,K3II,1.507,53.215608,-106.431852,22.297682,Gam,50,Aql,1,96970,,1042.317429,
2570,97290,186648,7515,,56    Sgr,,63.6537,4.87,0.851,K0III,1.061,26.81435,-53.569015,-21.52133,,56,Sgr,1,96981,,39.77406691,
2571,97295,187013,7534,Gl 767.1A,17    Cyg,,21.2314,5,3.365,F5,0.476,7.908325,-15.787971,11.788652,,17,Cyg,1,96986,Gl 767.1,3.926449354,
2572,97365,187076,7536,,7Del Sge,,182.1494,3.68,-2.622,M2II + B6,1.313,77.993677,-154.087523,57.900217,Del,7,Sge,1,97056,,974.5407418,Del
2573,97421,186543,7510,,Nu  Tel,,49.554,5.33,1.855,A9Vn,0.196,12.464005,-24.456716,-41.256587,Nu,,Tel,1,97112,,15.7761127,
2574,97433,188119,7582,,63Eps Dra,,45.3721,3.84,0.556,G8III,0.888,6.964788,-13.643765,42.707954,Eps,63,Dra,1,97124,,52.19152658,
2575,97473,187259,7544,,52Pi  Aql,,157.7287,5.75,-0.24,F2V:+...,0.546,70.510465,-137.344489,32.297755,Pi,52,Aql,1,97163,,108.6425624,
2576,97496,187362,7546,,8Zet Sge,,78.1861,5.01,0.544,A3V,0.095,33.813522,-65.668733,25.638056,Zet,8,Sge,1,97186,,52.77156818,
2577,97629,187796,7564,,Chi Cyg,,180.8318,7.91,1.624,S71e:,2.1,70.4281,-134.480107,98.260454,Chi,,Cyg,1,97318,,19.516413,Chi
2578,97630,187849,7566,,19    Cyg,,212.3142,5.18,-1.455,M2IIIa,1.665,76.849002,-146.738686,132.812501,,19,Cyg,1,97319,,332.6595533,V1509
2579,97635,188056,7576,,20    Cyg,,62.0732,5.03,1.065,K3IIIvar,1.286,17.344957,-33.097349,49.565894,,20,Cyg,1,97324,,32.65878322,
2580,97649,187642,7557,Gl 768,53Alp Aql,Altair,5.1295,0.76,2.21,A7IV-V,0.221,2.355468,-4.4873,0.790749,Alp,53,Aql,1,97338,,11.37627286,Alp
2581,97650,187532,7553,,51    Aql,,27.8707,5.38,3.154,F0V,0.402,12.72542,-24.243563,-5.205022,,51,Aql,1,97339,,4.768699981,
2582,97675,187691,7560,Gl 768.1A,54Omi Aql,,19.1902,5.12,3.705,F8V,0.563,8.789994,-16.702189,3.469379,Omi,54,Aql,1,97365,Gl 768.1,2.870780582,
2583,97679,187811,7565,,12    Vul,,193.0502,4.9,-1.528,B2.5V,-0.153,83.025513,-157.691194,74.219432,,12,Vul,1,97368,,355.7951306,V395
2584,97783,187739,7561,,57    Sgr,,115.8749,5.88,0.56,K0III,0.979,51.506557,-96.666086,-37.811123,,57,Sgr,1,97472,,51.99959965,
2585,97796,188001,7574,,9    Sge,,100000,6.24,-13.76,O8e,-0.031,44608.55258,-83577.08843,32014.79881,,9,Sge,1,97485,,27797132.68,QZ
2586,97804,187929,7570,,55Eta Aql,,423.7288,3.87,-4.265,F6Ibv SB,0.63,199.669191,-373.661462,7.43694,Eta,55,Aql,1,97493,,4425.883724,Eta
2587,97870,188665,7608,,23    Cyg,,194.1748,5.14,-1.301,B5V,-0.125,49.465658,-91.781696,163.807921,,23,Cyg,1,97559,,288.6689018,
2588,97886,188260,7592,,13    Vul,,102.5641,4.57,-0.485,B9.5III,-0.047,44.487071,-82.396016,41.846629,,13,Vul,1,97575,,136.1444682,
2589,97928,188154,7584,,56    Aql,,193.7984,5.76,-0.677,K5III,1.664,91.540235,-168.354399,-28.893393,,56,Aql,1,97617,,162.4800335,
2590,97938,188310,7595,,59Xi  Aql,Libertas,56.2746,4.71,0.958,K0III,1.023,26.612383,-48.887669,8.280414,Xi,59,Aql,1,97627,,36.04126286,
2591,97966,188293,7593,,57    Aql,,147.929,5.7,-0.15,B7Vn,-0.079,70.21118,-128.472762,-21.16868,,57,Aql,1,97655,,100,
2592,97967,188294,7594,,57    Aql,,155.7632,6.49,0.528,B8V,-0.04,73.931728,-135.271045,-22.316015,,57,Aql,1,97656,,53.55499708,
2593,97980,188350,7596,,58    Aql,,113.8952,5.6,0.317,A0III,0.098,54.671041,-99.913943,0.543925,,58,Aql,1,97669,,65.04291551,
2594,98032,188114,7581,,Iot Sgr,,55.7414,4.12,0.389,K0III,1.063,20.00728,-36.369941,-37.203168,Iot,,Sgr,1,97721,,60.86953723,
2595,98036,188512,7602,Gl 771A,60Bet Aql,Alshain,13.6986,3.71,3.027,G8IVvar,0.855,6.563854,-11.925647,1.528534,Bet,60,Aql,1,97725,Gl 771,5.360434578,
2596,98055,189037,7619,,24Psi Cyg,,86.2813,4.91,0.23,A4Vn,0.124,25.425469,-46.044014,68.39548,Psi,24,Cyg,1,97744,,70.4693069,
2597,98066,188376,7597,,58Ome Sgr,Terebellum,25.9875,4.7,2.626,G3/G5III,0.748,11.280499,-20.384256,-11.514028,Ome,58,Sgr,1,97755,,7.755324958,
2598,98068,188892,7613,,22    Cyg,,442.4779,4.95,-3.279,B5IV,-0.086,167.732556,-303.025518,275.368444,,22,Cyg,1,97757,,1784.842916,
2599,98085,188727,7609,,10    Sge,,100000,5.71,-14.29,G5Ibv SB,0.903,46459.68153,-83797.31967,28627.03602,,10,Sge,1,97774,,45289757.99,S
2600,98103,188728,7610,,61Phi Aql,,67.2948,5.28,1.14,A1IV,0.014,32.038499,-57.657969,13.328573,Phi,61,Aql,1,97792,,30.4789499,
2601,98110,188947,7615,,21Eta Cyg,,41.3736,3.89,0.806,K0IIIvar,1.019,16.453496,-29.589591,23.780105,Eta,21,Cyg,1,97799,,41.45720318,
2602,98162,188603,7604,,59    Sgr,,255.102,4.54,-2.494,K3III,1.462,110.848419,-198.041135,-116.487313,,59,Sgr,1,97851,,866.163742,
2603,98234,189090,7622,,11    Sge,,139.6648,5.54,-0.185,B9III,-0.048,65.719354,-116.445969,40.342211,,11,Sge,1,97923,,103.2761406,
2604,98258,188899,7614,,61    Sgr,,81.4332,5.01,0.456,A2V,0.055,38.628077,-68.309304,-21.750428,,61,Sgr,1,97947,,57.22687092,
2605,98298,226868,,,,Cygnus X-1,595.2381,8.84,-0.033,B0Ib,0.73,240.17499,-422.950898,343.12808,,,Cyg,1,97987,,89.78421709,V1357
2606,98337,189319,7635,,12Gam Sge,,79.2393,3.51,-0.985,K5III,1.571,36.997433,-64.89161,26.440286,Gam,12,Sge,1,98026,,215.7744409,
2607,98353,189005,7618,,60    Sgr,,96.0615,4.84,-0.073,G8II/III,0.882,42.755999,-74.842869,-42.405153,,60,Sgr,1,98042,,93.15367652,
2608,98375,189410,7641,,14    Vul,,49.1159,5.68,2.224,F0,0.345,22.447682,-39.205529,19.270867,,14,Vul,1,98064,,11.23052348,
2609,98401,190960,7686,,69    Dra,,161.2903,6.2,0.162,M3III,1.61,18.796103,-32.683978,156.820999,,69,Dra,1,98090,,75.02396279,
2610,98412,189103,7623,,The1Sgr,,158.9825,4.37,-1.637,B2.5IV,-0.15,64.765423,-112.475668,-91.815589,The-1,,Sgr,1,98101,,393.3688807,
2611,98421,189118,7624,,The2Sgr,,48.4966,5.3,1.871,A4/A5IV,0.17,19.914352,-34.542791,-27.606498,The-2,,Sgr,1,98110,,15.54533194,
2612,98425,189687,7647,,25    Cyg,,404.8583,5.15,-2.887,B3IV,-0.133,161.478069,-279.914043,243.89173,,25,Cyg,1,98114,,1243.941624,V1746
2613,98438,189577,7645,,13    Sge,,312.5,5.33,-2.144,M4IIIa,1.576,149.066742,-258.047777,94.056399,,13,Sge,1,98127,,627.480162,VZ
2614,98478,188584,7603,,Mu 1Pav,,73.2601,5.75,1.426,K0IV,1.033,14.38406,-24.817545,-67.41119,Mu-1,,Pav,1,98167,,23.42070695,
2615,98495,188228,7590,,Eps Pav,,32.2165,3.97,1.43,A0V,-0.032,4.754832,-8.186656,-30.794025,Eps,,Pav,1,98184,,23.33458062,
2616,98543,189849,7653,,15    Vul,,72.4638,4.66,0.359,A4III,0.184,32.330025,-55.381221,33.744109,,15,Vul,1,98232,,62.57487634,NT
2617,98571,190147,7660,,26    Cyg,,133.1558,5.06,-0.562,K1II-III,1.122,43.140137,-73.707772,102.159495,,26,Cyg,1,98260,,146.1503972,
2618,98583,190544,7676,,64    Dra,,180.1802,5.22,-1.059,M1III,1.598,38.755273,-66.138887,163.059717,,64,Dra,1,98272,,230.993628,
2619,98624,188887,7612,,Mu 2Pav,,72.4638,5.32,1.019,K2IVCN...,1.218,14.39014,-24.460266,-66.675903,Mu-2,,Pav,1,98313,,34.07218617,
2620,98633,189741,7649,,63    Sgr,,90.9918,5.69,0.895,A1IV,0.079,44.871934,-76.195159,-21.453358,,63,Sgr,1,98321,,38.19442708,
2621,98636,190004,7657,,16    Vul,,67.981,5.23,1.068,F2III,0.374,31.291433,-53.109667,28.663232,,16,Vul,1,98324,,32.56866822,
2622,98658,190713,7682,,65    Dra,,110.4972,6.27,1.053,G7III:,0.927,24.084874,-40.750881,99.844547,,65,Dra,1,98346,,33.02174353,
2623,98688,189763,7650,,62    Sgr,,137.5516,4.43,-1.262,M4III,1.64,62.107193,-104.748215,-63.960733,,62,Sgr,1,98375,,278.4838408,V3872
2624,98702,190940,7685,,67Rho Dra,,131.406,4.51,-1.083,K3III,1.313,25.272265,-42.555784,121.728524,Rho,67,Dra,1,98389,,236.1565524,
2625,98819,190406,7672,Gl 779,15    Sge,,17.7683,5.8,4.552,G1V,0.6,8.754808,-14.555518,5.215768,,15,Sge,1,98504,,1.315830655,
2626,98823,190327,7669,,63Tau Aql,Tianfu,141.6431,5.51,-0.246,K0III,1.063,72.436519,-120.389654,17.943762,Tau,63,Aql,1,98508,,109.2446053,
2627,98844,190299,7667,,62    Aql,,127.8772,5.67,0.136,K4III,1.301,66.041021,-109.492723,-1.583049,,62,Aql,1,98529,,76.84223711,
2628,98920,190608,7679,,16Eta Sge,,49.1642,5.09,1.632,K2III,1.058,23.995376,-39.481671,16.807824,Eta,16,Sge,1,98604,,19.37313925,
2629,98953,190454,7675,,65    Sgr,,124.3781,6.53,1.056,A0V,0.05,63.152582,-103.624238,-27.270262,,65,Sgr,1,98637,,32.93062702,
2630,98962,191277,7701,,66    Dra,,52.687,5.4,1.791,K3III,1.191,12.884356,-21.11874,46.517929,,66,Dra,1,98646,,16.73400907,
2631,99031,191026,7689,,27    Cyg,,23.9464,5.38,3.484,K0IV,0.85,10.15194,-16.507748,14.065856,,27,Cyg,1,98715,,3.518843888,V2008
2632,99080,190993,7688,,17    Vul,,154.5595,5.08,-0.865,B3V,-0.162,74.463063,-120.459994,61.913385,,17,Vul,1,98764,,193.1968317,
2633,99120,190421,7673,,Xi  Tel,,331.1258,4.93,-2.67,M1II,1.591,105.437453,-169.74555,-264.033901,Xi,,Tel,1,98804,,1018.591388,
2634,99171,191067,7690,,64    Aql,,46.9484,5.97,2.612,K1IV,1.023,24.882377,-39.808383,-0.555695,,64,Aql,1,98855,,7.855973323,
2635,99240,190248,7665,Gl 780,Del Pav,,6.1084,3.55,4.62,G5IV-Vvar,0.751,1.313772,-2.087713,-5.587991,Del,,Pav,1,98924,,1.235947433,
2636,99255,192907,7750,,1Kap Cep,,96.5251,4.38,-0.543,B9III,-0.046,10.954137,-17.379882,94.313317,Kap,1,Cep,1,98939,,143.6150653,
2637,99303,191610,7708,,28    Cyg,,317.4603,4.93,-2.578,B2.5V,-0.139,135.974862,-214.620058,190.341877,,28,Cyg,1,98986,,935.8365436,V1624
2638,99352,191570,7705,,17The Sge,,45.2489,6.51,3.232,F5IV,0.394,22.701432,-35.653293,16.152961,The,17,Sge,1,99035,,4.438129803,
2639,99404,191747,7711,,18    Vul,,129.8701,5.51,-0.058,A3III,0.087,62.464561,-97.524032,58.766119,,18,Vul,1,99087,,91.87556017,
2640,99473,191692,7710,,65The Aql,Antinous,87.7963,3.24,-1.477,B9.5III,-0.066,47.588681,-73.769106,-1.258706,The,65,Aql,1,99156,,339.4689054,
2641,99500,192455,7727,,68    Dra,,48.3559,5.7,2.278,F5V,0.53,12.297658,-19.012573,42.726686,,68,Dra,1,99182,,10.68562675,
2642,99518,192004,7718,,19    Vul,,432.9004,5.51,-2.672,K3II-III,1.397,210.148694,-324.221003,195.245603,,19,Vul,1,99200,,1020.469432,
2643,99529,191753,7712,,1Xi 1Cap,,143.8849,6.34,0.55,K0III,1.209,76.521473,-117.872164,-30.87854,Xi-1,1,Cap,1,99211,,52.48074602,
2644,99531,192044,7719,,20    Vul,,246.9136,5.91,-1.053,B7Ve...,-0.107,120.381231,-185.350141,110.090477,,20,Vul,1,99213,,229.7206307,
2645,99572,191862,7715,GJ 4139,2Xi 2Cap,,27.7008,5.84,3.628,F5V,0.476,14.765323,-22.643225,-6.051042,Xi-2,2,Cap,1,99254,,3.081768417,
2646,99631,192107,7720,,66    Aql,,216.9197,5.44,-1.241,K5III,1.43,119.100055,-181.258444,-3.821119,,66,Aql,1,99312,,273.1492422,
2647,99639,192514,7730,,30    Cyg,,187.2659,4.8,-1.562,A5IIIn,0.1,70.407065,-107.081758,136.545862,,30,Cyg,1,99320,,367.1131997,
2648,99655,192696,7740,,33    Cyg,,48.8281,4.28,0.837,A3IV-Vn,0.114,14.789098,-22.47197,40.748751,,33,Cyg,1,99336,,40.29025351,
2649,99675,192577,7735,,31    Cyg,,271.0027,3.8,-3.365,K2II+...,1.27,102.254717,-155.030652,197.362343,,31,Cyg,1,99356,,1931.968317,V695
2650,99738,192518,7731,,21    Vul,,91.1577,5.19,0.391,A7IVn,0.191,44.204767,-66.633044,43.768867,,21,Vul,1,99419,,60.75751461,NU
2651,99742,192425,7724,,67Rho Aql,,45.977,4.94,1.627,A2V,0.072,24.533517,-36.968946,12.052766,Rho,67,Aql,1,99423,,19.46256159,
2652,99770,192640,7736,,29    Cyg,,42.6985,4.93,1.778,A2V,0.151,18.93548,-28.464099,25.581078,,29,Cyg,1,99451,,16.93557709,V1644
2653,99848,192909,7751,,32    Cyg,,324.6753,3.96,-3.597,K3Ib-II comp,1.451,121.738655,-181.384936,240.194033,,32,Cyg,1,99529,,2392.213848,V1488
2654,99853,192713,7741,,22    Vul,,588.2353,5.18,-3.668,G2Ib SB,1.016,300.665939,-447.843311,234.642041,,22,Vul,1,99534,,2553.877136,QS
2655,99874,192806,7744,,23    Vul,,103.8422,4.5,-0.582,K3III,1.258,51.282167,-76.194551,48.453459,,23,Vul,1,99554,,148.8675359,
2656,99894,192699,,,,Chechia,65.6168,6.44,2.355,G5,0.867,36.598915,-54.209052,5.240473,,,Aql,1,99574,,9.954054174,
2657,99913,192836,7746,,18    Sge,,101.626,6.11,1.075,K1III,1.039,52.950965,-78.259878,37.408869,,18,Sge,1,99593,,32.35936569,
2658,99918,192666,7738,,3    Cap,,135.8696,6.3,0.634,B9IV,0.005,74.405095,-109.916434,-29.030311,,3,Cap,1,99598,,48.57356733,
2659,99951,192944,7753,,24    Vul,,134.2282,5.3,-0.339,G8III,0.951,68.55387,-100.888385,56.028088,,24,Vul,1,99631,,119.0145339,
2660,100027,192876,7747,,5Alp1Cap,,174.5201,4.3,-1.909,G3Ib,0.928,96.287073,-140.560798,-37.797433,Alp-1,5,Cap,1,99706,,505.3589948,
2661,100044,193237,7763,,34    Cyg,,100000,4.77,-15.23,B2pe,0.377,44552.93615,-64954.35205,61611.42763,,34,Cyg,1,99723,,107646521.4,P
2662,100062,192879,7748,,4    Cap,,96.9932,5.86,0.926,G8III,1.002,51.012649,-74.207708,-36.03575,,4,Cap,1,99741,,37.119319,
2663,100064,192947,7754,,6Alp2Cap,Algedi,32.4465,3.58,1.024,G6/G8III,0.883,17.945333,-26.097385,-7.047505,Alp-2,6,Cap,1,99743,,33.91563869,
2664,100108,193369,7769,,36    Cyg,,62.5,5.58,1.601,A2V,0.056,28.35771,-41.077083,37.613224,,36,Cyg,1,99786,,19.93425456,
2665,100122,193370,7770,,35    Cyg,,970.8738,5.14,-4.796,F5Ib,0.66,452.414587,-654.277083,556.631146,,35,Cyg,1,99799,,7217.719497,
2666,100195,193150,7761,,7Sig Cap,,343.6426,5.28,-2.401,K2III,1.394,185.528896,-266.461007,-112.551009,Sig,7,Cap,1,99873,,795.0601751,
2667,100221,193964,7792,,71    Dra,,115.8749,5.71,0.39,B9V,-0.043,30.863621,-44.237037,102.554739,,71,Dra,1,99898,,60.81350013,DE
2668,100310,193432,7773,,8Nu  Cap,Alshat,77.6398,4.77,0.32,B9IV,-0.047,43.612148,-61.902343,-17.146901,Nu,8,Cap,1,99985,,64.86344335,
2669,100345,193495,7776,,9Bet Cap,Dabih,100.2004,3.05,-1.954,A5:n,0.79,55.920163,-79.116953,-25.564218,Bet,9,Cap,1,100020,,526.7444883,
2670,100435,193911,7789,,25    Vul,,305.8104,5.5,-1.927,B8IIIn,-0.09,161.721161,-226.6051,126.555616,,25,Vul,1,100109,,513.8069802,
2671,100453,194093,7796,,37Gam Cyg,Sadr,561.7978,2.23,-6.518,F8Ib,0.673,249.318228,-348.795593,363.040966,Gam,37,Cyg,1,100128,,35253.31812,
2672,100469,193571,7779,,Kap1Sgr,,66.1376,5.6,1.498,A0V,0.002,28.599079,-39.925266,-44.297108,Kap-1,,Sgr,1,100143,,21.91795344,
2673,100587,194317,7806,,39    Cyg,,76.6284,4.43,0.008,K3III,1.331,38.085495,-52.487418,40.822262,,39,Cyg,1,100260,,86.4569678,
2674,100591,193807,7787,,Kap2Sgr,,95.511,5.64,0.74,A3V,0.201,41.413448,-57.060229,-64.431459,Kap-2,,Sgr,1,100264,,44.05548635,
2675,100751,193924,7790,,Alp Pav,Peacock,54.8246,1.94,-1.755,B2IV,-0.118,17.850262,-24.200974,-45.841245,Alp,,Pav,1,100425,,438.5306978,
2676,100859,195068,7828,,43    Cyg,,37.5657,5.73,2.856,F0V:,0.339,14.63523,-19.59221,28.515324,,43,Cyg,1,100533,,6.27480162,
2677,100881,194636,7814,,10Pi  Cap,,167.2241,5.08,-1.036,B4V,-0.049,95.220031,-127.144208,-52.262385,Pi,10,Cap,1,100555,,226.1517746,
2678,100907,195050,7826,,40    Cyg,,81.4332,5.63,1.076,A3V,0.072,38.290169,-51.011177,50.626965,,40,Cyg,1,100581,,32.32957534,
2679,100965,196787,7901,,75    Dra,,139.6648,5.38,-0.345,G9III,1.01,12.553495,-16.622337,138.102675,,75,Dra,1,100639,,119.6740531,
2680,100977,194939,7821,,68    Aql,,184.8429,6.12,-0.214,B9V,-0.049,111.316937,-147.167238,-10.826432,,68,Aql,1,100651,,106.071815,
2681,101027,194943,7822,Gl 791.1A,11Rho Cap,,30.2663,4.77,2.365,F3V,0.386,17.427785,-22.947733,-9.2592,Rho,11,Cap,1,100701,Gl 791.1,9.862794856,
2682,101067,195324,7835,,42    Cyg,,793.6508,5.9,-3.598,A1Ib,0.407,387.145076,-507.557804,471.577249,,42,Cyg,1,100741,,2394.418173,
2683,101076,195295,7834,,41    Cyg,,235.8491,4.01,-2.853,F5II,0.404,123.449711,-161.764331,119.235866,,41,Cyg,1,100750,,1205.591008,
2684,101082,196925,7908,,74    Dra,,63.7349,5.96,1.938,K0III+...,0.942,5.99,-7.844562,62.965898,,74,Dra,1,100758,,14.61503972,
2685,101093,195725,7850,,2The Cep,,41.841,4.21,1.102,A7III,0.199,11.538446,-15.094197,37.278593,The,2,Cep,1,100767,,31.56457891,
2686,101101,195135,7831,,69    Aql,,61.2745,4.91,0.974,K2III,1.16,37.179947,-48.607366,-3.084593,,69,Aql,1,100775,,35.5140335,
2687,101120,195093,7829,,12Omi Cap,,100000,6.74,-13.26,A7/A8V,0.22,57660.55032,-75228.63487,-31873.39648,Omi,12,Cap,1,100795,,17538805.02,
2688,101123,195094,7830,,12Omi Cap,,66.357,5.94,1.831,A1V,0.062,38.267264,-49.916646,-21.146683,Omi,12,Cap,1,100797,,16.12872362,
2689,101138,195556,7844,,45Ome1Cyg,,278.5515,4.94,-2.285,B2.5IV,-0.087,111.394275,-145.094477,210.07079,Ome-1,45,Cyg,1,100812,,714.4963261,V2014
2690,101160,195325,7836,,1    Del,,227.7904,6.03,-0.758,A1sh,-0.019,136.401698,-177.282178,43.058188,,1,Del,1,100834,,175.0652708,
2691,101214,195593,7847,,44    Cyg,,100000,6.21,-13.79,F5Iab,0.969,48931.5315,-63203.26646,60092.03188,,44,Cyg,1,100888,,28575905.43,
2692,101243,195774,7851,,46Ome2Cyg,,122.399,5.44,0.001,M2III,1.566,49.030054,-63.144509,92.683331,Ome-2,46,Cyg,1,100917,,87.01617722,
2693,101260,196502,7879,,73    Dra,,121.3592,5.18,-0.24,A0p...,0.1,19.341682,-24.866321,117.199149,,73,Dra,1,100934,,108.6425624,AF
2694,101421,195810,7852,,2Eps Del,Aldulfin,101.3171,4.03,-0.998,B6III,-0.123,61.580495,-77.965441,19.858319,Eps,2,Del,1,101095,,218.3735328,
2695,101474,196093,7866,,47    Cyg,,847.4576,4.61,-5.031,K2Ib comp,1.593,430.589579,-541.795293,489.116345,,47,Cyg,1,101148,,8961.898069,
2696,101477,195569,7846,,Nu  Mic,,71.736,5.12,0.841,K0III,0.999,31.828338,-40.043151,-50.294813,Nu,,Mic,1,101151,,40.14209182,
2697,101483,195943,7858,,3Eta Del,,72.4113,5.39,1.091,A3IVs,0.093,43.904932,-55.220437,16.322508,Eta,3,Del,1,101156,,31.88599693,
2698,101589,196180,7871,,4Zet Del,,67.4764,4.64,0.494,A3V,0.12,40.925879,-50.85202,17.09324,Zet,4,Del,1,101263,,55.25861556,
2699,101612,195627,7848,,Phi1Pav,,27.7932,4.75,2.53,F1III,0.291,8.571694,-10.624832,-24.209317,Phi-1,,Pav,1,101285,,8.472274141,
2700,101641,196362,7874,,26    Vul,,195.6947,6.4,-0.058,A5III,0.158,110.883869,-136.760545,85.426402,,26,Vul,1,101314,,91.87556017,
2701,101692,196321,7873,,70    Aql,,398.4064,4.91,-3.092,K5II,1.606,251.457146,-308.516947,-17.725279,,70,Aql,1,101365,,1502.449903,
2702,101716,196504,7880,,27    Vul,,97.371,5.59,0.648,B9V,-0.05,55.175426,-67.484528,43.388756,,27,Vul,1,101389,,47.95125741,
2703,101765,196606,7885,,48    Cyg,,261.7801,6.32,-0.77,B8IIIn,-0.089,141.51149,-172.386792,137.062117,,48,Cyg,1,101438,,177.0108958,
2704,101769,196524,7882,,6Bet Del,Rotanev,30.931,3.64,1.188,F5IV,0.425,18.994041,-23.134214,7.794139,Bet,6,Del,1,101442,,29.16083799,
2705,101772,196171,7869,Gl 794.1,Alp Ind,,30.1477,3.11,0.714,K0III,0.998,12.976855,-15.802893,-22.152943,Alp,,Ind,1,101445,,45.12321133,
2706,101773,195961,7859,,Rho Pav,,58.1395,4.86,1.038,Fm delta Del,0.447,17.590562,-21.417286,-51.108529,Rho,,Pav,1,101446,,33.48112174,Rho
2707,101800,196544,7883,,5Iot Del,,57.9374,5.42,1.605,A2V,0.05,36.093781,-43.855912,11.429615,Iot,5,Del,1,101472,,19.86094917,
2708,101847,196574,7884,,71    Aql,,103.4126,4.31,-0.763,G8III SB,0.949,65.883837,-79.683729,-1.994498,,71,Aql,1,101519,,175.8733354,
2709,101867,196724,7891,,29    Vul,,71.3776,4.81,0.542,A0V,-0.03,42.445603,-51.252204,25.813199,,29,Vul,1,101539,,52.86886659,
2710,101868,196740,7894,,28    Vul,,160.2564,5.06,-0.964,B5IV,-0.133,93.30029,-112.648603,65.478231,,28,Vul,1,101540,,211.6410951,
2711,101882,196725,7892,,8The Del,,617.284,5.69,-3.262,K3Ib,1.509,383.566596,-462.282689,142.164565,The,8,Del,1,101553,,1757.114247,
2712,101916,196755,7896,,7Kap Del,,30.1205,5.07,2.676,G5IV+...,0.702,18.975174,-22.788914,5.274911,Kap,7,Del,1,101587,,7.406277837,
2713,101923,196662,7889,,14Tau Cap,,348.4321,5.24,-2.471,B7III,-0.129,215.561723,-258.560088,-89.915081,Tau,14,Cap,1,101594,,848.0080989,
2714,101936,196758,7897,,1    Aqr,,71.4796,5.15,0.879,K1III,1.06,45.804352,-54.871407,0.606856,,1,Aqr,1,101607,,38.76144867,
2715,101958,196867,7906,,9Alp Del,Sualocin,77.821,3.77,-0.685,B9V,-0.057,48.015095,-57.406003,21.335542,Alp,9,Del,1,101629,,163.6816521,
2716,101983,196378,7875,Gl 794.2,Phi2Pav,,24.6609,5.11,3.15,F8V,0.544,7.795677,-9.286908,-21.473863,Phi-2,,Pav,1,101654,,4.786300923,
2717,101984,196777,7900,,15Ups Cap,,177.9359,5.15,-1.101,M1III,1.647,108.718892,-129.509802,-55.394558,Ups,15,Cap,1,101655,,240.1043344,
2718,102066,197177,7921,,49    Cyg,,244.4988,5.53,-1.411,G8IIb,0.871,133.549812,-157.696287,130.674653,,49,Cyg,1,101736,,319.4478724,
2719,102080,197121,7918,,10    Del,,155.521,6.01,0.051,K4III:,1.235,97.383797,-114.759815,39.157035,,10,Del,1,101749,,83.0998041,
2720,102098,197345,7924,,50Alp Cyg,Deneb,432.9004,1.25,-6.932,A2Ia,0.092,197.250632,-232.113407,307.600832,Alp,50,Cyg,1,101767,,51617.86055,Alp
2721,102125,196067,7864,,Mu 2Oct,,44.2674,6.51,3.28,G1V,0.62,7.26085,-8.521306,-42.828259,Mu-2,,Oct,1,101794,,4.246195639,
2722,102157,196519,7881,,Ups Pav,,240.9639,5.14,-1.77,B8Vvar,-0.061,61.732696,-72.310829,-221.4133,Ups,,Pav,1,101826,,444.6312675,
2723,102162,196051,7863,,Mu 1Oct,,101.1122,5.99,0.966,F4III-IV,0.45,15.689346,-18.361785,-98.185035,Mu-1,,Oct,1,101831,,35.77667699,
2724,102177,197511,7929,,51    Cyg,,390.625,5.41,-2.549,B2V,-0.107,162.08702,-189.426999,300.720933,,51,Cyg,1,101846,,911.171233,
2725,102208,199095,8002,,76    Dra,,108.1081,5.75,0.581,A0V,0,9.153803,-10.662278,107.190701,,76,Dra,1,101877,,51.0035024,
2726,102253,197950,7945,,4    Cep,,42.7899,5.59,2.433,A8V,0.218,11.077503,-12.835259,39.287558,,4,Cep,1,101922,,9.264031007,
2727,102281,197461,7928,,11Del Del,,68.4463,4.43,0.253,A7IIIp d Del,0.302,43.241717,-49.981753,17.801271,Del,11,Del,1,101950,,68.99220098,Del
2728,102333,197157,7920,GJ 4158,Eta Ind,,24.1721,4.51,2.593,A6:var,0.278,9.78249,-11.249611,-19.027319,Eta,,Ind,1,102002,,7.994660025,
2729,102388,197752,7939,,30    Vul,,99.6016,4.92,-0.071,K2III,1.183,59.35045,-67.750673,42.51946,,30,Vul,1,102057,,92.98223906,
2730,102395,197051,7913,,Bet Pav,,41.425,3.42,0.334,A5IV,0.163,11.018527,-12.568841,-37.903223,Bet,,Pav,1,102064,,64.03243245,
2731,102422,198149,7957,Gl 807,3Eta Cep,,14.2653,3.41,2.639,K0IV,0.912,4.44524,-5.055924,12.575933,Eta,3,Cep,1,102091,,7.663020723,
2732,102453,197912,7942,,52    Cyg,,61.6523,4.22,0.27,K0III,1.051,35.06106,-39.747089,31.494379,,52,Cyg,1,102122,,67.92036326,
2733,102485,197692,7936,Gl 805,16Psi Cap,,14.6778,4.13,3.297,F5V,0.426,8.799322,-9.937473,-6.266031,Psi,16,Cap,1,102154,,4.18022829,
2734,102487,197725,7937,,17    Cap,,80.8407,5.91,1.372,A1V,0.066,49.87556,-56.291622,-29.646695,,17,Cap,1,102156,,24.61500906,
2735,102488,197989,7949,Gl 806.1A,53Eps Cyg,Aljanah,22.2916,2.48,0.739,K0III,1.021,12.262597,-13.834612,12.455654,Eps,53,Cyg,1,102157,Gl 806.1,44.09608165,
2736,102531,197963,7947,,12Gam1Del,,37.9507,5.15,2.254,A2Ia+...,0.495,24.234708,-27.236852,10.539626,Gam-1,12,Del,1,102200,,10.92446053,
2737,102532,197964,7948,,12Gam2Del,,38.7297,4.27,1.33,K1IV,1.042,24.733436,-27.794763,10.756074,Gam-2,12,Del,1,102201,,25.58585887,
2738,102589,198183,7963,,54Lam Cyg,,235.8491,4.53,-2.333,B6IV,-0.083,126.511034,-141.235517,140.257577,Lam,54,Cyg,1,102258,,746.7925899,
2739,102618,198001,7950,,2Eps Aqr,Albali,63.6943,3.78,-0.241,A1V,0,41.969653,-46.744809,-10.507937,Eps,2,Aqr,1,102287,,108.742672,
2740,102624,198026,7951,,3    Aqr,,179.5332,4.43,-1.841,M3IIIvar,1.639,119.516375,-133.042786,-15.733799,,3,Aqr,1,102293,,474.6789795,EN
2741,102633,198069,7953,,13    Del,,131.406,5.57,-0.023,A0V,-0.01,87.36231,-97.191378,13.754385,,13,Del,1,102302,,88.96107044,
2742,102693,197937,7943,Gl 808.1,Iot Mic,,35.4233,5.11,2.364,F1IV,0.361,17.093706,-18.903764,-24.601904,Iot,,Mic,1,102362,,9.871883011,
2743,102724,198478,7977,,55    Cyg,,714.2857,4.81,-4.459,B3Ia,0.571,332.83026,-366.616188,514.801477,,55,Cyg,1,102393,,5291.758304,V1661
2744,102773,197635,7934,,Sig Pav,,92.5926,5.41,0.577,K0III,1.122,22.569959,-24.781712,-86.312715,Sig,,Pav,1,102442,,51.1917528,
2745,102790,198048,7952,,Zet Ind,,126.5823,4.9,-0.612,K5III,1.494,59.015725,-64.696943,-91.403048,Zet,,Ind,1,102459,,153.0382532,
2746,102805,198390,7973,,15    Del,,30.6185,6.01,3.58,F5V,0.42,20.156055,-22.067998,6.650602,,15,Del,1,102474,,3.221068791,
2747,102819,198391,7974,,14    Del,,153.3742,6.32,0.391,A1Vs,0.019,102.547747,-112.103229,20.985443,,14,Del,1,102488,,60.75751461,
2748,102831,198232,7965,,Alp Mic,,116.0093,4.89,-0.432,G8III,1.004,65.133632,-71.100794,-64.501268,Alp,,Mic,1,102500,,129.6582035,
2749,102843,198639,7984,,56    Cyg,,40.9668,5.06,1.998,A4me...,0.198,19.896782,-21.697902,28.488287,,56,Cyg,1,102513,,13.8292937,
2750,102945,198571,7982,,4    Aqr,,60.7165,5.99,2.073,F5IV-V,0.464,41.098691,-44.293635,-5.952958,,4,Aqr,1,102614,,12.90624782,
2751,102950,198308,7968,,Iot Ind,,143.0615,5.06,-0.718,K1II/III,1.125,60.45146,-65.109997,-112.129193,Iot,,Ind,1,102619,,168.7329891,
2752,102978,198542,7980,,18Ome Cap,,258.3979,4.12,-2.941,K4III,1.633,157.000892,-168.625944,-116.985158,Ome,18,Cap,1,102647,,1307.37447,
2753,102989,198529,7979,,Bet Mic,,147.929,6.06,0.21,A1IV,0.029,84.431933,-90.558518,-80.95283,Bet,,Mic,1,102659,,71.77942913,
2754,103004,198809,7995,GJ 4168,31    Vul,,57.8035,4.56,0.75,G8III,0.835,35.115833,-37.614991,26.329381,,31,Vul,1,102673,,43.65158322,
2755,103005,198667,7985,,5    Aqr,,199.2032,5.55,-0.946,B9III,-0.076,135.320839,-144.93002,-19.117209,,5,Aqr,1,102674,,208.1613041,
2756,103045,198743,7990,,6Mu  Aqr,,48.216,4.73,1.314,A3m,0.325,32.579072,-34.73754,-7.528766,Mu,6,Aqr,1,102714,,25.9656979,
2757,103089,199081,8001,,57    Cyg,,161.0306,4.8,-1.235,B5V,-0.134,78.938613,-83.734012,112.641498,,57,Cyg,1,102758,,271.6439269,
2758,103200,199169,8008,,32    Vul,,178.5714,5.03,-1.229,K4III,1.481,108.753552,-114.042332,83.992751,,32,Vul,1,102868,,270.1469073,
2759,103226,199012,8000,,19    Cap,,111.8568,5.78,0.537,K0III,1.122,73.528361,-76.945094,-34.422349,,19,Cap,1,102894,,53.11289819,
2760,103227,198700,7986,,Bet Ind,,187.6173,3.67,-2.696,K0III,1.25,67.818551,-70.96183,-159.891518,Bet,,Ind,1,102895,,1043.277881,
2761,103294,199253,8011,,17    Del,,147.0588,5.19,-0.647,K0III,1.119,99.0657,-102.934157,34.882812,,17,Del,1,102962,,158.0520015,
2762,103298,199254,8012,,16    Del,,60.4961,5.54,1.631,A4V,0.131,40.950844,-42.538298,13.164419,,16,Del,1,102966,,19.39099079,
2763,103401,199345,8015,,7    Aqr,,167.5042,5.49,-0.63,K5III,1.474,115.161076,-118.318921,-28.215553,,7,Aqr,1,103069,,155.5965632,
2764,103413,199629,8028,,58Nu  Cyg,,114.8106,3.94,-1.36,A1Vn,0.027,60.355787,-61.863108,75.574805,Nu,58,Cyg,1,103081,,304.789499,
2765,103511,199697,8032,,33    Vul,,138.6963,5.3,-0.41,K4III,1.419,90.034792,-91.402412,52.687089,,33,Vul,1,103179,,127.0574105,
2766,103527,199665,8030,,18    Del,Musica,75.3012,5.51,1.126,G6III:,0.934,51.937043,-52.652515,14.160751,,18,Del,1,103195,,30.87450476,
2767,103569,199766,8034,,1Eps Equ,,54.0833,5.3,1.635,F5III...,0.464,37.981167,-38.289132,4.048973,Eps,1,Equ,1,103237,,19.31968317,
2768,103616,199728,8033,,20    Cap,,164.2036,6.26,0.183,Ap Si,-0.11,109.569678,-109.950612,-53.555033,,20,Cap,1,103284,,73.58681397,AO
2769,103632,200120,8047,,59    Cyg,,434.7826,4.74,-3.451,B1ne,-0.084,207.46128,-207.776645,320.662751,,59,Cyg,1,103300,,2091.22133,V832
2770,103682,199960,8041,,11    Aqr,,27.2257,6.21,4.035,G1V,0.635,19.232955,-19.138526,-2.245151,,11,Aqr,1,103350,,2.118361135,
2771,103732,200310,8053,,60    Cyg,,467.2897,5.38,-2.968,B1V,-0.206,230.062023,-227.700863,337.021285,,60,Cyg,1,103400,,1340.293773,V1931
2772,103738,199951,8039,,Gam Mic,,70.2247,4.67,0.438,G8III,0.89,42.228148,-41.75506,-37.481056,Gam,,Mic,1,103406,,58.1835211,
2773,103882,200163,8048,,Zet Mic,,35.3732,5.32,2.577,F3V,0.424,19.790558,-19.284848,-22.083815,Zet,,Mic,1,103550,,8.113346052,
2774,103981,200496,8058,,12    Aqr,,153.8462,5.53,-0.405,G4,0.683,110.133134,-106.281229,-15.60874,,12,Aqr,1,103649,,126.4736347,
2775,104019,200499,8060,Gl 816.2A,22Eta Cap,,49.505,4.82,1.347,A5V,0.169,33.551285,-32.285712,-16.81399,Eta,22,Cap,1,103684,Gl 816.2,25.18836628,
2776,104031,200644,8066,,3    Equ,,235.8491,5.63,-1.233,K5III,1.65,169.284085,-162.653335,22.616845,,3,Equ,1,103696,,271.1440009,
2777,104043,199532,8021,,Alp Oct,,43.535,5.13,1.936,F4III,0.49,7.053309,-6.768742,-42.423652,Alp,,Oct,1,103708,,14.64198643,Alp
2778,104060,200905,8079,,62Xi  Cyg,,258.3979,3.72,-3.341,K5Ibv SB,1.609,134.394395,-128.732159,179.263939,Xi,62,Cyg,1,103725,,1889.731054,
2779,104085,200365,8055,,Mu  Ind,,112.1076,5.17,-0.078,K2III,1.201,46.811563,-44.71945,-91.525879,Mu,,Ind,1,103750,,93.58365436,
2780,104101,200790,8077,,4    Equ,,48.9237,5.94,2.492,F8V,0.538,35.214979,-33.580117,5.0784,,4,Equ,1,103766,,8.77404788,
2781,104139,200761,8075,,23The Cap,,49.7265,4.08,0.597,A1V,-0.01,34.443471,-32.700737,-14.731739,The,23,Cap,1,103804,,50.25739801,
2782,104148,200718,8070,,Del Mic,,92.4214,5.69,0.861,K0/K1III,1.047,57.989811,-55.021097,-46.385476,Del,,Mic,1,103813,,39.40941607,
2783,104177,200702,8069,,Eta Mic,,218.3406,5.55,-1.146,K3III,1.35,119.036372,-112.542179,-144.351171,Eta,,Mic,1,103842,,250.2649326,
2784,104194,201251,8089,,63    Cyg,,316.4557,4.56,-2.942,K4II,1.569,155.026624,-146.343339,233.868415,,63,Cyg,1,103859,,1308.579161,
2785,104214,201091,8085,Gl 820A,61    Cyg,,3.4865,5.2,7.488,K5V,1.069,1.979356,-1.863636,2.181892,,61,Cyg,1,103879,Gl 820,0.088064323,V1803
2786,104217,201092,8086,Gl 820B,61    Cyg,,3.498,6.05,8.331,K7V,1.309,1.986273,-1.869789,2.188742,,61,Cyg,2,103879,Gl 820,0.040513522,
2787,104234,200914,8080,,24    Cap,,139.8601,4.49,-1.238,K5/M0III,1.604,92.369811,-86.795805,-59.120502,,24,Cap,1,103899,,272.3955447,
2788,104365,201184,8087,GJ 9720,25Chi Cap,,55.1268,5.3,1.593,A0V,0,37.675815,-34.961419,-19.929487,Chi,25,Cap,1,104028,,20.08167804,
2789,104382,177482,7228,,Sig Oct,Polaris Australis,86.1326,5.45,0.774,F0III,0.283,1.150845,-1.065873,-86.118423,Sig,,Oct,1,104046,,42.6972594,Sig
2790,104452,201352,8091,,27    Cap,,51.5996,6.25,2.687,F2IV/V,0.385,35.556403,-32.710114,-18.118213,,27,Cap,1,104115,,7.33162089,
2791,104459,201381,8093,,13Nu  Aqr,,48.852,4.5,1.056,G8III,0.926,35.252969,-32.418434,-9.632275,Nu,13,Aqr,1,104122,,32.93062702,
2792,104521,201601,8097,,5Gam Equ,,36.2976,4.7,1.901,F0p,0.262,26.379939,-24.10051,6.385059,Gam,5,Equ,1,104184,,15.12167849,Gam
2793,104538,201616,8098,,6    Equ,,135.8696,6.07,0.404,A2Vs,0.022,98.842441,-90.159188,23.70776,,6,Equ,1,104201,,60.03437587,
2794,104732,202109,8115,,64Zet Cyg,,43.8789,3.21,-0.001,G8II SB,0.99,28.278409,-25.25354,22.089851,Zet,64,Cyg,1,104394,,87.17661466,
2795,104755,201371,8092,,Omi Pav,,273.9726,5.06,-2.129,M2III,1.578,69.577597,-61.914185,-257.655747,Omi,,Pav,1,104417,,618.8708114,
2796,104780,,,,,Solaris,48.3559,9.78,6.358,K5,1.611,34.978517,-31.055419,12.26203,,,Peg,1,104442,,0.249344619,
2797,104858,202275,8123,Gl 822A,7Del Equ,,18.4877,4.47,3.136,F5V+...,0.529,13.660962,-12.035259,3.212549,Del,7,Equ,1,104520,Gl 822,4.848417387,
2798,104887,202444,8130,Gl 822.1A,65Tau Cyg,,20.3417,3.74,2.198,F1IV,0.393,12.034413,-10.573279,12.536148,Tau,65,Cyg,1,104549,Gl 822.1,11.50270548,Tau
2799,104963,202320,8127,,28Phi Cap,,197.2387,5.17,-1.305,K0II/III,1.161,139.097764,-121.308872,-69.563328,Phi,28,Cap,1,104625,,289.7343588,
2800,104974,202369,8128,,29    Cap,,187.6173,5.31,-1.056,M2III,1.639,136.530199,-118.948364,-49.101072,,29,Cap,1,104637,,230.35625,
2801,104987,202447,8131,,8Alp Equ,Kitalpha,58.3431,3.92,0.09,G0III+...,0.549,43.818116,-38.149671,5.336289,Alp,8,Equ,1,104649,,80.16780634,
2802,105090,202560,,Gl 825,,Lacaille 8760,3.9462,6.69,8.709,M1/M2V,1.397,2.330004,-2.003156,-2.476477,,,Mic,1,104751,,0.028602237,AX
2803,105102,202850,8143,,67Sig Cyg,,884.9558,4.22,-5.515,B9Iab,0.098,518.89819,-445.473153,561.644945,Sig,67,Cyg,1,104764,,13995.87323,
2804,105138,202904,8146,,66Ups Cyg,,196.8504,4.41,-2.061,B2Vne,-0.103,122.732539,-104.899517,112.618423,Ups,66,Cyg,1,104800,,581.2995677,Ups
2805,105140,202627,8135,,Eps Mic,,55.8659,4.71,0.974,A0V,0.07,35.949472,-30.720552,-29.746948,Eps,,Mic,1,104802,,35.5140335,
2806,105143,202671,8137,,30    Cap,,163.6661,5.4,-0.67,B5II/III,-0.118,118.351476,-101.122114,-50.535198,,30,Cap,1,104805,,161.4358557,
2807,105164,202753,8141,,15    Aqr,,311.5265,5.83,-1.637,B5V,-0.13,236.312306,-201.500909,-24.547659,,15,Aqr,1,104826,,393.3688807,
2808,105168,202723,8139,,31    Cap,,95.7854,7.07,2.164,F0V,0.339,69.546626,-59.261586,-28.743037,,31,Cap,1,104830,,11.86861385,
2809,105186,203064,8154,,68    Cyg,,100000,5.04,-14.96,O8,-0.061,54841.17359,-46651.59715,69397.94064,,68,Cyg,1,104848,,83945998.65,V1809
2810,105199,203280,8162,Gl 826,5Alp Cep,Alderamin,15.0376,2.45,1.564,A7IV-V,0.257,5.276111,-4.483201,13.348778,Alp,5,Cep,1,104861,,20.62528698,
2811,105268,203467,8171,,6    Cep,,609.7561,5.19,-3.736,B3IVe,-0.045,197.893348,-166.980893,552.048829,,6,Cep,1,104930,,2718.942354,V382
2812,105319,202730,8140,GJ 9733A,The Ind,,30.2847,4.39,1.984,A5V,0.191,13.809188,-11.601,-24.32855,The,,Ind,1,104979,GJ 9733,14.00876984,
2813,105382,203006,8151,,The1Mic,,60.4595,4.8,0.893,A2p,0.029,35.152421,-29.298107,-39.513055,The-1,,Mic,1,105041,,38.26484866,The-1
2814,105412,203222,8160,,16    Aqr,,90.9091,5.87,1.077,G7III:,0.912,69.691616,-57.924892,-7.227742,,16,Aqr,1,105072,,32.29981241,
2815,105413,203291,8163,,9    Equ,,200.8032,5.81,-0.704,M2III,1.663,153.160321,-127.291212,25.704411,,9,Equ,1,105073,,166.5712328,
2816,105502,203504,8173,,1    Peg,,47.7783,4.08,0.684,K1III,1.108,34.696699,-28.579725,16.187628,,1,Peg,1,105162,,46.38739668,
2817,105515,203387,8167,,32Iot Cap,,60.3136,4.28,0.378,G8III,0.888,44.584575,-36.672187,-17.467386,Iot,32,Cap,1,105175,,61.48936385,Iot
2818,105570,203562,8178,,10Bet Equ,,101.4199,5.16,0.129,A3V,0.064,77.954853,-63.752192,12.028088,Bet,10,Equ,1,105229,,77.3392578,
2819,105574,203525,8175,,17    Aqr,,224.2152,5.99,-0.763,M0III,1.516,171.300868,-140.03649,-36.308706,,17,Aqr,1,105233,,175.8733354,
2820,105665,203638,8183,,33    Cap,,73.3676,5.38,1.052,K0III,1.176,53.313149,-43.110588,-26.115494,,33,Cap,1,105324,,33.05217169,
2821,105668,203705,8187,,18    Aqr,,47.1032,5.48,2.115,F0V,0.297,35.709483,-28.867584,-10.498268,,18,Aqr,1,105327,,12.41652308,
2822,105696,203585,8180,,The2Mic,,119.7605,5.76,0.368,A0III,-0.036,70.337329,-56.748153,-78.580583,The-2,,Mic,1,105355,,62.05831793,
2823,105729,203843,8192,,20    Aqr,,63.5728,6.38,2.364,F0III,0.334,49.468038,-39.751563,-3.76844,,20,Aqr,1,105388,,9.871883011,
2824,105761,203875,8195,,19    Aqr,,91.8274,5.71,0.895,F0IV,0.208,70.63416,-56.579972,-15.548606,,19,Aqr,1,105420,,38.19442708,
2825,105767,203926,8199,,21    Aqr,,119.0476,5.48,0.101,K4III,1.451,92.756022,-74.256697,-7.385353,,21,Aqr,1,105426,,79.35969682,
2826,105811,204172,8209,,69    Cyg,,100000,5.93,-14.07,B0Ib,0.033,62727.08588,-49992.08527,59716.86624,,69,Cyg,1,105471,,36982817.98,
2827,105841,203760,8188,,Gam Ind,,66.8449,6.1,1.975,F1III,0.366,30.286167,-24.035234,-54.528017,Gam,,Ind,1,105499,,14.12537545,
2828,105858,203608,8181,Gl 827,Gam Pav,,9.2618,4.21,4.377,F6V,0.494,3.025799,-2.397286,-8.418648,Gam,,Pav,1,105519,,1.545966219,
2829,105881,204075,8204,,34Zet Cap,,118.2033,3.77,-1.593,G4Ibp...,1.002,85.717547,-67.776385,-45.065401,Zet,34,Cap,1,105540,,377.7461094,
2830,105928,204139,8207,,35    Cap,,171.8213,5.78,-0.395,K3III,1.44,125.91253,-99.041598,-62.124282,,35,Cap,1,105587,,125.3141175,
2831,105942,204403,8215,,70    Cyg,,400,5.3,-2.71,B3V,-0.14,250.793306,-197.078423,241.376613,,70,Cyg,1,105601,,1056.817509,
2832,105966,204414,8217,,35    Vul,,58.3431,5.39,1.56,A1V,0.049,40.693751,-31.888592,27.037848,,35,Vul,1,105625,,20.70141349,
2833,105972,204770,8227,,7    Cep,,246.9136,5.42,-1.543,B7V,-0.099,76.560752,-59.940166,226.962479,,7,Cep,1,105631,,360.7447339,
2834,106032,205021,8238,,8Bet Cep,Alfirk,210.084,3.23,-3.382,B2IIIv SB,-0.201,55.219515,-42.886719,198.108029,Bet,8,Cep,1,105691,,1962.456324,Bet
2835,106039,204381,8213,,36    Cap,,52.4659,4.5,0.901,K0III,0.889,38.479425,-29.868324,-19.490179,,36,Cap,1,105698,,37.98393902,
2836,106067,204394,8214,,5    PsA,,94.6074,6.52,1.64,A1V,0.036,63.972971,-49.505334,-49.063636,,5,PsA,1,105726,,19.23091729,
2837,106093,204771,8228,,71    Cyg,,66.4452,5.22,1.108,K0III,0.965,36.192119,-27.90965,48.229907,,71,Cyg,1,105752,,31.39062769,
2838,106140,204724,8225,,2    Peg,,120.7729,4.52,-0.89,M1III,1.618,87.760474,-67.372469,48.426252,,2,Peg,1,105798,,197.696964,
2839,106278,204867,8232,,22Bet Aqr,Sadalsuud,164.7446,2.9,-3.184,G0Ib,0.828,130.759282,-98.929336,-15.993766,Bet,22,Aqr,1,105936,,1635.309652,
2840,106327,204783,8229,,Xi  Gru,,142.8571,5.29,-0.485,K0III,1.109,85.898314,-64.671493,-94.059599,Xi,,Gru,1,105985,,136.1444682,
2841,106340,204854,8230,,6    PsA,,154.321,5.97,0.028,A2V,0.051,102.323995,-76.936803,-86.171594,,6,PsA,1,105998,,84.8789503,
2842,106481,205435,8252,,73Rho Cyg,,37.8931,3.98,1.087,G8III,0.885,21.314004,-15.774287,27.069852,Rho,73,Cyg,1,106139,,32.00368595,
2843,106551,205512,8255,,72    Cyg,,70.9723,4.87,0.615,K1III,1.085,44.739104,-32.87133,44.213932,,72,Cyg,1,106210,,49.4310687,
2844,106559,205289,8245,,37    Cap,,27.1003,5.7,3.535,F5V,0.423,20.516105,-15.06357,-9.306314,,37,Cap,1,106217,,3.357376142,
2845,106654,205471,8253,,8    PsA,,58.4454,5.73,1.896,A7/A8IV,0.234,42.460197,-30.797396,-25.777838,,8,PsA,1,106313,,15.19147698,
2846,106703,205529,8256,,7    PsA,,73.9098,6.1,1.756,A5V,0.226,50.249368,-36.23654,-40.305955,,7,PsA,1,106361,,17.28223873,
2847,106711,205835,8266,,74    Cyg,,65.8328,5.04,0.948,A5V,0.198,40.673036,-29.293979,42.679418,,74,Cyg,1,106369,,36.37474856,
2848,106723,205637,8260,,39Eps Cap,,323.6246,4.51,-3.04,B3V:p,-0.18,247.694778,-178.182639,-107.847055,Eps,39,Cap,1,106381,,1432.187899,Eps
2849,106781,205811,8265,,3    Peg,,145.3488,7.66,1.848,F2V,0.368,117.436592,-83.984446,16.779189,,3,Peg,1,106439,,15.87815364,
2850,106783,205811,8265,,3    Peg,,87.6424,6.19,1.476,A2V,0.046,70.815386,-50.639309,10.101315,,3,Peg,1,106441,,22.36660149,
2851,106786,205767,8264,,23Xi  Aqr,Bunda,54.7645,4.68,0.988,A7V,0.175,44.13209,-31.551274,-7.483694,Xi,23,Aqr,1,106444,,35.05903839,
2852,106787,205852,8267,,5    Peg,,98.4252,5.46,0.494,F1IV,0.321,75.560312,-54.017534,32.561038,,5,Peg,1,106445,,55.25861556,
2853,106801,206165,8279,,9    Cep,,100000,4.76,-15.24,B2Ib,0.246,38108.12454,-27202.23456,88361.80881,,9,Cep,1,106459,,108642562.4,V337
2854,106824,205739,,,,Sāmaya,107.7586,8.56,3.398,F7V,0.546,74.642254,-53.172993,-56.684058,,,PsA,1,106481,,3.808903765,
2855,106856,205924,8270,,4    Peg,,54.7046,5.66,1.97,A9IV-Vn,0.265,44.383241,-31.502974,5.501385,,4,Peg,1,106513,,14.19057522,
2856,106944,206067,8277,,25    Aqr,,69.4444,5.1,0.892,K0III,1.034,56.764173,-39.911393,2.718561,,25,Aqr,1,106601,,38.30010812,
2857,106985,206088,8278,GJ 4209,40Gam Cap,Nashira,48.1464,3.69,0.277,A7III:mp...,0.32,37.793496,-26.44095,-13.804954,Gam,40,Cap,1,106642,,67.48387309,Gam
2858,106999,206330,8284,,75    Cyg,,123.7624,5.09,-0.373,M1IIIvar,1.601,73.855085,-51.625016,84.83722,,75,Cyg,1,106656,,122.8004618,
2859,107089,205478,8254,Gl 835.1,Nu  Oct,,21.1999,3.73,2.098,K0III,1.008,3.808297,-2.630174,-20.688835,Nu,,Oct,1,106746,,12.61246575,
2860,107095,206301,8283,,42    Cap,,33.2336,5.16,2.552,G2V,0.672,26.533503,-18.313184,-8.066726,,42,Cap,1,106752,,8.302330159,BY
2861,107097,206538,8291,,76    Cyg,,152.207,6.07,0.158,A2V,0.068,94.825981,-65.433824,99.465707,,76,Cyg,1,106754,,75.30087105,
2862,107119,206952,8317,,11    Cep,,55.9284,4.55,0.812,K0III,1.108,14.765451,-10.155456,52.979213,,11,Cep,1,106776,,41.22873407,
2863,107128,206356,8285,,41    Cap,,70.7214,5.24,0.992,K0III,0.991,53.546638,-36.797591,-27.931264,,41,Cap,1,106785,,34.93011376,
2864,107136,206672,8301,,80Pi 1Cyg,Azelfafage,529.1005,4.69,-3.928,B3IV,-0.119,273.366682,-187.713963,412.287993,Pi-1,80,Cyg,1,106795,,3244.890157,
2865,107144,206445,8287,,26    Aqr,,342.4658,5.66,-2.013,K2III,1.446,282.306629,-193.718474,7.681516,,26,Aqr,1,106801,,556.1603196,
2866,107151,206487,8289,,7    Peg,,223.7136,5.3,-1.448,M2III,1.653,183.604515,-125.884361,22.142003,,7,Peg,1,106808,,330.5217169,
2867,107162,206644,8300,,77    Cyg,,126.4223,5.73,0.221,A0V,0.055,78.629547,-53.847521,83.068526,,77,Cyg,1,106819,,71.05587634,
2868,107188,206453,8288,,43Kap Cap,,90.1713,4.72,-0.055,G8III,0.868,70.458675,-48.127443,-29.157898,Kap,43,Cap,1,106845,,91.62204901,
2869,107232,206561,8295,,44    Cap,,133.5113,5.88,0.252,A9/F0V,0.255,106.915257,-72.745971,-33.202225,,44,Cap,1,106889,,69.05577442,
2870,107251,206610,,,,Bosona,193.7984,8.34,1.903,K0,1.009,159.050184,-107.872405,-24.988061,,,Aqr,1,106908,,15.09384897,
2871,107253,206774,8307,,79    Cyg,,84.1751,5.69,1.064,A0V,-0.01,54.684879,-37.084489,52.150911,,79,Cyg,1,106910,,32.68887692,
2872,107259,206936,8316,,Mu  Cep,Garnet Star,100000,4.23,-15.77,M2Ia,2.242,42908.71726,-29076.60057,85518.37999,Mu,,Cep,1,106916,,177010895.8,Mu
2873,107302,206677,8302,,45    Cap,,52.9942,5.96,2.339,A7IV/V,0.219,42.488479,-28.654502,-13.491855,,45,Cap,1,106959,,10.10182871,
2874,107310,206826,8309,Gl 836.6A,78Mu 1Cyg,,22.237,4.49,2.755,F6V,0.512,16.170769,-10.892651,10.693308,Mu-1,78,Cyg,1,106967,Gl 836.6,6.886522963,
2875,107315,206778,8308,,8Eps Peg,Enif,211.4165,2.38,-4.246,K2Ibvar,1.52,172.769915,-116.330918,36.25782,Eps,8,Peg,1,106972,,4349.106072,Eps
2876,107348,206859,8313,,9    Peg,,284.0909,4.34,-2.927,G5Ib,1.161,225.143738,-151.131247,84.718188,,9,Peg,1,107005,,1290.624782,
2877,107354,206901,8315,,10Kap Peg,,34.2231,4.14,1.468,F5IV,0.425,25.625802,-17.179996,14.811538,Kap,10,Peg,1,107011,,22.53201336,
2878,107380,206742,8305,,9Iot PsA,,62.6174,4.35,0.367,B9.5V,-0.053,43.645415,-29.177583,-34.127517,Iot,9,PsA,1,107037,,62.11550208,
2879,107382,206834,8311,,46    Cap,,242.7184,5.1,-1.826,G8II-III,1.108,199.285123,-133.152728,-38.314364,,46,Cap,1,107039,,468.1661397,
2880,107418,207260,8334,,10Nu  Cep,,100000,4.25,-15.75,A2Iavar,0.474,40209.48797,-26753.385,87563.9962,Nu,10,Cep,1,107075,,173780082.9,Nu
2881,107472,207089,8321,,12    Peg,,427.3504,5.29,-2.864,K0Ib,1.381,328.225373,-217.097859,166.628017,,12,Peg,1,107129,,1217.867385,
2882,107487,207005,8318,,47    Cap,,363.6364,6,-1.803,M3III,1.629,299.500332,-197.725768,-58.614333,,47,Cap,1,107144,,458.3529174,AG
2883,107517,207052,8319,,48Lam Cap,,86.3558,5.57,0.889,A1V,-0.002,70.707522,-46.563298,-17.018556,Lam,48,Cap,1,107174,,38.40608157,
2884,107533,207330,8335,,81Pi 2Cyg,,338.9831,4.23,-3.421,B3III,-0.12,184.716111,-121.343324,257.031565,Pi-2,81,Cyg,1,107190,,2034.229743,
2885,107556,207098,8322,Gl 837,49Del Cap,Deneb Algedi,11.8666,2.85,2.478,A5mF2 (IV),0.18,9.534405,-6.248606,-3.296196,Del,49,Cap,1,107213,,8.887917199,Del
2886,107575,207203,8328,,11    Peg,,174.5201,5.63,-0.579,A1V,0.012,145.885484,-95.435061,8.17881,,11,Peg,1,107232,,148.4567675,
2887,107586,207528,8339,,12    Cep,,140.4494,5.53,-0.208,M1III,1.575,57.563091,-37.588791,122.472679,,12,Cep,1,107243,,105.4872571,
2888,107608,207155,8326,,10The PsA,,98.4252,5.02,0.054,A1V,0.042,70.778376,-46.080091,-50.542965,The,10,PsA,1,107265,,82.87050779,
2889,107763,207650,8343,,14    Peg,,84.246,5.07,0.442,A1Vs,0.01,61.398194,-39.173401,42.344543,,14,Peg,1,107420,,57.96955947,
2890,107788,207652,8344,,13    Peg,,33.4225,5.34,2.72,F2III-IV,0.394,26.92592,-17.129763,9.931121,,13,Peg,1,107445,,7.112135137,V373
2891,107835,207241,8333,,Omi Ind,,166.6667,5.52,-0.589,M0III,1.378,49.036201,-31.003472,-156.243669,Omi,,Ind,1,107492,,149.8304211,
2892,107843,206240,8280,,Lam Oct,,125.4705,5.27,-0.223,G8/K0III+..,0.756,13.445225,-8.490741,-124.458648,Lam,,Oct,1,107500,,106.9547311,
2893,107975,207978,8354,GJ 4234,15    Peg,,27.4499,5.52,3.327,F6IVwvar,0.426,20.428477,-12.703413,13.221459,,15,Peg,1,107632,,4.066305463,
2894,108022,208057,8356,,16    Peg,,193.7984,5.09,-1.347,B3V,-0.155,148.237782,-91.676152,84.727925,,16,Peg,1,107679,,301.1618803,OQ
2895,108036,207958,8351,Gl 838.5,51Mu  Cap,,26.617,5.08,2.954,F3IV,0.378,22.021087,-13.587736,-6.236952,Mu,51,Cap,1,107693,,5.733238387,
2896,108085,207971,8353,,Gam Gru,Aldhanab,64.7249,3,-1.055,B8III,-0.084,43.853581,-26.892269,-39.28078,Gam,,Gru,1,107742,,230.1441817,
2897,108165,208501,8371,,13    Cep,,100000,5.74,-14.26,B8Ibvar,0.655,47033.04656,-28572.40052,83495.57134,,13,Cep,1,107822,,44055486.35,
2898,108281,208149,8362,,Pi  Ind,,142.8571,6.17,0.395,A3m...,0.215,65.11175,-39.032561,-121.016891,Pi,,Ind,1,107938,,60.53408748,
2899,108339,208565,8373,,17    Peg,,122.8501,5.54,0.093,A2Vnn,0.054,103.225533,-61.449621,25.702402,,17,Peg,1,107994,,79.94660025,
2900,108375,208487,,,,Itonda,45.8505,7.47,4.163,G2V:,0.568,31.177482,-18.487777,-28.079086,,,Gru,1,108030,,1.882781837,
2901,108431,208450,8368,,Del Ind,,57.6701,4.4,0.595,F0IV,0.297,28.500475,-16.801816,-47.236403,Del,,Ind,1,108086,,50.35006088,
2902,108478,208496,8369,,Kap1Ind,,67.1141,6.13,1.996,F3V,0.469,29.811294,-17.472468,-57.535642,Kap-1,,Ind,1,108133,,13.85479168,BG
2903,108535,209369,8400,,16    Cep,,36.7242,5.04,2.215,F5V,0.439,9.185579,-5.343482,35.152886,,16,Cep,1,108190,,11.32400363,
2904,108612,209008,8385,,18    Peg,,328.9474,6,-1.586,B3III,-0.112,283.01522,-163.181442,38.477954,,18,Peg,1,108267,,375.3185242,
2905,108661,209014,8386,,12Eta PsA,,250.6266,5.43,-1.565,B8/B9V+...,-0.095,191.231043,-109.477969,-119.410773,Eta,12,PsA,1,108316,,368.1289736,
2906,108691,209128,8390,,28    Aqr,,219.2982,5.6,-1.105,K4III:,1.279,190.423559,-108.743915,2.314491,,28,Aqr,1,108346,,240.9905429,
2907,108693,209166,8392,,20    Peg,,77.2201,5.61,1.171,F4III,0.336,65.30699,-37.292322,17.528071,,20,Peg,1,108348,,29.62101936,
2908,108699,209167,8393,,19    Peg,,165.8375,5.65,-0.448,K5III,1.44,142.541827,-81.342415,23.81695,,19,Peg,1,108354,,131.5830655,
2909,108772,209481,8406,,14    Cep,,934.5794,5.55,-4.303,O9V,0.017,431.121694,-243.72773,792.571395,,14,Cep,1,108427,,4583.529174,LZ
2910,108797,209278,8396,,29    Aqr,,270.2703,6.39,-0.769,A0/1V + K1/2,0.447,225.237665,-126.866378,-78.860788,,29,Aqr,1,108452,,176.8479378,DX
2911,108868,209396,8401,,30    Aqr,,93.1099,5.55,0.705,K0III,0.959,80.766482,-45.104495,-10.576547,,30,Aqr,1,108522,,45.49880602,
2912,108870,209100,8387,Gl 845,Eps Ind,,3.6224,4.69,6.895,K5V,1.056,1.732589,-0.966715,-3.030307,Eps,,Ind,1,108526,,0.152054753,
2913,108874,209409,8402,,31Omi Aqr,,133.5113,4.74,-0.888,B7IVe,-0.1,116.494982,-65.030775,-5.021272,Omi,31,Aqr,1,108528,,197.333128,Omi
2914,108875,209459,8404,,21    Peg,,193.0502,5.83,-0.598,B9.5V,-0.05,165.248136,-92.243194,38.113372,,21,Peg,1,108529,,151.0775732,
2915,108917,209790,8417,,17Xi  Cep,Kurhah,29.5946,4.26,1.904,Am,0.379,11.085515,-6.15803,26.739992,Xi,17,Cep,1,108573,,15.07995342,
2916,108924,209772,8416,,18    Cep,,130.039,5.26,-0.31,M5III,1.557,51.407668,-28.530067,115.988875,,18,Cep,1,108578,,115.8777356,MO
2917,108952,209476,8405,,13    PsA,,636.9427,6.45,-2.571,K5III,1.603,483.316368,-266.812488,-317.667513,,13,PsA,1,108606,,929.8223906,
2918,108991,209625,8410,,32    Aqr,,68.1199,5.29,1.124,A5m,0.231,59.685232,-32.815501,-1.077525,,32,Aqr,1,108645,,30.93143011,
2919,109005,209960,8426,,20    Cep,,92.9368,5.27,0.429,K4III,1.413,37.263208,-20.441541,82.648718,,20,Cep,1,108659,,58.66782664,
2920,109017,209975,8428,,19    Cep,,632.9114,5.07,-3.937,O9.5Ib,0.24,258.199853,-141.438666,560.271927,,19,Cep,1,108671,,3271.899836,
2921,109056,209833,8419,,23    Peg,,106.383,5.69,0.556,B9Vn,-0.048,81.715708,-44.563069,51.516947,,23,Peg,1,108710,,52.19152658,
2922,109068,209747,8413,,22Nu  Peg,,83.2639,4.86,0.258,K4III,1.443,72.833145,-39.677279,7.341645,Nu,22,Peg,1,108722,,68.67521061,
2923,109074,209750,8414,,34Alp Aqr,Sadalmelik,160.5136,2.95,-3.078,G2Ib,0.969,140.987693,-76.722268,-0.896054,Alp,34,Aqr,1,108728,,1483.200967,
2924,109081,209529,8409,,Kap2Ind,,150.6024,5.62,-0.269,K4III,1.468,66.878892,-36.368868,-129.944498,Kap-2,,Ind,1,108735,,111.5835052,
2925,109111,209688,8411,,Lam Gru,,74.239,4.47,0.117,M0III,1.349,50.325213,-27.291744,-47.265364,Lam,,Gru,1,108765,,78.19878404,
2926,109139,209819,8418,,33Iot Aqr,,53.7057,4.29,0.64,B8V,-0.075,45.86867,-24.791487,-12.874003,Iot,33,Aqr,1,108793,,48.3058802,
2927,109176,210027,8430,Gl 848,24Iot Peg,,11.7261,3.77,3.424,F5V,0.435,9.335368,-5.015491,5.019565,Iot,24,Peg,1,108830,,3.718775833,
2928,109240,210129,8438,,25    Peg,,186.5672,5.79,-0.564,B7Vn,-0.077,152.994225,-81.486898,68.991296,,25,Peg,1,108894,,146.4198643,
2929,109268,209952,8425,Gl 848.2,Alp Gru,Alnair,30.9693,1.73,-0.725,B7IV,-0.07,18.672505,-9.904001,-22.635193,Alp,,Gru,1,108922,,169.8243652,
2930,109285,210049,8431,,14Mu  PsA,,41.6493,4.5,1.402,A2V,0.054,30.872906,-16.349212,-22.676862,Mu,14,PsA,1,108939,,23.94418173,
2931,109289,210066,8433,,Ups PsA,,130.039,4.99,-0.58,K4III,1.499,95.234327,-50.406849,-72.799456,Ups,,PsA,1,108943,,148.5935642,
2932,109332,210191,8439,,35    Aqr,,714.2857,5.8,-3.469,B2III,-0.154,599.37583,-315.403056,-226.877771,,35,Aqr,1,108986,,2126.17986,
2933,109352,210354,8449,,27Pi 1Peg,,88.4956,5.58,0.845,G6III:,0.985,65.588119,-34.424593,48.42115,Pi-1,27,Peg,1,109006,,39.99447498,
2934,109400,210807,8468,,24    Cep,,120.919,4.79,-0.622,G8III,0.919,32.521719,-16.964526,115.221156,,24,Cep,1,109054,,154.4542987,
2935,109410,210459,8454,,29Pi 2Peg,,80.6452,4.28,-0.253,F5III,0.471,59.869583,-31.170316,44.132705,Pi-2,29,Peg,1,109064,,109.9512067,
2936,109422,210302,8447,Gl 849.1,15Tau PsA,,18.2782,4.94,3.63,F6V,0.489,13.670951,-7.105556,-9.83382,Tau,15,PsA,1,109076,,3.076096815,
2937,109427,210418,8450,GJ 9771,26The Peg,Biham,28.2965,3.52,1.261,A2V,0.086,24.963846,-12.967714,3.054948,The,26,Peg,1,109081,,27.26465459,
2938,109458,210516,8459,,28    Peg,,208.3333,6.45,-0.144,A3III,0.099,172.742194,-89.442532,74.585263,,28,Peg,1,109112,,99.44890372,
2939,109472,210424,8452,,38    Aqr,,137.931,5.43,-0.268,B5III,-0.117,120.032087,-62.069494,-27.652199,,38,Aqr,1,109126,,111.4807803,
2940,109492,210745,8465,,21Zet Cep,,256.4103,3.39,-3.655,K1Ibv SB,1.558,120.077626,-61.940455,217.924077,Zet,21,Cep,1,109146,,2523.480772,Zet
2941,109556,210839,8469,,22Lam Cep,,606.0606,5.05,-3.863,O6e,0.192,274.466338,-140.588162,521.739251,Lam,22,Cep,1,109210,,3056.32828,
2942,109624,210705,8462,,39    Aqr,,42.0521,6.04,2.921,F0V,0.386,36.359543,-18.440407,-10.311424,,39,Aqr,1,109278,,5.910170366,
2943,109786,210960,8480,,41    Aqr,,71.582,5.33,1.056,K1III,0.812,59.815198,-29.724886,-25.739567,,41,Aqr,1,109440,,32.93062702,
2944,109789,210934,8478,,16Lam PsA,,153.6098,5.45,-0.482,B7V,-0.121,121.723512,-60.481998,-71.563041,Lam,16,PsA,1,109443,,135.7688064,
2945,109857,211336,8494,GJ 4266,23Eps Cep,,26.1986,4.18,2.089,F0IV,0.278,12.783283,-6.301488,21.982833,Eps,23,Cep,1,109511,,12.71744886,Eps
2946,109908,211088,8486,,Mu 1Gru,,84.246,4.79,0.162,G8III+...,0.79,56.798164,-27.820419,-55.654028,Mu-1,,Gru,1,109562,,75.02396279,
2947,109937,211388,8498,,1    Lac,,190.4762,4.14,-2.259,K3III,1.447,135.358669,-66.041055,116.609456,,1,Lac,1,109591,,697.5896043,
2948,109973,211202,8488,,Mu 2Gru,,81.367,5.11,0.558,G8III,0.93,54.716493,-26.556325,-54.050668,Mu-2,,Gru,1,109627,,52.09547473,
2949,110000,211361,8496,,42    Aqr,,179.8561,5.34,-0.935,K1III,1.132,157.884454,-76.323696,-39.943097,,42,Aqr,1,109654,,206.0629913,
2950,110003,211391,8499,,43The Aqr,Ancha,57.4713,4.17,0.373,G8III-IV,0.979,51.269356,-24.775209,-7.783126,The,43,Aqr,1,109657,,61.77318586,
2951,110023,211434,8504,,44    Aqr,,94.7867,5.75,0.866,G6III,0.878,85.016542,-40.957591,-8.899082,,44,Aqr,1,109677,,39.22834625,
2952,110078,210853,8471,,Psi Oct,,38.4911,5.49,2.563,F3III,0.312,7.510175,-3.588477,-37.580534,Psi,,Oct,1,109733,,8.218640804,
2953,110103,211833,8511,,25    Cep,,282.4859,5.75,-1.505,K3III,1.256,116.578873,-55.473692,251.257456,,25,Cep,1,109757,,348.337315,
2954,110130,211416,8502,,Alp Tuc,Lang-Exster,61.237,2.87,-1.065,K3III,1.39,27.447381,-13.018072,-53.171301,Alp,,Tuc,1,109784,,232.2736796,
2955,110179,211676,8508,,45    Aqr,,113.3787,5.96,0.687,K0III,1.075,99.796262,-47.060409,-26.092421,,45,Aqr,1,109833,,46.25940048,
2956,110256,210967,8481,,Eps Oct,,89.1266,5.09,0.34,M6III,1.276,13.41646,-6.254205,-87.88887,Eps,,Oct,1,109912,,63.67955209,Eps
2957,110273,211838,8512,,46Rho Aqr,,270.2703,5.35,-1.809,B8IIIMNp...,-0.048,242.767417,-112.948285,-36.778495,Rho,46,Aqr,1,109927,,460.892881,
2958,110298,211924,8513,,30    Peg,,390.625,5.37,-2.589,B5IV,-0.037,352.549273,-163.536477,39.403875,,30,Peg,1,109952,,945.366046,
2959,110351,212120,8523,,2    Lac,,170.068,4.55,-1.603,B6V,-0.1,106.247601,-48.966326,123.437598,,2,Lac,1,110005,,381.2413511,
2960,110371,212097,8522,,32    Peg,,213.2196,4.78,-1.864,B9III,-0.01,170.55174,-78.334781,101.184951,,32,Peg,1,110025,,484.8417387,
2961,110386,212076,8520,,31    Peg,,497.5124,4.82,-3.664,B2IV-V,-0.132,442.059074,-202.581995,105.180739,,31,Peg,1,110040,,2544.485615,IN
2962,110391,212010,8516,,47    Aqr,,52.4384,5.12,1.522,K0III,1.057,44.330983,-20.297993,-19.302517,,47,Aqr,1,110045,,21.43877666,
2963,110395,212061,8518,GJ 9779,48Gam Aqr,Sadachbia,50.2008,3.86,0.356,A0V,-0.057,45.635919,-20.880207,-1.215412,Gam,48,Aqr,1,110049,,62.7480162,
2964,110478,212087,8521,,Pi 1Gru,,163.1321,6.42,0.357,S57:,2.231,103.365332,-46.705582,-117.244277,Pi-1,,Gru,1,110132,,62.69024975,
2965,110506,212132,8524,,Pi 2Gru,,40,5.62,2.61,F3III-IV,0.372,25.373996,-11.412428,-28.739018,Pi-2,,Gru,1,110160,,7.870457897,
2966,110529,212271,8529,,49    Aqr,,80.3213,5.53,1.006,K0IIICN...,0.979,66.567054,-29.806815,-33.643371,,49,Aqr,1,110183,,34.48259966,
2967,110538,212496,8538,,3Bet Lac,,52.1105,4.42,0.835,G9III,1.015,29.133552,-13.038111,41.191488,Bet,3,Lac,1,110192,,40.3645393,
2968,110548,212395,8532,,33    Peg,,33.7041,6.2,3.562,F7V,0.518,28.755035,-12.853804,11.995005,,33,Peg,1,110202,,3.274914756,
2969,110578,212404,8533,,51    Aqr,,124.3781,5.79,0.316,A0V,-0.033,113.245652,-50.352297,-10.487774,,51,Aqr,1,110232,,65.10284984,
2970,110602,212430,8534,,50    Aqr,,140.4494,5.76,0.022,K0III,0.97,124.8553,-55.295014,-32.857217,,50,Aqr,1,110256,,85.34930716,
2971,110609,212593,8541,,4    Lac,,689.6552,4.55,-4.643,B9Iab,0.092,409.779602,-181.340137,524.233161,,4,Lac,1,110263,,6269.024975,
2972,110618,211998,8515,Gl 855.1A,Nu  Ind,,28.7026,5.28,2.99,A3V: + F9V,0.66,8.001105,-3.536637,-27.337277,Nu,,Ind,1,110271,Gl 855.1,5.54625713,
2973,110672,212571,8539,,52Pi  Aqr,,239.8082,4.8,-2.099,B1Ve,-0.171,219.552367,-96.288728,5.764477,Pi,52,Aqr,1,110326,,602.0048637,Pi
2974,110778,212697,8544,Gl 859B,53    Aqr,,20.202,5.55,4.023,G3V,0.618,17.760317,-7.669824,-5.819492,,53,Aqr,2,119501,Gl 859,2.141903991,
2975,110785,212754,8548,GJ 9782A,34    Peg,,38.1534,5.76,2.852,F7V,0.519,34.927096,-15.073956,2.92294,,34,Peg,1,110439,GJ 9782,6.297961479,
2976,110787,213403,8578,,28Rho1Cep,,63.1712,5.83,1.827,A2m,0.171,11.281417,-4.863989,61.96503,Rho-1,28,Cep,1,110441,,16.18825363,
2977,110813,212771,,,,Lionrock,131.0616,7.6,2.013,G8IV,0.882,115.004344,-49.379339,-38.895048,,,Aqr,1,110467,,13.63954868,
2978,110817,213087,8561,,26    Cep,,100000,5.52,-14.48,B0.5Ib,0.302,38643.86445,-16585.03984,90728.10021,,26,Cep,1,110471,,53951062.25,
2979,110838,212581,8540,,Del Tuc,,76.9231,4.51,0.08,B8V,-0.029,29.925359,-12.805506,-69.696999,Del,,Tuc,1,110492,,80.90958992,
2980,110882,212943,8551,,35    Peg,,45.4752,4.78,1.491,K0III,1.039,41.709159,-17.734844,3.72278,,35,Peg,1,110536,,22.05972022,
2981,110893,239960,,Gl 860A,,Kruger 60,4.001,9.59,11.579,M2V,1.613,1.968033,-0.83547,3.381486,,,Cep,1,110547,Gl 860,0.00203423,DO
2982,110936,212953,8552,,Nu  Gru,,87.4126,5.47,0.762,G8III,0.959,62.490777,-26.315722,-55.166705,Nu,,Gru,1,110591,,43.17178445,
2983,110960,213051,8558,,55Zet1Aqr,,28.169,3.65,1.401,F3III-IV,0.406,25.969719,-10.912416,-0.009819,Zet-1,55,Aqr,1,110614,,23.96624529,
2984,110986,213119,8562,,36    Peg,,182.8154,5.6,-0.71,K5III,1.578,166.497317,-69.704494,29.005158,,36,Peg,1,110639,,167.4942876,
2985,110991,213306,8571,,27Del Cep,,265.252,4.07,-3.048,G2Ibvar,0.778,128.159892,-53.629433,225.959019,Del,27,Cep,1,110645,,1442.779623,Del
2986,110997,213009,8556,,Del1Gru,,94.8767,3.97,-0.916,G6/G8III,1.022,63.502865,-26.541175,-65.303513,Del-1,,Gru,1,110650,,202.4883307,
2987,111022,213310,8572,,5    Lac,,505.0505,4.34,-4.177,M0II,1.679,313.72288,-130.702078,373.59188,,5,Lac,1,110675,,4081.313916,
2988,111043,213080,8560,,Del2Gru,,101.2146,4.12,-0.906,M4.5IIIa,1.57,67.519535,-28.05134,-69.990239,Del-2,,Gru,1,110696,,200.6319065,
2989,111056,213798,8591,,29Rho2Cep,,75.1315,5.45,1.071,A3V,0.093,13.450576,-5.579459,73.706819,Rho-2,29,Cep,1,110709,,32.47880188,
2990,111062,213235,8566,,37    Peg,,51.8672,5.51,1.936,F5IVs,0.385,47.772814,-19.796544,4.007804,,37,Peg,1,110715,,14.64198643,
2991,111068,213323,8574,,38    Peg,,110.4972,5.64,0.423,B9.5V,-0.031,86.033526,-35.622957,59.488125,,38,Peg,1,110721,,58.99293451,
2992,111086,213236,8567,,56    Aqr,,193.4236,6.36,-0.073,B8II,-0.047,173.030972,-71.416126,-48.709497,,56,Aqr,1,110739,,93.15367652,
2993,111104,213420,8579,,6    Lac,,526.3158,4.52,-4.086,B2IV,-0.086,355.219533,-146.251994,359.77449,,6,Lac,1,110757,,3753.185242,
2994,111123,213320,8573,,57Sig Aqr,,88.8099,4.82,0.078,A0IVs,-0.053,80.722934,-33.169888,-16.455466,Sig,57,Aqr,1,110776,,81.05876825,
2995,111138,213296,8570,,Zet PsA,,132.4503,6.43,0.82,K1III,1.083,110.091599,-45.097876,-58.215478,Zet,,PsA,1,110791,,40.92606597,
2996,111169,213558,8585,,7Alp Lac,Stellio,31.4564,3.76,1.271,A1V,0.031,18.613691,-7.587422,24.196371,Alp,7,Lac,1,110822,,27.01469073,
2997,111188,213398,8576,,17Bet PsA,,43.7828,4.29,1.083,A1V,0.011,34.265767,-13.930345,-23.425222,Bet,17,PsA,1,110841,,32.12180934,
2998,111196,211539,8505,,Ups Oct,,99.4036,5.76,0.773,K0III,1.02,6.477402,-2.629368,-99.157648,Ups,,Oct,1,110849,,42.73660315,
2999,111200,213464,8583,,58    Aqr,,71.582,6.39,2.116,A8III,0.29,65.135265,-26.419338,-13.542659,,58,Aqr,1,110853,,12.4050923,
3000,111278,213617,8586,,39    Peg,,50.2513,6.43,2.924,F1V,0.35,43.763296,-17.550302,17.376331,,39,Peg,1,110930,,5.893862502,
3001,111310,213442,8582,,Nu  Tuc,,88.968,4.91,0.164,M4III,1.612,38.817291,-15.486322,-78.541021,Nu,,Tuc,1,110961,,74.88589075,Nu
3002,111394,213789,8590,,60    Aqr,,106.6098,5.88,0.741,G6III,0.977,99.162394,-39.03685,-2.928861,,60,Aqr,1,111045,,44.01492843,
3003,111449,213845,8592,Gl 863.2,59Ups Aqr,,22.6809,5.21,3.432,F7V,0.446,19.762752,-7.715712,-8.020157,Ups,59,Aqr,1,111099,,3.691475582,
3004,111497,213998,8597,,62Eta Aqr,,51.4668,4.04,0.482,B9IV-Vn,-0.083,47.99624,-18.578858,-0.105543,Eta,62,Aqr,1,111147,,55.8727439,
3005,111532,214470,8615,,31    Cep,,54.8847,5.08,1.383,F3III-IV,0.395,14.424326,-5.553672,52.663326,,31,Cep,1,111182,,24.36688423,
3006,111544,214168,8603,,8    Lac,,100000,6.6,-13.4,B2V,-0.148,71888.4795,-27642.84989,63780.24261,,8,Lac,1,111195,,19952623.15,
3007,111594,214085,8600,,Sig1Gru,,68.306,6.28,2.108,A3Vn,0.119,48.470137,-18.487512,-44.436118,Sig-1,,Gru,1,111244,,12.49683397,
3008,111643,214150,8602,,Sig2Gru,,65.8328,5.85,1.758,A1V,0.06,46.747581,-17.715527,-42.834554,Sig-2,,Gru,1,111292,,17.25043297,
3009,111674,214454,8613,,9    Lac,,52.6316,4.64,1.034,A8IV,0.254,30.627298,-11.546584,41.215794,,9,Lac,1,111323,,33.60469825,
3010,111710,214376,8610,,63Kap Aqr,Situla,65.5738,5.04,0.956,K2III,1.14,61.229681,-22.967064,-4.834534,Kap,63,Aqr,1,111359,,36.10771451,
3011,111797,214734,8627,,30    Cep,,88.0282,5.19,0.467,A3IV,0.083,36.720614,-13.610536,78.837372,,30,Cep,1,111445,,56.65001119,
3012,111810,214567,8618,,40    Peg,,114.4165,5.84,0.548,G8II,0.922,101.153228,-37.379335,38.234857,,40,Peg,1,111458,,52.57750823,
3013,111841,214680,8622,,10    Lac,,529.1005,4.89,-3.728,O9V,-0.207,385.660924,-141.778467,333.334309,,10,Lac,1,111489,,2698.982073,
3014,111884,214698,8624,,41    Peg,,205.7613,6.33,-0.237,A2V,0.035,181.994271,-66.43524,69.297305,,41,Peg,1,111531,,108.3427862,
3015,111944,214868,8632,,11    Lac,,102.0408,4.5,-0.544,K3III,1.318,68.709152,-24.83361,71.236583,,11,Lac,1,111591,,143.7474006,
3016,111954,214748,8628,,18Eps PsA,,149.2537,4.18,-1.69,B8V,-0.105,125.047058,-45.108691,-67.860991,Eps,18,PsA,1,111601,,413.047502,
3017,112029,214923,8634,,42Zet Peg,Homam,62.6566,3.41,-0.575,B8.5V,-0.086,57.962157,-20.678728,11.774377,Zet,42,Peg,1,111676,,147.9108388,
3018,112031,214993,8640,,12    Lac,,411.5226,5.25,-2.822,B2IIIv SB,-0.137,295.939224,-105.55747,265.759923,,12,Lac,1,111678,,1171.655674,DD
3019,112051,214994,8641,,43Omi Peg,,91.5751,4.8,-0.009,A1IV,-0.013,75.245294,-26.735649,44.825936,Omi,43,Peg,1,111698,,87.82132799,
3020,112102,214966,8637,,19    PsA,,211.4165,6.12,-0.506,M3III,1.522,173.789147,-61.227997,-103.659864,,19,PsA,1,111748,,138.8033667,
3021,112122,214952,8636,,Bet Gru,Tiaki,54.2594,2.07,-1.602,M5III,1.61,34.993484,-12.277259,-39.608199,Bet,,Gru,1,111768,,380.8903765,
3022,112158,215182,8650,,44Eta Peg,Matar,65.703,2.93,-1.158,G2II-III..,0.852,53.59916,-18.717064,33.070991,Eta,44,Peg,1,111804,,253.0463049,
3023,112179,215143,8647,,67    Aqr,,114.1553,6.4,1.113,A0Vn,-0.039,107.016625,-37.247387,-13.838738,,67,Aqr,1,111825,,31.24640086,
3024,112203,215104,8644,,Rho Gru,,70.6215,4.84,0.595,K0III,1.027,50.03923,-17.352188,-46.716271,Rho,,Gru,1,111849,,50.35006088,
3025,112211,215167,8649,,66    Aqr,,132.8021,4.68,-0.936,K3III,1.358,118.772577,-41.13611,-42.864267,,66,Aqr,1,111857,,206.2528698,
3026,112242,215373,8656,,13    Lac,,78.6782,5.11,0.631,K0III,0.96,55.448261,-19.067659,52.461339,,13,Lac,1,111888,,48.70796665,
3027,112247,215441,,,,Babcock's star,100000,8.83,-11.17,A0p,0.031,53443.38342,-18369.41072,82500.72435,,,Lac,1,111893,,2558585.887,GL
3028,112358,215510,8660,,45    Peg,,113.3787,6.27,0.997,G6III:,1.057,101.356852,-34.174559,37.597513,,45,Peg,1,112000,,34.76962446,
3029,112374,215369,8655,,Eta Gru,,127.2265,4.84,-0.683,K2IIICNIV,1.18,71.727719,-24.128117,-102.272256,Eta,,Gru,1,112018,,163.3804169,
3030,112405,214846,8630,,Bet Oct,,45.7666,4.13,0.827,A9IV/V,0.208,6.504421,-2.174504,-45.250032,Bet,,Oct,1,112050,,40.66305463,
3031,112440,215665,8667,GJ 4295,47Lam Peg,,111.9821,3.97,-1.276,G8II-III,1.07,97.414069,-32.34337,44.770388,Lam,47,Peg,1,112084,,282.0979954,
3032,112447,215648,8665,Gl 872A,46Xi  Peg,,16.2973,4.2,3.139,F7V,0.502,15.122785,-5.009216,3.436474,Xi,46,Peg,1,112090,Gl 872,4.835039206,
3033,112529,215721,8670,,68    Aqr,,77.8816,5.24,0.783,G8III,0.941,69.72795,-22.806749,-26.1427,,68,Aqr,1,112170,,42.34479162,
3034,112542,215766,8673,,69Tau1Aqr,,97.371,5.68,0.738,B9V,-0.016,89.795919,-29.300918,-23.649246,Tau-1,69,Aqr,1,112183,,44.13671435,
3035,112615,215874,8676,,70    Aqr,,111.6071,6.19,0.952,A9III-IV,0.274,104.422663,-33.675535,-20.445016,,70,Aqr,1,112255,,36.24098559,FM
3036,112623,215789,8675,GJ 9796,Eps Gru,,39.5257,3.49,0.506,A3V,0.083,23.513371,-7.577057,-30.854309,Eps,,Gru,1,112263,,54.65123745,
3037,112716,216032,8679,,71Tau2Aqr,,97.371,4.05,-0.892,K5III,1.57,90.21252,-28.620692,-22.883854,Tau-2,71,Aqr,1,112357,,198.0614709,
3038,112724,216228,8694,,32Iot Cep,,35.3482,3.5,0.758,K0III,1.053,13.598133,-4.30834,32.34218,Iot,32,Cep,1,112364,,43.33112852,
3039,112748,216131,8684,GJ 4298,48Mu  Peg,Sadalbari,32.5309,3.51,0.949,M2III,0.933,28.209183,-8.893887,13.542862,Mu,48,Peg,1,112389,,36.34126161,
3040,112778,216200,8690,,14    Lac,,348.4321,5.91,-1.801,B3IV:var,0.062,247.254966,-77.528952,232.935794,,14,Lac,1,112419,,457.5093773,V360
3041,112781,215573,8663,,Xi  Oct,,151.0574,5.32,-0.576,B6IV,-0.126,24.722987,-7.750055,-148.81899,Xi,,Oct,1,112421,,148.0471325,Xi
3042,112862,216210,8693,,21    PsA,,98.912,5.99,1.014,G8/K0III,0.907,82.225659,-25.39453,-48.761167,,21,PsA,1,112502,,34.22945623,
3043,112917,216397,8699,,15    Lac,,99.7009,4.95,-0.043,M0III,1.559,69.377949,-21.199742,68.392326,,15,Lac,1,112557,,90.61498022,
3044,112935,216385,8697,GJ 9801A,49Sig Peg,,27.2777,5.16,2.981,F7IV,0.487,25.716183,-7.81302,4.65967,Sig,49,Peg,1,112575,GJ 9801,5.59242283,
3045,112948,216336,8695,GJ 9800A,22Gam PsA,,66.0502,4.46,0.361,A0III,-0.037,53.085686,-16.096898,-35.853148,Gam,22,PsA,1,112588,GJ 9800,62.45971525,
3046,112961,216386,8698,,73Lam Aqr,,118.0638,3.73,-1.631,M2IIIvar,1.626,112.009754,-33.916636,-15.573012,Lam,73,Aqr,1,112601,,391.2010394,Lam
3047,113031,216494,8704,,74    Aqr,,253.1646,5.8,-1.217,B8IV/V,-0.082,237.606286,-70.970791,-50.977275,,74,Aqr,1,112670,,267.1775727,HI
3048,113044,216435,8700,GJ 9802,Tau1Gru,,32.6158,6.03,3.463,G3IV,0.621,20.671827,-6.159378,-24.464821,Tau-1,,Gru,1,112684,,3.58756683,
3049,113127,216637,8710,,78    Aqr,,206.1856,6.2,-0.371,K3III,1.284,196.277574,-57.610681,-25.858433,,78,Aqr,1,112767,,122.5744632,
3050,113136,216627,8709,,76Del Aqr,Skat,49.2368,3.27,-0.191,A3V,0.066,45.459019,-13.325406,-13.423467,Del,76,Aqr,1,112776,,103.8484455,
3051,113137,216437,8701,,Rho Ind,,26.7451,6.04,3.904,G4IV-V,0.66,8.747053,-2.563699,-25.143894,Rho,,Ind,1,112777,,2.390011551,
3052,113148,216640,8711,,77    Aqr,,41.1862,5.53,2.456,K1III,1.111,37.944892,-11.103445,-11.540155,,77,Aqr,1,112788,,9.069847815,
3053,113167,216701,8715,,1    Psc,,108.2251,6.11,0.938,A7III,0.192,103.882525,-30.283209,2.011367,,1,Psc,1,112805,,36.71131997,
3054,113186,216735,8717,,50Rho Peg,,95.6938,4.91,0.006,A1V,-0.003,90.811562,-26.37122,14.666464,Rho,50,Peg,1,112826,,86.6163742,
3055,113246,216763,8720,,23Del PsA,,47.259,4.2,0.828,G8III,0.952,38.294356,-10.990075,-25.419746,Del,23,PsA,1,112886,,40.62561982,
3056,113281,216916,8725,,16    Lac,,390.625,5.6,-2.359,B2IV,-0.149,280.913864,-80.028589,259.365895,,16,Lac,1,112921,,764.891791,EN
3057,113288,216946,8726,,,Tengshe,490.1961,4.99,-3.462,K5Ibvar,1.778,304.725766,-86.755537,374.042528,,,Lac,1,112928,,2112.515966,
3058,113307,216823,8722,,Tau3Gru,,74.6269,5.72,1.356,Am...,0.226,48.076988,-13.605175,-55.431802,Tau-3,,Gru,1,112947,,24.98043519,
3059,113357,217014,8729,Gl 882,51    Peg,Helvetios,15.6079,5.45,4.483,G5V,0.666,14.053522,-3.93265,5.534429,,51,Peg,1,112997,,1.402167834,
3060,113368,216956,8728,Gl 881,24Alp PsA,Fomalhaut,7.7036,1.17,1.737,A3V,0.145,6.450517,-1.799476,-3.807757,Alp,24,PsA,1,113008,,17.58733354,
3061,113503,217232,8739,,52    Peg,,94.3396,5.76,0.887,A7V,0.293,89.138266,-24.219629,19.177411,,52,Peg,1,113143,,38.47689339,
3062,113521,217264,8742,,2    Psc,,91.659,5.43,0.619,K1III:,0.982,88.466793,-23.92916,1.540369,,2,Psc,1,113161,,49.24929296,
3063,113610,217428,8750,,3    Psc,,179.5332,6.22,-0.051,G4III,0.892,173.542139,-45.988101,0.582398,,3,Psc,1,113250,,91.28512193,
3064,113638,217364,8747,,Zet Gru,,33.3778,4.11,1.493,G8III,0.96,19.533046,-5.153542,-26.570247,Zet,,Gru,1,113278,,22.01912211,
3065,113674,217531,8757,,81    Aqr,,151.7451,6.23,0.324,K5III,1.418,145.697187,-38.091136,-18.653815,,81,Aqr,1,113314,,64.62491725,
3066,113726,217675,8762,,1Omi And,Alfarasalkamil,210.5263,3.62,-2.997,B6pv SB,-0.099,150.676276,-39.022904,141.757338,Omi,1,And,1,113366,,1376.575387,Omi
3067,113781,217701,8763,,82    Aqr,,446.4286,6.18,-2.069,M2III,1.59,429.628565,-110.024955,-51.110043,,82,Aqr,1,113421,,585.5985598,
3068,113788,217782,8766,Gl 886.1A,2    And,,129.199,5.09,-0.466,A3Vn,0.094,91.902761,-23.508437,87.713296,,2,And,1,113428,Gl 886.1,133.7827134,
3069,113860,217792,8767,Gl 886.2,Pi  PsA,,29.4204,5.12,2.777,A9V,0.305,23.442366,-5.899524,-16.769254,Pi,,PsA,1,113500,,6.748387309,
3070,113881,217906,8775,,53Bet Peg,Scheat,60.0962,2.44,-1.454,M2II-IIIvar,1.655,51.433435,-12.877612,28.290136,Bet,53,Peg,1,113521,,332.3533036,Bet
3071,113889,217891,8773,,4Bet Psc,Fumalsamakah,125.1564,4.48,-1.007,B6Ve,-0.115,121.152668,-30.275882,8.338293,Bet,4,Psc,1,113529,,220.1912211,
3072,113919,218031,8780,,3    And,,54.1712,4.64,0.971,K0III,1.058,33.75615,-8.387722,41.528947,,3,And,1,113559,,35.61229809,
3073,113957,217902,8774,,Kap Gru,,111.6071,5.37,0.132,K5III,1.453,63.751629,-15.700068,-90.251972,Kap,,Gru,1,113597,,77.1258565,
3074,113963,218045,8781,,54Alp Peg,Markab,40.8831,2.49,-0.568,B9.5III,-0.002,38.311434,-9.417123,10.722722,Alp,54,Peg,1,113603,,146.9602899,
3075,113996,218060,8782,,83    Aqr,,64.2261,5.44,1.401,F2V,0.312,61.834539,-15.084177,-8.598508,,83,Aqr,1,113636,,23.96624529,
3076,114046,217987,,Gl 887,,Lacaille 9352,3.2759,7.35,9.773,M2/M3V,1.483,2.581532,-0.621353,-1.918773,,,PsA,1,113687,,0.010734949,
3077,114104,218376,8797,,1    Cas,,346.0208,4.84,-2.856,B0.5IV,-0.06,171.281673,-40.636373,297.895304,,1,Cas,1,113743,,1208.926785,
3078,114119,218240,8789,,86    Aqr,,66.313,4.48,0.372,G8III,0.892,59.065055,-13.994841,-26.700102,,86,Aqr,1,113757,,61.83010728,
3079,114131,218227,8787,,The Gru,,40.4367,4.28,1.246,F5me...,0.423,28.53779,-6.735685,-27.845269,The,,Gru,1,113770,,27.64394371,
3080,114132,218242,8790,,Ups Gru,,87.3362,5.62,0.914,A0V,0.006,66.159478,-15.610866,-54.834853,Ups,,Gru,1,113771,,37.53185242,
3081,114144,218329,8795,,55    Peg,,100.8065,4.54,-0.477,M2III,1.559,96.803108,-22.792177,16.480786,,55,Peg,1,113783,,135.1450054,
3082,114155,218356,8796,,56    Peg,,181.4882,4.76,-1.534,K0IIp,1.285,159.508154,-37.476686,78.04182,,56,Peg,1,113794,,357.7667699,
3083,114200,218452,8804,,4    And,,106.9519,5.3,0.154,K5III,1.409,71.857434,-16.70375,77.435078,,4,And,1,113839,,75.57880137,
3084,114210,218470,8805,,5    And,,34.3407,5.68,3.001,F5V,0.449,21.816063,-5.061066,26.033199,,5,And,1,113849,,5.49034961,
3085,114222,218658,8819,,33Pi  Cep,,75.643,4.41,0.016,G2III,0.802,18.592192,-4.301103,73.196097,Pi,33,Cep,1,113861,,85.82227051,
3086,114273,218527,8807,,5    Psc,,81.4996,5.42,0.864,G8IV,0.908,79.410024,-18.084508,3.026077,,5,Psc,1,113912,,39.30067413,
3087,114322,218566,,GJ 4313,,Ebla,28.5551,8.59,6.312,K3V,1.012,27.833867,-6.27534,-1.126403,,,Psc,1,113961,,0.260135726,
3088,114341,218594,8812,,88    Aqr,Safina,82.9876,3.68,-0.915,K1III,1.202,75.510914,-16.931759,-29.973162,,88,Aqr,1,113980,,202.3019179,
3089,114347,218634,8815,,57    Peg,,239.8082,5.05,-1.849,M4Sv,1.484,231.33715,-51.790234,36.179108,,57,Peg,1,113986,,478.1894607,GZ
3090,114365,218753,8822,,2    Cas,,534.7594,5.68,-2.961,A5III,0.315,266.221504,-59.342142,459.969696,,2,Cas,1,114003,,1331.680376,
3091,114375,218640,8817,GJ 9812A,89    Aqr,,154.5595,4.71,-1.235,A3IV:,0.674,139.44076,-30.96754,-59.041698,,89,Aqr,1,114013,GJ 9812,271.6439269,
3092,114389,218700,8821,,58    Peg,,248.139,5.39,-1.583,B9III,-0.068,238.711862,-52.894547,42.329864,,58,Peg,1,114027,,374.2829122,
3093,114421,218670,8820,,Iot Gru,,56.1798,3.88,0.132,K0III SB,0.998,38.629453,-8.500488,-39.895777,Iot,,Gru,1,114059,,77.1258565,
3094,114430,218804,8825,,6    And,,27.6472,5.91,3.702,F5IV,0.45,19.573117,-4.298653,19.046287,,6,And,1,114068,,2.878723811,
3095,114520,218918,8826,,59    Peg,,74.2942,5.15,0.795,A5Vn,0.139,71.813157,-15.350679,11.263598,,59,Peg,1,114158,,41.87935651,
3096,114526,218935,8827,,60    Peg,,70.1754,6.19,1.959,G8III-IV,0.937,61.232881,-13.065769,31.692179,,60,Peg,1,114164,,14.33507601,
3097,114570,219080,8830,Gl 891.1,7    And,Honores,24.5881,4.53,2.576,F0V,0.302,15.657659,-3.288881,18.670848,,7,And,1,114208,,8.120822162,
3098,114724,219215,8834,,90Phi Aqr,,61.9579,4.22,0.26,M2III,1.545,60.393261,-12.198628,-6.529062,Phi,90,Aqr,1,114362,,68.54882265,
3099,114844,219477,8842,,61    Peg,,265.9574,6.51,-0.614,G5III,0.833,229.934922,-44.932756,125.87429,,61,Peg,1,114482,,153.3204199,
3100,114855,219449,8841,Gl 893.2A,91Psi1Aqr,,45.9348,4.24,0.929,K0III,1.107,44.520534,-8.675776,-7.255216,Psi-1,91,Aqr,1,114493,Gl 893.2,37.0168961,
3101,114939,219576,8850,,92Chi Aqr,,187.9699,4.93,-1.44,M3III,1.613,182.971432,-34.863134,-25.271516,Chi,92,Aqr,1,114577,,328.0952931,Chi
3102,114971,219615,8852,,6Gam Psc,,42.3012,3.7,0.568,G7III,0.916,41.496215,-7.847237,2.421966,Gam,6,Psc,1,114609,,51.61786055,
3103,114996,219571,8848,GJ 9818,Gam Tuc,,23.0574,3.99,2.176,F1III,0.41,11.929297,-2.241691,-19.60403,Gam,,Tuc,1,114634,,11.73815932,
3104,115022,219734,8860,,8    And,,172.7116,4.82,-1.367,M2III,1.668,111.354244,-20.766915,130.377297,,8,And,1,114660,,306.7608977,
3105,115033,219688,8858,,93Psi2Aqr,,123.1527,4.41,-1.042,B5Vn,-0.144,119.529341,-22.20547,-19.652688,Psi-2,93,Aqr,1,114670,,227.4049951,Psi-2
3106,115054,219693,8859,GJ 4330,Phi Gru,,35.4108,5.54,2.794,F5V,0.445,26.350953,-4.864271,-23.149708,Phi,,Gru,1,114692,,6.64354682,
3107,115065,219815,8864,,9    And,,129.5337,5.98,0.418,A7m,0.215,95.015978,-17.443523,86.294018,,9,And,1,114703,,59.26523352,AN
3108,115088,219916,8872,,34Omi Cep,,62.2665,4.75,0.779,K0III,0.836,22.835788,-4.167994,57.777604,Omi,34,Cep,1,114727,,42.50108332,
3109,115102,219784,8863,GJ 9821,Gam Scl,,55.8659,4.41,0.674,K1III,1.109,46.342019,-8.416758,-30.043133,Gam,,Scl,1,114740,,46.81661397,
3110,115115,219832,8865,,95Psi3Aqr,,80.1925,4.99,0.469,A0V,-0.022,77.802657,-14.082589,-13.388422,Psi-3,95,Aqr,1,114753,,56.54575407,
3111,115126,219834,8866,Gl 894.2A,94    Aqr,,21.1193,5.2,3.577,G6/G8IV,0.787,20.213398,-3.645056,-4.915367,,94,Aqr,1,114764,Gl 894.2,3.229981241,
3112,115142,219877,8868,,96    Aqr,,34.1647,5.56,2.892,F3IV,0.386,33.495513,-5.99668,-3.051503,,96,Aqr,1,114779,,6.070158063,
3113,115152,219945,8874,,11    And,,87.7193,5.44,0.725,K0III,1.014,57.077691,-10.193605,65.824923,,11,And,1,114789,,44.66835922,
3114,115191,219981,8876,,10    And,,147.4926,5.81,-0.034,M0III,1.512,107.800199,-19.069371,98.84104,,10,And,1,114828,,89.8669495,
3115,115211,,,GJ 4332,,Danfeng,26.3713,11.03,8.924,M2,1.45,12.960983,-2.278056,-22.853202,,,Tuc,1,114848,,0.023463889,
3116,115227,220009,8878,,7    Psc,,132.626,5.05,-0.563,K2III,1.204,130.069967,-22.734151,12.438163,,7,Psc,1,114864,,146.2850687,
3117,115250,220061,8880,,62Tau Peg,Salm,49.5786,4.58,1.104,A5V,0.18,44.715629,-7.756411,19.960021,Tau,62,Peg,1,114887,,31.50648833,Tau
3118,115271,220088,8882,,63    Peg,,128.7001,5.58,0.032,M0III,1.501,109.371067,-18.878913,65.155416,,63,Peg,1,114907,,84.56682001,
3119,115280,220117,8885,,12    And,,41.9639,5.77,2.656,F5V,0.468,32.506379,-5.60201,25.940605,,12,And,1,114916,,7.543970822,
3120,115355,220222,8887,,64    Peg,,254.4529,5.35,-1.678,B6III,-0.101,213.249892,-35.766578,134.132483,,64,Peg,1,114991,,408.5074677,
3121,115404,220278,8890,,97    Aqr,,65.3595,5.19,1.113,A3V,0.203,62.284459,-10.24053,-16.959596,,97,Aqr,1,115040,,31.24640086,
3122,115407,220318,8891,,65    Peg,,175.1313,6.28,0.063,B9.5V,-0.033,161.519967,-26.540229,62.272345,,65,Peg,1,115043,,82.18640804,
3123,115438,220321,8892,,98    Aqr,,50.1002,3.96,0.461,K0III,1.082,46.435798,-7.568697,-17.217874,,98,Aqr,1,115073,,56.96393733,
3124,115444,220363,8893,,66    Peg,,119.0476,5.09,-0.289,K3III,1.315,114.802504,-18.657626,25.388987,,66,Peg,1,115079,,113.6579975,
3125,115590,220652,8904,,4    Cas,,240.9639,4.96,-1.95,M1III,1.676,110.757542,-17.127515,213.313986,,4,Cas,1,115225,,524.8074602,
3126,115591,220599,8903,,67    Peg,,145.1379,5.56,-0.249,B9III,-0.075,121.12571,-18.725706,77.736525,,67,Peg,1,115226,,109.5468767,
3127,115623,220657,8905,,68Ups Peg,Alkarab,52.2466,4.42,0.83,F8IV,0.617,47.401961,-7.215479,20.75302,Ups,68,Peg,1,115258,,40.55085354,
3128,115669,220704,8906,,99    Aqr,,86.881,4.38,-0.315,K4III,1.46,80.412869,-12.001128,-30.628032,,99,Aqr,1,115304,,116.4126029,
3129,115713,220729,8907,,Omi Gru,,30.7692,5.53,3.089,F4V,0.409,18.4392,-2.705635,-24.483239,Omi,,Gru,1,115348,,5.062907583,
3130,115738,220825,8911,,8Kap Psc,,47.0588,4.95,1.587,A0p,0.036,46.55861,-6.764661,1.031187,Kap,8,Psc,1,115376,,20.1929607,Kap
3131,115755,220885,8913,,13    And,,91.9963,5.75,0.931,B9III,-0.007,66.685973,-9.632366,62.637871,,13,And,1,115390,,36.94877123,V388
3132,115768,220858,8912,,9    Psc,,112.9944,6.26,0.995,G7III,1.013,111.820913,-16.090463,2.213783,,9,Psc,1,115403,,34.8337315,
3133,115806,220933,8915,,69    Peg,,110.6195,5.99,0.771,A0MNp...,-0.066,99.123947,-14.075168,47.042266,,69,Peg,1,115441,,42.81539943,HV
3134,115830,220954,8916,,10The Psc,,45.5373,4.27,0.978,K1III,1.062,44.814124,-6.304546,5.059407,The,10,Psc,1,115465,,35.38343568,
3135,115836,219765,8862,,Tau Oct,,149.0313,5.5,-0.366,K2III,1.278,6.483422,-0.909367,-148.887707,Tau,,Oct,1,115471,,122.0112847,
3136,115919,221115,8923,,70    Peg,,53.6193,4.54,0.893,G8III,0.939,51.82195,-7.01698,11.843245,,70,Peg,1,115554,,38.26484866,
3137,116076,221345,8930,,14    And,Veritate,79.1766,5.22,0.727,K0III,1.029,60.844885,-7.662161,50.080351,,14,And,1,115711,,44.58615279,
3138,116084,221287,,,,Poerava,55.2792,7.82,4.107,F7V,0.513,28.894288,-3.632398,-46.986336,,,Tuc,1,115718,,1.982439763,
3139,116118,221357,8932,,100    Aqr,,76.1615,6.24,1.831,F0V,0.319,70.385329,-8.735556,-27.751734,,100,Aqr,1,115752,,16.12872362,
3140,116146,221409,8934,,13    Psc,,206.6116,6.39,-0.186,K1III,1.177,205.030057,-25.211361,-3.91552,,13,Psc,1,115779,,103.3713052,
3141,116231,221507,8937,,Bet Scl,,53.3618,4.38,0.744,B9.5IVMNpe.,-0.095,41.860861,-4.959933,-32.719276,Bet,,Scl,1,115865,,43.89347855,
3142,116247,221565,8939,,101    Aqr,,90.009,4.7,-0.071,A0V,0.02,83.507895,-9.78146,-32.130963,,101,Aqr,1,115881,,92.98223906,
3143,116264,221615,8940,,71    Peg,,159.4896,5.33,-0.684,M5IIIa,1.481,146.364219,-17.020205,61.030887,,71,Peg,1,115899,,163.5309652,HW
3144,116310,221673,8943,,72    Peg,,168.3502,4.97,-1.161,K4III,1.383,142.881771,-16.308926,87.524488,,72,Peg,1,115944,,253.7464646,
3145,116323,221675,8944,,14    Psc,,64.9351,5.91,1.848,A2m,0.299,64.507173,-7.306818,-1.413795,,14,Psc,1,115957,,15.87815364,
3146,116354,221756,8947,,15    And,,80.3213,5.55,1.026,A1III,0.096,60.940765,-6.774861,51.883084,,15,And,1,115988,,33.85322128,V340
3147,116355,221758,8948,,73    Peg,,88.968,5.63,0.884,K0III:,1.042,73.737557,-8.19388,49.101255,,73,Peg,1,115989,,38.58335599,
3148,116389,221760,8949,,Iot Phe,,76.2777,4.69,0.278,A2V,0.078,55.802714,-6.092649,-51.645428,Iot,,Phe,1,116023,,67.42174676,Iot
3149,116495,221950,8954,,16    Psc,,30.9789,5.68,3.225,F6Vbwvar,0.449,30.794242,-3.183892,1.136395,,16,Psc,1,116129,,4.466835922,
3150,116584,222107,8961,GJ 9832,16Lam And,Udkadua,26.4061,3.81,1.701,G8III-IV,0.984,18.103691,-1.77795,19.141071,Lam,16,And,1,116218,,18.18025624,Lam
3151,116592,222098,8960,,74    Peg,,112.7396,6.26,1,A1V,0.025,107.40092,-10.501241,32.633284,,74,Peg,1,116226,,34.67368505,
3152,116611,222133,8963,,75    Peg,,71.3776,5.49,1.222,A1Vn,0.01,67.414776,-6.507126,22.531014,,75,Peg,1,116245,,28.2618118,KS
3153,116631,222173,8965,,17Iot And,Rasalnaqa,153.1394,4.29,-1.635,B8V,-0.083,111.002171,-10.621481,104.963685,Iot,17,And,1,116265,,392.6449354,
3154,116709,222304,8967,,18    And,,129.199,5.35,-0.206,B9V,-0.061,81.889479,-7.474551,99.652631,,18,And,1,116343,,105.2931213,
3155,116727,222404,8974,Gl 903,35Gam Cep,Errai,14.1024,3.21,2.464,K1IV,1.031,3.008186,-0.271815,13.774751,Gam,35,Cep,1,116361,,9.003264311,
3156,116737,222287,8966,,The Phe,,78.8644,6.07,1.586,A+...,0.24,53.931815,-4.845136,-57.336702,The,,Phe,1,116371,,20.21156767,
3157,116758,222345,8968,,102Ome1Aqr,,43.592,4.97,1.773,A7IV,0.257,42.091623,-3.722431,-10.709792,Ome-1,102,Aqr,1,116392,,17.01374816,
3158,116771,222368,8969,Gl 904,17Iot Psc,,13.7137,4.13,3.444,F7V,0.507,13.595494,-1.192399,1.34449,Iot,17,Psc,1,116405,,3.650900525,
3159,116805,222439,8976,,19Kap And,Kaffalmusalsala,51.6262,4.15,0.586,B9IVn,-0.071,36.792238,-3.152838,36.078346,Kap,19,And,1,116439,,50.76916259,
3160,116820,222433,8975,,Mu  Scl,,89.4454,5.3,0.542,K0III,0.965,75.52317,-6.396346,-47.495678,Mu,,Scl,1,116454,,52.86886659,
3161,116889,222547,8980,,103    Aqr,,232.0186,5.36,-1.468,K4/K5III,1.58,219.916487,-17.718388,-71.802033,,103,Aqr,1,116523,,336.6665744,
3162,116901,222574,8982,,104    Aqr,,257.0694,4.82,-2.23,G2Ib/II,0.822,243.966266,-19.453971,-78.655541,,104,Aqr,1,116535,,679.2036326,
3163,116928,222603,8984,,18Lam Psc,,32.6904,4.49,1.918,A7V,0.2,32.57453,-2.556983,1.015452,Lam,18,Psc,1,116562,,14.88675359,
3164,116971,222661,8988,GJ 9836A,105Ome2Aqr,,45.5373,4.49,1.198,B9V,-0.032,43.952667,-3.319784,-11.436173,Ome-2,105,Aqr,1,116605,GJ 9836,28.89348982,
3165,117020,222764,8991,,77    Peg,,189.7533,5.09,-1.301,M2III,1.692,186.185354,-13.531587,34.03101,,77,Peg,1,116653,,288.6689018,
3166,117073,222842,8997,,78    Peg,,68.7758,4.93,0.743,K0III,0.935,59.794903,-4.183514,33.72195,,78,Peg,1,116706,,43.93392456,
3167,117089,222847,8998,,106    Aqr,,116.144,5.24,-0.085,B9V,-0.084,110.022928,-7.59644,-36.423991,,106,Aqr,1,116722,,94.18895965,
3168,117218,223024,9002,,107    Aqr,,73.2064,5.28,0.957,F2:V+...,0.299,69.221637,-4.229112,-23.444701,,107,Aqr,1,116851,,36.07447339,
3169,117221,223047,9003,,20Psi And,,307.6923,4.97,-2.471,G5Ib,1.086,211.717898,-12.917595,222.897019,Psi,20,And,1,116854,,848.0080989,
3170,117245,223075,9004,,19    Psc,,275.4821,4.95,-2.25,C5II,2.508,274.487661,-16.317261,16.754489,,19,Psc,1,116878,,691.8309709,TX
3171,117301,223165,9008,,5Tau Cas,,53.3333,4.88,1.245,K1III,1.122,27.701517,-1.566024,45.547715,Tau,5,Cas,1,116934,,27.66941645,
3172,117315,223145,9006,,Sig Phe,,185.1852,5.18,-1.158,B3V,-0.164,118.290375,-6.57898,-142.329543,Sig,,Phe,1,116948,,253.0463049,
3173,117375,223252,9012,,20    Psc,,97.0874,5.49,0.554,G8III,0.941,96.840406,-5.099604,-4.677698,,20,Psc,1,117008,,52.28775553,
3174,117447,223385,9018,,6    Cas,,100000,5.43,-14.57,A3Ia comp,0.67,46560.95638,-2269.841308,88469.91059,,6,Cas,1,117080,,58613816.45,V566
3175,117452,223352,9016,,Del Scl,,42.1408,4.59,1.466,A0V,0.001,37.119774,-1.795041,-19.868511,Del,,Scl,1,117085,,22.57355711,
3176,117491,223438,9022,,21    Psc,,93.1099,5.77,0.925,A5m,0.167,92.995054,-4.280651,1.748692,,21,Psc,1,117124,,37.15352291,
3177,117500,223461,9025,,79    Peg,,88.3392,5.95,1.219,A2m,0.187,77.301899,-3.491139,42.614977,,79,Peg,1,117133,,28.34001006,
3178,117628,223637,9030,,80    Peg,,259.0674,5.77,-1.297,M3III,1.661,255.470409,-9.642111,41.92584,,80,Peg,1,117261,,287.6073629,HH
3179,117629,223640,9031,,108    Aqr,,97.7517,5.17,0.219,Ap Si,-0.122,92.410723,-3.487216,-31.678306,,108,Aqr,1,117262,,71.18688673,ET
3180,117683,223719,9033,,22    Psc,,229.3578,5.59,-1.213,K4II,1.527,228.917097,-8.029986,11.725358,,22,Psc,1,117315,,266.1950651,
3181,117689,223647,9032,,Gam1Oct,,81.3008,5.1,0.55,G7III,0.934,11.281767,-0.388639,-80.513431,Gam-1,,Oct,1,117321,,52.48074602,
3182,117718,223768,9036,,81Phi Peg,,141.844,5.06,-0.699,M2III,1.587,133.946842,-4.391908,46.461327,Phi,81,Peg,1,117350,,165.8059075,Phi
3183,117730,223781,9039,,82    Peg,,56.0224,5.3,1.558,A4Vn,0.186,54.974363,-1.771242,10.639006,,82,Peg,1,117362,,20.73958204,HT
3184,117761,223825,9041,,24    Psc,,137.3626,5.93,0.241,G9III,1.069,137.088954,-4.232699,-7.561219,,24,Psc,1,117393,,69.75896043,
3185,117774,223855,9042,,25    Psc,,126.2626,6.29,0.784,A1V,-0.003,126.121076,-3.809677,4.606085,,25,Psc,1,117406,,42.30580858,
3186,117863,224014,9045,,7Rho Cas,,100000,4.51,-15.49,F8Iavar,1.19,53714.73851,-1316.542429,84338.56476,Rho,7,Cas,1,117495,,136772882.6,Rho
3187,117883,,,,,Uúba,77.101,9.79,5.355,G8,0.815,61.046878,-1.419958,-47.072569,,,Scl,1,117515,,0.628058359,
3188,117927,224103,9048,,26    Psc,,127.0648,6.22,0.7,B9V,-0.066,126.070082,-2.679389,15.641532,,26,Psc,1,117559,,45.70881896,
3189,118114,224362,9061,,Gam2Oct,,93.5454,5.72,0.865,K0III,1.055,12.743713,-0.136353,-92.673439,Gam-2,,Oct,1,117746,,39.26449354,
3190,118121,224392,9062,,Eta Tuc,,47.4383,5,1.619,A1V,0.06,20.572355,-0.216822,-42.745193,Eta,,Tuc,1,117754,,19.60649667,
3191,118131,224427,9064,,84Psi Peg,,145.9854,4.63,-1.192,M3III,1.584,132.14869,-1.292351,62.022416,Psi,84,Peg,1,117763,,261.0958687,
3192,118178,224481,9065,,1    Cet,,190.8397,6.28,-0.123,K1IIICN...,1.079,183.581564,-1.31872,-52.114056,,1,Cet,1,117810,,97.54387404,
3193,118209,224533,9067,,27    Psc,,71.8907,4.88,0.597,G9III,0.93,71.751083,-0.415466,-4.458933,,27,Psc,1,117841,,50.25739801,
3194,118234,224554,9069,,Pi  Phe,,88.1057,5.13,0.405,K1III,1.121,53.334325,-0.249087,-70.128311,Pi,,Phe,1,117866,,59.97910763,
3195,118243,224572,9071,,8Sig Cas,,100000,4.88,-15.12,B1V...,-0.071,56272.85656,-243.331549,82663.81543,Sig,8,Cas,1,117875,,97274722.38,
3196,118268,224617,9072,,28Ome Psc,,31.9898,4.03,1.505,F4IV,0.419,31.760437,-0.095415,3.822824,Ome,28,Psc,1,117900,,21.77709772,
3197,118319,224693,,,,Axólotl,98.4252,8.23,3.264,G2V,0.639,90.980204,-0.040804,-37.551574,,,Cet,1,117951,,4.309233228,
3198,118322,224686,9076,,Eps Tuc,,114.4165,4.49,-0.802,B9IV,-0.075,47.307584,-0.017275,-104.178453,Eps,,Tuc,1,117954,,182.3055961,
3199,,10361,487,Gl 66A,,p Eridani,8.1466,5.8,6.245,K2 V,0.86,4.110128,1.912046,-6.7701,,,Eri,1,118084,Gl 66,0.276694165,
3200,,60178,2890,Gl 278B,66Alp Gem,Castor B,15.8053,2.85,1.856,A m,,-5.383676,12.292323,8.349873,Alp,66,Gem,2,36744,Gl 278,15.76158905,
3201,,,,GJ 3470,,Kaewkosin,23.2558,12.33,10.497,m,,-11.134861,19.461351,6.172756,,,Cnc,1,118515,,0.005510614,
3202,,,,GJ 3483,,Maru,23.2558,13.92,12.087,DQ5,0.05,-4.914249,7.951662,-21.294446,,,Vol,1,118527,,0.00127409,
3203,,,,Gl 333.2A,,Ross 686,24.5278,12.68,10.732,dM4,1.47,-17.333104,17.206472,2.240759,,,Hya,1,44135,Gl 333.2,0.00443813,
3204,,,,Gl 406,,Wolf 359,2.3906,13.45,16.557,M6,2,-2.282811,0.649334,0.292057,,,Leo,1,118720,,2.08E-05,
3205,,98231,4375,Gl 423A,53Xi  UMa,Alula Australis,10.4167,4.33,4.241,G0 Ve,0.59,-8.73089,1.610966,5.446747,Xi,53,UMa,1,118742,Gl 423,1.752265862,
3206,,98230,4374,Gl 423B,53Xi  UMa,Alula Australis B,10.4167,4.8,4.711,G0 Ve,,-8.730989,1.610983,5.446808,Xi,53,UMa,2,118742,Gl 423,1.136579975,
3207,,110380,4826,Gl 482B,29Gam Vir,,11.8301,3.52,3.155,F0 V,,-11.630574,-2.137246,-0.299172,Gam,29,Vir,2,61748,Gl 482,4.764309868,
3208,,114379,4969,Gl 501B,42Alp Com,,14.3246,5.17,4.39,F5 V,,-13.026264,-4.106054,4.313973,Alp,42,Com,2,64037,Gl 501,1.527566058,
3209,,116657,5055,GJ 3784B,79Zet UMa,,24.1546,3.95,2.035,A1 m,0.13,-12.960884,-4.971592,19.766651,Zet,79,UMa,2,118887,GJ 3784,13.36595517,
3210,,137108,5728,Gl 584B,2Eta CrB,,18.622,5.96,4.61,G2 V,,-10.163052,-12.461021,9.391168,Eta,2,CrB,2,75083,Gl 584,1.247383514,
3211,,144070,5978,GJ 9540A,Xi  Sco,Graffias,24.3309,4.84,2.909,F6 IV-V,0.45,-11.530023,-20.879358,-4.798287,Xi,,Sco,1,119058,GJ 9540,5.975854297,
3212,,144069,5977,GJ 9540B,Xi  Sco,,24.3309,5,3.069,F6 IV-V,,-11.530091,-20.87948,-4.798316,Xi,,Sco,2,119058,GJ 9540,5.157034063,
3213,,146362,6064,Gl 615.2B,17Sig CrB,,21.6873,6.72,5.039,G1 V,,-7.988329,-16.140612,12.081973,Sig,17,CrB,2,79366,Gl 615.2,0.840233514,
3214,,154906,6370,GJ 9584A,21Mu  Dra,Alrakis,23.2558,5.63,3.797,F7 V,0.47,-3.193886,-13.13167,18.925026,Mu,21,Dra,1,119127,GJ 9584,2.637545741,
3215,,155886,6402,Gl 663B,36    Oph,Guniibuu B,5.9852,5.07,6.185,K1 Ve,0.85,-1.036233,-5.250282,-2.680239,,36,Oph,2,84147,Gl 663,0.292415238,
3216,,,,GJ 1214,,Onkaria,12.9199,14.67,14.114,m,1.74,-2.493928,-12.627569,1.117419,,,Oph,1,119137,,0.00019697,
3217,,164765,6734,Gl 700.1A,69Tau Oph,,52.0291,5.24,1.659,dF3   J,0.38,0.690292,-51.492963,-7.404135,Tau,69,Oph,1,119195,Gl 700.1,18.89731054,
3218,,177475,7227,Gl 743.1B,Gam CrA,,17.8923,5,3.737,F8 V,,4.078969,-13.679989,-10.782412,Gam,,CrA,2,93530,Gl 743.1,2.78740452,
3219,,206827,8310,Gl 836.6B,78Mu 2Cyg,,22.4014,6.09,4.339,G2 V,,16.290512,-10.974411,10.773027,Mu-2,78,Cyg,2,106967,Gl 836.6,1.601031955,
3220,,212698,8545,Gl 859A,53    Aqr,,20.0803,6.21,4.696,G3 V,0.62,17.653524,-7.623008,-5.784521,,53,Aqr,1,119501,Gl 859,1.152391377,
3221,,,,Gl 866A,,EZ Aqr,3.3979,12.66,15.004,M5  e,1.98,3.069893,-1.139264,-0.895949,,,Aqr,1,119518,Gl 866,8.68E-05,
3222,,,,Gl 905,,Ross 248,3.1686,12.29,14.786,dM6  e,1.9,2.262649,-0.179022,2.205274,,,And,1,119585,,0.000106072,
3223,,93308,4210,,Eta Car,,100000,6.21,-13.79,pec,,-47802.07827,16212.6637,-86325.60946,Eta,,Car,1,119625,,28575905.43,
